Mar-20 04:55:02.269 [main] DEBUG nextflow.cli.Launcher - $> nextflow run nf-core/rnaseq -r 3.14.0 -profile test_full,docker --aligner hisat2 --max_cpus 8 --max_memory 30.GB --outdir /root/rnaseq-bench/results_hisat2_picard -w /mnt/data/work
Mar-20 04:55:02.318 [main] DEBUG nextflow.cli.CmdRun - N E X T F L O W  ~  version 25.10.4
Mar-20 04:55:02.344 [main] DEBUG nextflow.plugin.PluginsFacade - Setting up plugin manager > mode=prod; embedded=false; plugins-dir=/root/rnaseq-bench/.nextflow/plugins; core-plugins: nf-amazon@3.4.4,nf-azure@1.20.2,nf-cloudcache@0.5.0,nf-codecommit@0.5.0,nf-console@1.3.0,nf-google@1.23.5,nf-k8s@1.2.2,nf-tower@1.17.5,nf-wave@1.16.1
Mar-20 04:55:02.364 [main] INFO  o.pf4j.DefaultPluginStatusProvider - Enabled plugins: []
Mar-20 04:55:02.365 [main] INFO  o.pf4j.DefaultPluginStatusProvider - Disabled plugins: []
Mar-20 04:55:02.367 [main] INFO  org.pf4j.DefaultPluginManager - PF4J version 3.12.0 in 'deployment' mode
Mar-20 04:55:02.380 [main] DEBUG nextflow.util.RetryConfig - Missing nextflow session - using default retry config
Mar-20 04:55:02.483 [main] INFO  org.pf4j.AbstractPluginManager - No plugins
Mar-20 04:55:02.492 [main] DEBUG nextflow.scm.ProviderConfig - Using SCM config path: /root/rnaseq-bench/.nextflow/scm
Mar-20 04:55:02.519 [main] DEBUG nextflow.scm.RepositoryFactory - Found Git repository result: [RepositoryFactory]
Mar-20 04:55:02.527 [main] INFO  nextflow.cli.CmdRun - Pulling nf-core/rnaseq ...
Mar-20 04:55:02.529 [main] DEBUG nextflow.scm.RepositoryProvider - Request [credentials -:-] -> https://api.github.com/repos/nf-core/rnaseq/contents/nextflow.config?ref=3.14.0
Mar-20 04:55:03.639 [main] DEBUG nextflow.scm.RepositoryProvider - Request [credentials -:-] -> https://api.github.com/repos/nf-core/rnaseq/contents/main.nf?ref=3.14.0
Mar-20 04:55:03.813 [main] DEBUG nextflow.scm.RepositoryProvider - Request [credentials -:-] -> https://api.github.com/repos/nf-core/rnaseq
Mar-20 04:55:04.002 [main] DEBUG nextflow.scm.AssetManager - Pulling nf-core/rnaseq -- Using remote clone url: https://github.com/nf-core/rnaseq.git
Mar-20 04:55:13.364 [main] INFO  nextflow.cli.CmdRun -  downloaded from https://github.com/nf-core/rnaseq.git
Mar-20 04:55:13.439 [main] DEBUG nextflow.config.ConfigBuilder - Found config base: /root/rnaseq-bench/.nextflow/assets/nf-core/rnaseq/nextflow.config
Mar-20 04:55:13.440 [main] DEBUG nextflow.config.ConfigBuilder - Parsing config file: /root/rnaseq-bench/.nextflow/assets/nf-core/rnaseq/nextflow.config
Mar-20 04:55:13.453 [main] DEBUG nextflow.config.ConfigBuilder - Applying config profile: `test_full,docker`
Mar-20 04:55:14.963 [main] DEBUG nextflow.config.ConfigBuilder - Available config profiles: [bih, cfc_dev, uzl_omics, ifb_core, embl_hd, denbi_qbic, alice, mjolnir_globe, uppmax, giga, incliva, ilifu, ki_luria, uge, icr_alma, rosalind_uge, lugh, mccleary, unibe_ibu, vai, czbiohub_aws, jax, roslin, iris, tes, scw, unc_longleaf, tigem, tubingen_apg, apollo, ipop_up, vsc_calcua, pdc_kth, ceci_nic5, ccga_cau, humantechnopole, stjude, daisybio, eddie, medair, biowulf, apptainer, bi, bigpurple, test_full_gcp, adcra, cedars, pawsey_setonix, vsc_kul_uhasselt, pawsey_nimbus, rki, ucl_myriad, utd_ganymede, charliecloud, fred_hutch, seattlechildrens, icr_davros, ceres, munin, arm, rosalind, hasta, cfc, uzh, test_full_aws, shu_bmrc, ebi_codon_slurm, ebc, ccga_dx, crick, ku_sund_danhead, marvin, lrz_cm4, biohpc_gen, shifter, mana, mamba, york_viking, unc_lccc, wehi, awsbatch, wustl_htcf, arcc, ceci_dragon2, imperial, maestro, software_license, cannon, genotoul, nci_gadi, abims, eva_grace, janelia, nu_genomics, googlebatch, oist, sahmri, kaust, alliance_canada, mpcdf, leicester, vsc_ugent, create, sage, cambridge, jex, podman, ebi_codon, cheaha, xanadu, nyu_hpc, test, marjorie, computerome, ucd_sonic, seg_globe, mssm, sanger, dkfz, bluebear, pasteur, einstein, ethz_euler, m3c, test_full, imb, ucl_cscluster, tuos_stanage, azurebatch, seadragon, crukmi, csiro_petrichor, qmul_apocrita, docker, engaging, gis, hypatia, psmn, test_full_azure, eva, unity, cropdiversityhpc, nygc, fgcz, conda, crg, singularity, mpcdf_viper, dirac, self_hosted_runner, tufts, uw_hyak_pedslabs, binac2, utd_sysbio, hki_genie, debug, genouest, cbe, unsw_katana, utd_juno, test_cache, phoenix, gitpod, seawulf, uod_hpc, fub_curta, lovelace, uct_hpc, aws_tower, fsu_draco]
Mar-20 04:55:14.990 [main] DEBUG nextflow.plugin.PluginsFacade - Plugins declared=[nf-validation@1.1.3]
Mar-20 04:55:14.991 [main] DEBUG nextflow.plugin.PluginsFacade - Plugins default=[]
Mar-20 04:55:14.991 [main] DEBUG nextflow.plugin.PluginsFacade - Plugins resolved requirement=[nf-validation@1.1.3]
Mar-20 04:55:15.211 [main] DEBUG n.plugin.HttpPluginRepository - Registry request: https://registry.nextflow.io/api/v1/plugins/dependencies?plugins=nf-validation%401.1.3&nextflowVersion=25.10.4
- code: 200
- body: {"plugins":[{"id":"nf-validation","releases":[{"version":"1.1.3","url":"https://registry.nextflow.io/api/v1/plugins/nf-validation/1.1.3/download/nf-validation-1.1.3.zip","date":"2023-11-21T10:34:48.682432Z","sha512sum":"673e998b83f21315b1f465d3d1609806428518955c174155a1e14a1c410ed9e7c84034b849780567a1a6254f8e6b9bdbb87b1939e5a8f754ff2268e5809bf77e","requires":">=22.10.0","dependsOn":[],"status":"PUBLISHED"}],"projectUrl":"https://github.com/nextflow-io/nf-validation","provider":"nextflow"}]}
Mar-20 04:55:15.267 [main] DEBUG nextflow.plugin.PluginUpdater - Installing plugin nf-validation version: 1.1.3
Mar-20 04:55:15.273 [main] INFO  nextflow.plugin.PluginUpdater - Downloading plugin nf-validation@1.1.3
Mar-20 04:55:16.550 [main] INFO  org.pf4j.util.FileUtils - Expanded plugin zip 'nf-validation-1.1.3.zip' in 'nf-validation-1.1.3'
Mar-20 04:55:16.551 [main] DEBUG nextflow.plugin.PluginUpdater - Failed atomic move for plugin /mnt/data/tmp/pf4j-update-downloader10831294890049894864/nf-validation-1.1.3 -> /root/rnaseq-bench/.nextflow/plugins/nf-validation-1.1.3 - Reason: /mnt/data/tmp/pf4j-update-downloader10831294890049894864/nf-validation-1.1.3 -> /root/rnaseq-bench/.nextflow/plugins/nf-validation-1.1.3: Invalid cross-device link - Fallback on safe move
Mar-20 04:55:16.564 [main] INFO  org.pf4j.AbstractPluginManager - Plugin 'nf-validation@1.1.3' resolved
Mar-20 04:55:16.564 [main] INFO  org.pf4j.AbstractPluginManager - Start plugin 'nf-validation@1.1.3'
Mar-20 04:55:16.569 [main] DEBUG nextflow.plugin.BasePlugin - Plugin started nf-validation@1.1.3
Mar-20 04:55:16.572 [main] DEBUG n.secret.LocalSecretsProvider - Secrets store: /root/rnaseq-bench/.nextflow/secrets/store.json
Mar-20 04:55:16.574 [main] DEBUG nextflow.secret.SecretsLoader - Discovered secrets providers: [nextflow.secret.LocalSecretsProvider@6f6f65a4] - activable => nextflow.secret.LocalSecretsProvider@6f6f65a4
Mar-20 04:55:16.575 [main] DEBUG nextflow.cli.CmdRun - Applied DSL=2 from script declaration
Mar-20 04:55:16.575 [main] DEBUG nextflow.cli.CmdRun - Launching `https://github.com/nf-core/rnaseq` [elegant_albattani] DSL2 - revision: b89fac3265 [3.14.0]
Mar-20 04:55:16.609 [main] DEBUG nextflow.Session - Session UUID: 1f4de637-af79-4439-9bfc-d3eabf7af931
Mar-20 04:55:16.610 [main] DEBUG nextflow.Session - Run name: elegant_albattani
Mar-20 04:55:16.610 [main] DEBUG nextflow.Session - Executor pool size: 8
Mar-20 04:55:16.615 [main] DEBUG nextflow.file.FilePorter - File porter settings maxRetries=3; maxTransfers=50; pollTimeout=null
Mar-20 04:55:16.618 [main] DEBUG nextflow.util.ThreadPoolBuilder - Creating thread pool 'FileTransfer' minSize=10; maxSize=24; workQueue=LinkedBlockingQueue[-1]; allowCoreThreadTimeout=false
Mar-20 04:55:16.628 [main] DEBUG nextflow.cli.CmdRun - 
  Version: 25.10.4 build 11173
  Created: 10-02-2026 15:17 UTC 
  System: Linux 6.8.0-90-generic
  Runtime: Groovy 4.0.28 on OpenJDK 64-Bit Server VM 21.0.10+7-Ubuntu-124.04
  Encoding: UTF-8 (UTF-8)
  Process: 4814@ubuntu-32gb-rna [127.0.1.1]
  CPUs: 8 - Mem: 30.6 GB (28.2 GB) - Swap: 0 (0)
Mar-20 04:55:16.639 [main] DEBUG nextflow.Session - Work-dir: /mnt/data/work [ext2/ext3]
Mar-20 04:55:16.656 [main] DEBUG nextflow.executor.ExecutorFactory - Extension executors providers=[]
Mar-20 04:55:16.662 [main] DEBUG nextflow.Session - Observer factory (v2): LinObserverFactory
Mar-20 04:55:16.664 [main] DEBUG nextflow.Session - Observer factory (v2): DefaultObserverFactory
Mar-20 04:55:16.705 [main] DEBUG nextflow.cache.CacheFactory - Using Nextflow cache factory: nextflow.cache.DefaultCacheFactory
Mar-20 04:55:16.712 [main] DEBUG nextflow.util.CustomThreadPool - Creating default thread pool > poolSize: 9; maxThreads: 1000
Mar-20 04:55:16.767 [main] DEBUG nextflow.Session - Session start
Mar-20 04:55:16.772 [main] DEBUG nextflow.trace.TraceFileObserver - Workflow started -- trace file: /root/rnaseq-bench/results_hisat2_picard/pipeline_info/execution_trace_2026-03-20_04-55-14.txt
Mar-20 04:55:16.775 [main] DEBUG nextflow.Session - Using default localLib path: /root/rnaseq-bench/.nextflow/assets/nf-core/rnaseq/lib
Mar-20 04:55:16.778 [main] DEBUG nextflow.Session - Adding to the classpath library: /root/rnaseq-bench/.nextflow/assets/nf-core/rnaseq/lib
Mar-20 04:55:16.778 [main] DEBUG nextflow.Session - Adding to the classpath library: /root/rnaseq-bench/.nextflow/assets/nf-core/rnaseq/lib/nfcore_external_java_deps.jar
Mar-20 04:55:17.006 [main] DEBUG nextflow.script.ScriptRunner - > Launching execution
Mar-20 04:55:17.013 [main] DEBUG nextflow.script.IncludeDef - Loading included plugin extensions with names: [validateParameters:validateParameters, paramsHelp:paramsHelp]; plugin Id: nf-validation
Mar-20 04:55:17.023 [main] DEBUG nextflow.validation.SchemaValidator - Starting parameters validation
Mar-20 04:55:17.041 [main] DEBUG nextflow.validation.SchemaValidator - Ignoring validation of S3 URL path 's3://ngi-igenomes/igenomes/Homo_sapiens/Ensembl/GRCh37/Sequence/STARIndex/'
Mar-20 04:55:17.041 [main] DEBUG nextflow.validation.SchemaValidator - Ignoring validation of S3 URL path 's3://ngi-igenomes/igenomes/Homo_sapiens/Ensembl/GRCh37/Annotation/Genes/genes.bed'
Mar-20 04:55:17.041 [main] DEBUG nextflow.validation.SchemaValidator - Ignoring validation of S3 URL path 's3://ngi-igenomes/igenomes/Homo_sapiens/Ensembl/GRCh37/Annotation/Genes/genes.gtf'
Mar-20 04:55:17.041 [main] DEBUG nextflow.validation.SchemaValidator - Ignoring validation of S3 URL path 's3://ngi-igenomes/igenomes/Homo_sapiens/Ensembl/GRCh37/Sequence/WholeGenomeFasta/genome.fa'
Mar-20 04:55:17.349 [main] DEBUG n.validation.FilePathValidator - S3 paths are not supported by 'FilePathValidator': 's3://ngi-igenomes/igenomes/Homo_sapiens/Ensembl/GRCh37/Annotation/Genes/genes.bed'
Mar-20 04:55:17.349 [main] DEBUG n.validation.FilePathValidator - S3 paths are not supported by 'FilePathValidator': 's3://ngi-igenomes/igenomes/Homo_sapiens/Ensembl/GRCh37/Sequence/WholeGenomeFasta/genome.fa'
Mar-20 04:55:17.349 [main] DEBUG nextflow.validation.PathValidator - S3 paths are not supported by 'PathValidator': 's3://ngi-igenomes/igenomes/Homo_sapiens/Ensembl/GRCh37/Sequence/STARIndex/'
Mar-20 04:55:17.349 [main] DEBUG n.validation.DirectoryPathValidator - S3 paths are not supported by 'DirectoryPathValidator': 's3://ngi-igenomes/igenomes'
Mar-20 04:55:17.349 [main] DEBUG n.validation.FilePathValidator - S3 paths are not supported by 'FilePathValidator': 's3://ngi-igenomes/igenomes/Homo_sapiens/Ensembl/GRCh37/Annotation/Genes/genes.gtf'
Mar-20 04:55:17.351 [main] DEBUG nextflow.validation.SchemaValidator - Starting validation: 'input': '/nf-core/test-datasets/rnaseq/samplesheet/v3.10/samplesheet_full.csv' with '/root/rnaseq-bench/.nextflow/assets/nf-core/rnaseq/assets/schema_input.json'
Mar-20 04:55:17.398 [main] DEBUG nextflow.validation.SchemaValidator - Ignoring validation of S3 URL path 's3://ngi-igenomes/test-data/rnaseq/SRX1603629_T1_2.fastq.gz'
Mar-20 04:55:17.398 [main] DEBUG nextflow.validation.SchemaValidator - Ignoring validation of S3 URL path 's3://ngi-igenomes/test-data/rnaseq/SRX1603630_T1_2.fastq.gz'
Mar-20 04:55:17.398 [main] DEBUG nextflow.validation.SchemaValidator - Ignoring validation of S3 URL path 's3://ngi-igenomes/test-data/rnaseq/SRX1603392_T1_2.fastq.gz'
Mar-20 04:55:17.398 [main] DEBUG nextflow.validation.SchemaValidator - Ignoring validation of S3 URL path 's3://ngi-igenomes/test-data/rnaseq/SRX1603393_T1_2.fastq.gz'
Mar-20 04:55:17.398 [main] DEBUG nextflow.validation.SchemaValidator - Ignoring validation of S3 URL path 's3://ngi-igenomes/test-data/rnaseq/SRX2370490_T1_2.fastq.gz'
Mar-20 04:55:17.398 [main] DEBUG nextflow.validation.SchemaValidator - Ignoring validation of S3 URL path 's3://ngi-igenomes/test-data/rnaseq/SRX2370491_T1_2.fastq.gz'
Mar-20 04:55:17.398 [main] DEBUG nextflow.validation.SchemaValidator - Ignoring validation of S3 URL path 's3://ngi-igenomes/test-data/rnaseq/SRX2370468_T1_2.fastq.gz'
Mar-20 04:55:17.398 [main] DEBUG nextflow.validation.SchemaValidator - Ignoring validation of S3 URL path 's3://ngi-igenomes/test-data/rnaseq/SRX2370469_T1_2.fastq.gz'
Mar-20 04:55:17.398 [main] DEBUG nextflow.validation.SchemaValidator - Ignoring validation of S3 URL path 's3://ngi-igenomes/test-data/rnaseq/SRX1603629_T1_1.fastq.gz'
Mar-20 04:55:17.398 [main] DEBUG nextflow.validation.SchemaValidator - Ignoring validation of S3 URL path 's3://ngi-igenomes/test-data/rnaseq/SRX1603630_T1_1.fastq.gz'
Mar-20 04:55:17.398 [main] DEBUG nextflow.validation.SchemaValidator - Ignoring validation of S3 URL path 's3://ngi-igenomes/test-data/rnaseq/SRX1603392_T1_1.fastq.gz'
Mar-20 04:55:17.398 [main] DEBUG nextflow.validation.SchemaValidator - Ignoring validation of S3 URL path 's3://ngi-igenomes/test-data/rnaseq/SRX1603393_T1_1.fastq.gz'
Mar-20 04:55:17.398 [main] DEBUG nextflow.validation.SchemaValidator - Ignoring validation of S3 URL path 's3://ngi-igenomes/test-data/rnaseq/SRX2370490_T1_1.fastq.gz'
Mar-20 04:55:17.398 [main] DEBUG nextflow.validation.SchemaValidator - Ignoring validation of S3 URL path 's3://ngi-igenomes/test-data/rnaseq/SRX2370491_T1_1.fastq.gz'
Mar-20 04:55:17.399 [main] DEBUG nextflow.validation.SchemaValidator - Ignoring validation of S3 URL path 's3://ngi-igenomes/test-data/rnaseq/SRX2370468_T1_1.fastq.gz'
Mar-20 04:55:17.399 [main] DEBUG nextflow.validation.SchemaValidator - Ignoring validation of S3 URL path 's3://ngi-igenomes/test-data/rnaseq/SRX2370469_T1_1.fastq.gz'
Mar-20 04:55:17.399 [main] DEBUG n.validation.FilePathValidator - S3 paths are not supported by 'FilePathValidator': 's3://ngi-igenomes/test-data/rnaseq/SRX1603629_T1_2.fastq.gz'
Mar-20 04:55:17.399 [main] DEBUG n.validation.FilePathValidator - S3 paths are not supported by 'FilePathValidator': 's3://ngi-igenomes/test-data/rnaseq/SRX1603629_T1_1.fastq.gz'
Mar-20 04:55:17.400 [main] DEBUG n.validation.FilePathValidator - S3 paths are not supported by 'FilePathValidator': 's3://ngi-igenomes/test-data/rnaseq/SRX1603630_T1_2.fastq.gz'
Mar-20 04:55:17.400 [main] DEBUG n.validation.FilePathValidator - S3 paths are not supported by 'FilePathValidator': 's3://ngi-igenomes/test-data/rnaseq/SRX1603630_T1_1.fastq.gz'
Mar-20 04:55:17.400 [main] DEBUG n.validation.FilePathValidator - S3 paths are not supported by 'FilePathValidator': 's3://ngi-igenomes/test-data/rnaseq/SRX1603392_T1_2.fastq.gz'
Mar-20 04:55:17.400 [main] DEBUG n.validation.FilePathValidator - S3 paths are not supported by 'FilePathValidator': 's3://ngi-igenomes/test-data/rnaseq/SRX1603392_T1_1.fastq.gz'
Mar-20 04:55:17.400 [main] DEBUG n.validation.FilePathValidator - S3 paths are not supported by 'FilePathValidator': 's3://ngi-igenomes/test-data/rnaseq/SRX1603393_T1_2.fastq.gz'
Mar-20 04:55:17.400 [main] DEBUG n.validation.FilePathValidator - S3 paths are not supported by 'FilePathValidator': 's3://ngi-igenomes/test-data/rnaseq/SRX1603393_T1_1.fastq.gz'
Mar-20 04:55:17.400 [main] DEBUG n.validation.FilePathValidator - S3 paths are not supported by 'FilePathValidator': 's3://ngi-igenomes/test-data/rnaseq/SRX2370490_T1_2.fastq.gz'
Mar-20 04:55:17.400 [main] DEBUG n.validation.FilePathValidator - S3 paths are not supported by 'FilePathValidator': 's3://ngi-igenomes/test-data/rnaseq/SRX2370490_T1_1.fastq.gz'
Mar-20 04:55:17.400 [main] DEBUG n.validation.FilePathValidator - S3 paths are not supported by 'FilePathValidator': 's3://ngi-igenomes/test-data/rnaseq/SRX2370491_T1_2.fastq.gz'
Mar-20 04:55:17.400 [main] DEBUG n.validation.FilePathValidator - S3 paths are not supported by 'FilePathValidator': 's3://ngi-igenomes/test-data/rnaseq/SRX2370491_T1_1.fastq.gz'
Mar-20 04:55:17.400 [main] DEBUG n.validation.FilePathValidator - S3 paths are not supported by 'FilePathValidator': 's3://ngi-igenomes/test-data/rnaseq/SRX2370468_T1_2.fastq.gz'
Mar-20 04:55:17.400 [main] DEBUG n.validation.FilePathValidator - S3 paths are not supported by 'FilePathValidator': 's3://ngi-igenomes/test-data/rnaseq/SRX2370468_T1_1.fastq.gz'
Mar-20 04:55:17.400 [main] DEBUG n.validation.FilePathValidator - S3 paths are not supported by 'FilePathValidator': 's3://ngi-igenomes/test-data/rnaseq/SRX2370469_T1_2.fastq.gz'
Mar-20 04:55:17.400 [main] DEBUG n.validation.FilePathValidator - S3 paths are not supported by 'FilePathValidator': 's3://ngi-igenomes/test-data/rnaseq/SRX2370469_T1_1.fastq.gz'
Mar-20 04:55:17.400 [main] DEBUG nextflow.validation.SchemaValidator - Validation passed: 'input': '/nf-core/test-datasets/rnaseq/samplesheet/v3.10/samplesheet_full.csv' with '/root/rnaseq-bench/.nextflow/assets/nf-core/rnaseq/assets/schema_input.json'
Mar-20 04:55:17.400 [main] DEBUG nextflow.validation.SchemaValidator - Finishing parameters validation
Mar-20 04:55:17.952 [main] DEBUG nextflow.script.IncludeDef - Loading included plugin extensions with names: [paramsSummaryLog:paramsSummaryLog, paramsSummaryMap:paramsSummaryMap, fromSamplesheet:fromSamplesheet]; plugin Id: nf-validation
Mar-20 04:55:17.968 [main] INFO  nextflow.Nextflow - 

-[2m----------------------------------------------------[0m-
                                        [0;32m,--.[0;30m/[0;32m,-.[0m
[0;34m        ___     __   __   __   ___     [0;32m/,-._.--~'[0m
[0;34m  |\ | |__  __ /  ` /  \ |__) |__         [0;33m}  {[0m
[0;34m  | \| |       \__, \__/ |  \ |___     [0;32m\`-._,-`-,[0m
                                        [0;32m`._,._,'[0m
[0;35m  nf-core/rnaseq v3.14.0-gb89fac3[0m
-[2m----------------------------------------------------[0m-
[1mCore Nextflow options[0m
  [0;34mrevision                  : [0;32m3.14.0[0m
  [0;34mrunName                   : [0;32melegant_albattani[0m
  [0;34mcontainerEngine           : [0;32mdocker[0m
  [0;34mlaunchDir                 : [0;32m/root/rnaseq-bench[0m
  [0;34mworkDir                   : [0;32m/mnt/data/work[0m
  [0;34mprojectDir                : [0;32m/root/rnaseq-bench/.nextflow/assets/nf-core/rnaseq[0m
  [0;34muserName                  : [0;32mroot[0m
  [0;34mprofile                   : [0;32mtest_full,docker[0m
  [0;34mconfigFiles               : [0;32m[0m

[1mInput/output options[0m
  [0;34minput                     : [0;32mhttps://raw.githubusercontent.com/nf-core/test-datasets/rnaseq/samplesheet/v3.10/samplesheet_full.csv[0m
  [0;34moutdir                    : [0;32m/root/rnaseq-bench/results_hisat2_picard[0m

[1mReference genome options[0m
  [0;34mgenome                    : [0;32mGRCh37[0m
  [0;34mfasta                     : [0;32ms3://ngi-igenomes/igenomes/Homo_sapiens/Ensembl/GRCh37/Sequence/WholeGenomeFasta/genome.fa[0m
  [0;34mgtf                       : [0;32ms3://ngi-igenomes/igenomes/Homo_sapiens/Ensembl/GRCh37/Annotation/Genes/genes.gtf[0m
  [0;34mgene_bed                  : [0;32ms3://ngi-igenomes/igenomes/Homo_sapiens/Ensembl/GRCh37/Annotation/Genes/genes.bed[0m
  [0;34mstar_index                : [0;32ms3://ngi-igenomes/igenomes/Homo_sapiens/Ensembl/GRCh37/Sequence/STARIndex/[0m

[1mAlignment options[0m
  [0;34maligner                   : [0;32mhisat2[0m
  [0;34mpseudo_aligner            : [0;32msalmon[0m
  [0;34mmin_mapped_reads          : [0;32m5[0m

[1mInstitutional config options[0m
  [0;34mconfig_profile_name       : [0;32mFull test profile[0m
  [0;34mconfig_profile_description: [0;32mFull test dataset to check pipeline function[0m

[1mMax job request options[0m
  [0;34mmax_cpus                  : [0;32m8[0m
  [0;34mmax_memory                : [0;32m30.GB[0m

!! Only displaying parameters that differ from the pipeline defaults !!
-[2m----------------------------------------------------[0m-
If you use nf-core/rnaseq for your analysis please cite:

* The pipeline
  https://doi.org/10.5281/zenodo.1400710

* The nf-core framework
  https://doi.org/10.1038/s41587-020-0439-x

* Software dependencies
  https://github.com/nf-core/rnaseq/blob/master/CITATIONS.md

Mar-20 04:55:18.017 [main] DEBUG n.plugin.HttpPluginRepository - Registry request: https://registry.nextflow.io/api/v1/plugins/dependencies?plugins=nf-amazon%403.4.4&nextflowVersion=25.10.4
- code: 200
- body: {"plugins":[{"id":"nf-amazon","releases":[{"version":"3.4.4","url":"https://registry.nextflow.io/api/v1/plugins/nf-amazon/3.4.4/download/nf-amazon-3.4.4.zip","date":"2026-02-10T15:21:20.535204Z","sha512sum":"76c37dc3b526e6d06b7fb5c171cd0679da4a5f7c6545eb16fba4ca5e7d812c60f555fb7a71718955a93aa02a22fec73b0e220ca0998725a0dbda0333b0f106ac","requires":">=25.09.2-edge","dependsOn":[],"status":"PUBLISHED"}],"projectUrl":"https://github.com/nextflow-io/nf-amazon","provider":"nextflow-io"}]}
Mar-20 04:55:18.018 [main] DEBUG nextflow.plugin.PluginUpdater - Installing plugin nf-amazon version: 3.4.4
Mar-20 04:55:18.019 [main] INFO  nextflow.plugin.PluginUpdater - Downloading plugin nf-amazon@3.4.4
Mar-20 04:55:19.775 [main] INFO  org.pf4j.util.FileUtils - Expanded plugin zip 'nf-amazon-3.4.4.zip' in 'nf-amazon-3.4.4'
Mar-20 04:55:19.775 [main] DEBUG nextflow.plugin.PluginUpdater - Failed atomic move for plugin /mnt/data/tmp/pf4j-update-downloader1078638126050978990/nf-amazon-3.4.4 -> /root/rnaseq-bench/.nextflow/plugins/nf-amazon-3.4.4 - Reason: /mnt/data/tmp/pf4j-update-downloader1078638126050978990/nf-amazon-3.4.4 -> /root/rnaseq-bench/.nextflow/plugins/nf-amazon-3.4.4: Invalid cross-device link - Fallback on safe move
Mar-20 04:55:19.855 [main] INFO  org.pf4j.AbstractPluginManager - Plugin 'nf-amazon@3.4.4' resolved
Mar-20 04:55:19.855 [main] INFO  org.pf4j.AbstractPluginManager - Start plugin 'nf-amazon@3.4.4'
Mar-20 04:55:19.869 [main] DEBUG nextflow.plugin.BasePlugin - Plugin started nf-amazon@3.4.4
Mar-20 04:55:19.877 [main] DEBUG nextflow.file.FileHelper - > Added 'S3FileSystemProvider' to list of installed providers [s3]
Mar-20 04:55:19.878 [main] DEBUG nextflow.file.FileHelper - Started plugin 'nf-amazon' required to handle file: s3://ngi-igenomes/igenomes/Homo_sapiens/Ensembl/GRCh37/Sequence/WholeGenomeFasta/genome.fa
Mar-20 04:55:19.883 [main] DEBUG nextflow.file.FileHelper - Creating a file system instance for provider: S3FileSystemProvider; config=[:]
Mar-20 04:55:19.891 [main] DEBUG nextflow.cloud.aws.config.AwsConfig - AWS S3 config properties: {max_error_retry=5}
Mar-20 04:55:19.971 [main] DEBUG nextflow.cloud.aws.AwsClientFactory - No AWS credentials available - falling back to anonymous access
Mar-20 04:55:20.654 [main] DEBUG nextflow.cloud.aws.nio.S3Client - Unable to fetch caller account - (Service: S3, Status Code: 307, Request ID: 5781CHKH643KRXWA, Extended Request ID: oXLCrN0K0r1fId7XWPNLEC2yPjlb5tWaV3bRrUQqXcTRkQUXyVpmiSrFvxeRxKdGkwUk7hYdYS4=) (SDK Attempt Count: 1) 
Mar-20 04:55:24.686 [main] DEBUG n.script.dsl.ProcessConfigBuilder - Config settings `withName:GTF_FILTER` matches process NFCORE_RNASEQ:RNASEQ:PREPARE_GENOME:GTF_FILTER
Mar-20 04:55:24.691 [main] DEBUG nextflow.executor.ExecutorFactory - << taskConfig executor: null
Mar-20 04:55:24.692 [main] DEBUG nextflow.executor.ExecutorFactory - >> processorType: 'local'
Mar-20 04:55:24.700 [main] DEBUG nextflow.executor.Executor - [warm up] executor > local
Mar-20 04:55:24.705 [main] DEBUG n.processor.LocalPollingMonitor - Creating local task monitor for executor 'local' > cpus=8; memory=30.6 GB; capacity=8; pollInterval=100ms; dumpInterval=5m
Mar-20 04:55:24.707 [main] DEBUG n.processor.TaskPollingMonitor - >>> barrier register (monitor: local)
Mar-20 04:55:24.722 [main] DEBUG nextflow.processor.TaskProcessor - Creating process 'NFCORE_RNASEQ:RNASEQ:PREPARE_GENOME:GTF_FILTER': maxForks=0; fair=false; array=0
Mar-20 04:55:24.758 [main] DEBUG n.script.dsl.ProcessConfigBuilder - Config settings `withLabel:process_high` matches labels `process_high` for process with name NFCORE_RNASEQ:RNASEQ:PREPARE_GENOME:MAKE_TRANSCRIPTS_FASTA
Mar-20 04:55:24.760 [main] DEBUG n.script.dsl.ProcessConfigBuilder - Config settings `withName:GUNZIP_.*|MAKE_TRANSCRIPTS_FASTA` matches process NFCORE_RNASEQ:RNASEQ:PREPARE_GENOME:MAKE_TRANSCRIPTS_FASTA
Mar-20 04:55:24.763 [main] DEBUG nextflow.executor.ExecutorFactory - << taskConfig executor: null
Mar-20 04:55:24.763 [main] DEBUG nextflow.executor.ExecutorFactory - >> processorType: 'local'
Mar-20 04:55:24.764 [main] DEBUG nextflow.processor.TaskProcessor - Creating process 'NFCORE_RNASEQ:RNASEQ:PREPARE_GENOME:MAKE_TRANSCRIPTS_FASTA': maxForks=0; fair=false; array=0
Mar-20 04:55:24.773 [main] DEBUG n.script.dsl.ProcessConfigBuilder - Config settings `withLabel:process_single` matches labels `process_single` for process with name NFCORE_RNASEQ:RNASEQ:PREPARE_GENOME:CUSTOM_GETCHROMSIZES
Mar-20 04:55:24.774 [main] DEBUG n.script.dsl.ProcessConfigBuilder - Config settings `withName:CUSTOM_GETCHROMSIZES` matches process NFCORE_RNASEQ:RNASEQ:PREPARE_GENOME:CUSTOM_GETCHROMSIZES
Mar-20 04:55:24.776 [main] DEBUG nextflow.executor.ExecutorFactory - << taskConfig executor: null
Mar-20 04:55:24.776 [main] DEBUG nextflow.executor.ExecutorFactory - >> processorType: 'local'
Mar-20 04:55:24.776 [main] DEBUG nextflow.processor.TaskProcessor - Creating process 'NFCORE_RNASEQ:RNASEQ:PREPARE_GENOME:CUSTOM_GETCHROMSIZES': maxForks=0; fair=false; array=0
Mar-20 04:55:24.786 [main] DEBUG n.script.dsl.ProcessConfigBuilder - Config settings `withLabel:process_medium` matches labels `process_medium` for process with name NFCORE_RNASEQ:RNASEQ:PREPARE_GENOME:HISAT2_EXTRACTSPLICESITES
Mar-20 04:55:24.786 [main] DEBUG n.script.dsl.ProcessConfigBuilder - Config settings `withName:HISAT2_EXTRACTSPLICESITES` matches process NFCORE_RNASEQ:RNASEQ:PREPARE_GENOME:HISAT2_EXTRACTSPLICESITES
Mar-20 04:55:24.789 [main] DEBUG nextflow.executor.ExecutorFactory - << taskConfig executor: null
Mar-20 04:55:24.789 [main] DEBUG nextflow.executor.ExecutorFactory - >> processorType: 'local'
Mar-20 04:55:24.790 [main] DEBUG nextflow.processor.TaskProcessor - Creating process 'NFCORE_RNASEQ:RNASEQ:PREPARE_GENOME:HISAT2_EXTRACTSPLICESITES': maxForks=0; fair=false; array=0
Mar-20 04:55:24.797 [main] DEBUG n.script.dsl.ProcessConfigBuilder - Config settings `withLabel:process_high` matches labels `process_high,process_high_memory` for process with name NFCORE_RNASEQ:RNASEQ:PREPARE_GENOME:HISAT2_BUILD
Mar-20 04:55:24.797 [main] DEBUG n.script.dsl.ProcessConfigBuilder - Config settings `withLabel:process_high_memory` matches labels `process_high,process_high_memory` for process with name NFCORE_RNASEQ:RNASEQ:PREPARE_GENOME:HISAT2_BUILD
Mar-20 04:55:24.798 [main] DEBUG n.script.dsl.ProcessConfigBuilder - Config settings `withName:UNTAR_.*|STAR_GENOMEGENERATE|STAR_GENOMEGENERATE_IGENOMES|HISAT2_BUILD` matches process NFCORE_RNASEQ:RNASEQ:PREPARE_GENOME:HISAT2_BUILD
Mar-20 04:55:24.800 [main] DEBUG nextflow.executor.ExecutorFactory - << taskConfig executor: null
Mar-20 04:55:24.800 [main] DEBUG nextflow.executor.ExecutorFactory - >> processorType: 'local'
Mar-20 04:55:24.801 [main] DEBUG nextflow.processor.TaskProcessor - Creating process 'NFCORE_RNASEQ:RNASEQ:PREPARE_GENOME:HISAT2_BUILD': maxForks=0; fair=false; array=0
Mar-20 04:55:24.807 [main] DEBUG n.script.dsl.ProcessConfigBuilder - Config settings `withLabel:process_medium` matches labels `process_medium` for process with name NFCORE_RNASEQ:RNASEQ:PREPARE_GENOME:SALMON_INDEX
Mar-20 04:55:24.808 [main] DEBUG n.script.dsl.ProcessConfigBuilder - Config settings `withName:SALMON_INDEX` matches process NFCORE_RNASEQ:RNASEQ:PREPARE_GENOME:SALMON_INDEX
Mar-20 04:55:24.811 [main] DEBUG nextflow.executor.ExecutorFactory - << taskConfig executor: null
Mar-20 04:55:24.811 [main] DEBUG nextflow.executor.ExecutorFactory - >> processorType: 'local'
Mar-20 04:55:24.811 [main] DEBUG nextflow.processor.TaskProcessor - Creating process 'NFCORE_RNASEQ:RNASEQ:PREPARE_GENOME:SALMON_INDEX': maxForks=0; fair=false; array=0
Mar-20 04:55:24.821 [main] DEBUG nextflow.validation.SchemaValidator - Starting validation: '/nf-core/test-datasets/rnaseq/samplesheet/v3.10/samplesheet_full.csv' with '/root/rnaseq-bench/.nextflow/assets/nf-core/rnaseq/assets/schema_input.json'
Mar-20 04:55:24.851 [main] DEBUG nextflow.validation.SchemaValidator - Ignoring validation of S3 URL path 's3://ngi-igenomes/test-data/rnaseq/SRX1603629_T1_2.fastq.gz'
Mar-20 04:55:24.851 [main] DEBUG nextflow.validation.SchemaValidator - Ignoring validation of S3 URL path 's3://ngi-igenomes/test-data/rnaseq/SRX1603630_T1_2.fastq.gz'
Mar-20 04:55:24.851 [main] DEBUG nextflow.validation.SchemaValidator - Ignoring validation of S3 URL path 's3://ngi-igenomes/test-data/rnaseq/SRX1603392_T1_2.fastq.gz'
Mar-20 04:55:24.851 [main] DEBUG nextflow.validation.SchemaValidator - Ignoring validation of S3 URL path 's3://ngi-igenomes/test-data/rnaseq/SRX1603393_T1_2.fastq.gz'
Mar-20 04:55:24.851 [main] DEBUG nextflow.validation.SchemaValidator - Ignoring validation of S3 URL path 's3://ngi-igenomes/test-data/rnaseq/SRX2370490_T1_2.fastq.gz'
Mar-20 04:55:24.851 [main] DEBUG nextflow.validation.SchemaValidator - Ignoring validation of S3 URL path 's3://ngi-igenomes/test-data/rnaseq/SRX2370491_T1_2.fastq.gz'
Mar-20 04:55:24.851 [main] DEBUG nextflow.validation.SchemaValidator - Ignoring validation of S3 URL path 's3://ngi-igenomes/test-data/rnaseq/SRX2370468_T1_2.fastq.gz'
Mar-20 04:55:24.851 [main] DEBUG nextflow.validation.SchemaValidator - Ignoring validation of S3 URL path 's3://ngi-igenomes/test-data/rnaseq/SRX2370469_T1_2.fastq.gz'
Mar-20 04:55:24.851 [main] DEBUG nextflow.validation.SchemaValidator - Ignoring validation of S3 URL path 's3://ngi-igenomes/test-data/rnaseq/SRX1603629_T1_1.fastq.gz'
Mar-20 04:55:24.851 [main] DEBUG nextflow.validation.SchemaValidator - Ignoring validation of S3 URL path 's3://ngi-igenomes/test-data/rnaseq/SRX1603630_T1_1.fastq.gz'
Mar-20 04:55:24.851 [main] DEBUG nextflow.validation.SchemaValidator - Ignoring validation of S3 URL path 's3://ngi-igenomes/test-data/rnaseq/SRX1603392_T1_1.fastq.gz'
Mar-20 04:55:24.851 [main] DEBUG nextflow.validation.SchemaValidator - Ignoring validation of S3 URL path 's3://ngi-igenomes/test-data/rnaseq/SRX1603393_T1_1.fastq.gz'
Mar-20 04:55:24.851 [main] DEBUG nextflow.validation.SchemaValidator - Ignoring validation of S3 URL path 's3://ngi-igenomes/test-data/rnaseq/SRX2370490_T1_1.fastq.gz'
Mar-20 04:55:24.851 [main] DEBUG nextflow.validation.SchemaValidator - Ignoring validation of S3 URL path 's3://ngi-igenomes/test-data/rnaseq/SRX2370491_T1_1.fastq.gz'
Mar-20 04:55:24.851 [main] DEBUG nextflow.validation.SchemaValidator - Ignoring validation of S3 URL path 's3://ngi-igenomes/test-data/rnaseq/SRX2370468_T1_1.fastq.gz'
Mar-20 04:55:24.851 [main] DEBUG nextflow.validation.SchemaValidator - Ignoring validation of S3 URL path 's3://ngi-igenomes/test-data/rnaseq/SRX2370469_T1_1.fastq.gz'
Mar-20 04:55:24.851 [main] DEBUG n.validation.FilePathValidator - S3 paths are not supported by 'FilePathValidator': 's3://ngi-igenomes/test-data/rnaseq/SRX1603629_T1_2.fastq.gz'
Mar-20 04:55:24.851 [main] DEBUG n.validation.FilePathValidator - S3 paths are not supported by 'FilePathValidator': 's3://ngi-igenomes/test-data/rnaseq/SRX1603629_T1_1.fastq.gz'
Mar-20 04:55:24.851 [main] DEBUG n.validation.FilePathValidator - S3 paths are not supported by 'FilePathValidator': 's3://ngi-igenomes/test-data/rnaseq/SRX1603630_T1_2.fastq.gz'
Mar-20 04:55:24.851 [main] DEBUG n.validation.FilePathValidator - S3 paths are not supported by 'FilePathValidator': 's3://ngi-igenomes/test-data/rnaseq/SRX1603630_T1_1.fastq.gz'
Mar-20 04:55:24.852 [main] DEBUG n.validation.FilePathValidator - S3 paths are not supported by 'FilePathValidator': 's3://ngi-igenomes/test-data/rnaseq/SRX1603392_T1_2.fastq.gz'
Mar-20 04:55:24.852 [main] DEBUG n.validation.FilePathValidator - S3 paths are not supported by 'FilePathValidator': 's3://ngi-igenomes/test-data/rnaseq/SRX1603392_T1_1.fastq.gz'
Mar-20 04:55:24.852 [main] DEBUG n.validation.FilePathValidator - S3 paths are not supported by 'FilePathValidator': 's3://ngi-igenomes/test-data/rnaseq/SRX1603393_T1_2.fastq.gz'
Mar-20 04:55:24.852 [main] DEBUG n.validation.FilePathValidator - S3 paths are not supported by 'FilePathValidator': 's3://ngi-igenomes/test-data/rnaseq/SRX1603393_T1_1.fastq.gz'
Mar-20 04:55:24.852 [main] DEBUG n.validation.FilePathValidator - S3 paths are not supported by 'FilePathValidator': 's3://ngi-igenomes/test-data/rnaseq/SRX2370490_T1_2.fastq.gz'
Mar-20 04:55:24.852 [main] DEBUG n.validation.FilePathValidator - S3 paths are not supported by 'FilePathValidator': 's3://ngi-igenomes/test-data/rnaseq/SRX2370490_T1_1.fastq.gz'
Mar-20 04:55:24.852 [main] DEBUG n.validation.FilePathValidator - S3 paths are not supported by 'FilePathValidator': 's3://ngi-igenomes/test-data/rnaseq/SRX2370491_T1_2.fastq.gz'
Mar-20 04:55:24.852 [main] DEBUG n.validation.FilePathValidator - S3 paths are not supported by 'FilePathValidator': 's3://ngi-igenomes/test-data/rnaseq/SRX2370491_T1_1.fastq.gz'
Mar-20 04:55:24.852 [main] DEBUG n.validation.FilePathValidator - S3 paths are not supported by 'FilePathValidator': 's3://ngi-igenomes/test-data/rnaseq/SRX2370468_T1_2.fastq.gz'
Mar-20 04:55:24.852 [main] DEBUG n.validation.FilePathValidator - S3 paths are not supported by 'FilePathValidator': 's3://ngi-igenomes/test-data/rnaseq/SRX2370468_T1_1.fastq.gz'
Mar-20 04:55:24.852 [main] DEBUG n.validation.FilePathValidator - S3 paths are not supported by 'FilePathValidator': 's3://ngi-igenomes/test-data/rnaseq/SRX2370469_T1_2.fastq.gz'
Mar-20 04:55:24.852 [main] DEBUG n.validation.FilePathValidator - S3 paths are not supported by 'FilePathValidator': 's3://ngi-igenomes/test-data/rnaseq/SRX2370469_T1_1.fastq.gz'
Mar-20 04:55:24.852 [main] DEBUG nextflow.validation.SchemaValidator - Validation passed: '/nf-core/test-datasets/rnaseq/samplesheet/v3.10/samplesheet_full.csv' with '/root/rnaseq-bench/.nextflow/assets/nf-core/rnaseq/assets/schema_input.json'
Mar-20 04:55:24.883 [main] DEBUG n.script.dsl.ProcessConfigBuilder - Config settings `withLabel:process_single` matches labels `process_single` for process with name NFCORE_RNASEQ:RNASEQ:CAT_FASTQ
Mar-20 04:55:24.884 [main] DEBUG n.script.dsl.ProcessConfigBuilder - Config settings `withName:CAT_FASTQ` matches process NFCORE_RNASEQ:RNASEQ:CAT_FASTQ
Mar-20 04:55:24.887 [main] DEBUG nextflow.executor.ExecutorFactory - << taskConfig executor: null
Mar-20 04:55:24.887 [main] DEBUG nextflow.executor.ExecutorFactory - >> processorType: 'local'
Mar-20 04:55:24.887 [main] DEBUG nextflow.processor.TaskProcessor - Creating process 'NFCORE_RNASEQ:RNASEQ:CAT_FASTQ': maxForks=0; fair=false; array=0
Mar-20 04:55:24.903 [main] DEBUG n.script.dsl.ProcessConfigBuilder - Config settings `withLabel:process_medium` matches labels `process_medium` for process with name NFCORE_RNASEQ:RNASEQ:FASTQ_FASTQC_UMITOOLS_TRIMGALORE:FASTQC
Mar-20 04:55:24.904 [main] DEBUG n.script.dsl.ProcessConfigBuilder - Config settings `withName:.*:FASTQ_FASTQC_UMITOOLS_TRIMGALORE:FASTQC` matches process NFCORE_RNASEQ:RNASEQ:FASTQ_FASTQC_UMITOOLS_TRIMGALORE:FASTQC
Mar-20 04:55:24.906 [main] DEBUG nextflow.executor.ExecutorFactory - << taskConfig executor: null
Mar-20 04:55:24.906 [main] DEBUG nextflow.executor.ExecutorFactory - >> processorType: 'local'
Mar-20 04:55:24.907 [main] DEBUG nextflow.processor.TaskProcessor - Creating process 'NFCORE_RNASEQ:RNASEQ:FASTQ_FASTQC_UMITOOLS_TRIMGALORE:FASTQC': maxForks=0; fair=false; array=0
Mar-20 04:55:24.916 [main] DEBUG n.script.dsl.ProcessConfigBuilder - Config settings `withLabel:process_high` matches labels `process_high` for process with name NFCORE_RNASEQ:RNASEQ:FASTQ_FASTQC_UMITOOLS_TRIMGALORE:TRIMGALORE
Mar-20 04:55:24.917 [main] DEBUG n.script.dsl.ProcessConfigBuilder - Config settings `withName:.*:FASTQ_FASTQC_UMITOOLS_TRIMGALORE:TRIMGALORE` matches process NFCORE_RNASEQ:RNASEQ:FASTQ_FASTQC_UMITOOLS_TRIMGALORE:TRIMGALORE
Mar-20 04:55:24.919 [main] DEBUG nextflow.executor.ExecutorFactory - << taskConfig executor: null
Mar-20 04:55:24.919 [main] DEBUG nextflow.executor.ExecutorFactory - >> processorType: 'local'
Mar-20 04:55:24.919 [main] DEBUG nextflow.processor.TaskProcessor - Creating process 'NFCORE_RNASEQ:RNASEQ:FASTQ_FASTQC_UMITOOLS_TRIMGALORE:TRIMGALORE': maxForks=0; fair=false; array=0
Mar-20 04:55:24.957 [main] DEBUG n.script.dsl.ProcessConfigBuilder - Config settings `withLabel:process_single` matches labels `process_single` for process with name NFCORE_RNASEQ:RNASEQ:FASTQ_SUBSAMPLE_FQ_SALMON:FQ_SUBSAMPLE
Mar-20 04:55:24.958 [main] DEBUG n.script.dsl.ProcessConfigBuilder - Config settings `withName:FQ_SUBSAMPLE` matches process NFCORE_RNASEQ:RNASEQ:FASTQ_SUBSAMPLE_FQ_SALMON:FQ_SUBSAMPLE
Mar-20 04:55:24.960 [main] DEBUG nextflow.executor.ExecutorFactory - << taskConfig executor: null
Mar-20 04:55:24.960 [main] DEBUG nextflow.executor.ExecutorFactory - >> processorType: 'local'
Mar-20 04:55:24.960 [main] DEBUG nextflow.processor.TaskProcessor - Creating process 'NFCORE_RNASEQ:RNASEQ:FASTQ_SUBSAMPLE_FQ_SALMON:FQ_SUBSAMPLE': maxForks=0; fair=false; array=0
Mar-20 04:55:24.969 [main] DEBUG n.script.dsl.ProcessConfigBuilder - Config settings `withLabel:process_medium` matches labels `process_medium` for process with name NFCORE_RNASEQ:RNASEQ:FASTQ_SUBSAMPLE_FQ_SALMON:SALMON_QUANT
Mar-20 04:55:24.970 [main] DEBUG n.script.dsl.ProcessConfigBuilder - Config settings `withName:.*:FASTQ_SUBSAMPLE_FQ_SALMON:SALMON_QUANT` matches process NFCORE_RNASEQ:RNASEQ:FASTQ_SUBSAMPLE_FQ_SALMON:SALMON_QUANT
Mar-20 04:55:24.971 [main] DEBUG nextflow.executor.ExecutorFactory - << taskConfig executor: null
Mar-20 04:55:24.971 [main] DEBUG nextflow.executor.ExecutorFactory - >> processorType: 'local'
Mar-20 04:55:24.971 [main] DEBUG nextflow.processor.TaskProcessor - Creating process 'NFCORE_RNASEQ:RNASEQ:FASTQ_SUBSAMPLE_FQ_SALMON:SALMON_QUANT': maxForks=0; fair=false; array=0
Mar-20 04:55:24.994 [main] DEBUG n.script.dsl.ProcessConfigBuilder - Config settings `withLabel:process_high` matches labels `process_high` for process with name NFCORE_RNASEQ:RNASEQ:FASTQ_ALIGN_HISAT2:HISAT2_ALIGN
Mar-20 04:55:24.996 [main] DEBUG n.script.dsl.ProcessConfigBuilder - Config settings `withName:.*:FASTQ_ALIGN_HISAT2:HISAT2_ALIGN` matches process NFCORE_RNASEQ:RNASEQ:FASTQ_ALIGN_HISAT2:HISAT2_ALIGN
Mar-20 04:55:24.997 [main] DEBUG nextflow.executor.ExecutorFactory - << taskConfig executor: null
Mar-20 04:55:24.997 [main] DEBUG nextflow.executor.ExecutorFactory - >> processorType: 'local'
Mar-20 04:55:24.997 [main] DEBUG nextflow.processor.TaskProcessor - Creating process 'NFCORE_RNASEQ:RNASEQ:FASTQ_ALIGN_HISAT2:HISAT2_ALIGN': maxForks=0; fair=false; array=0
Mar-20 04:55:25.004 [main] DEBUG n.script.dsl.ProcessConfigBuilder - Config settings `withLabel:process_medium` matches labels `process_medium` for process with name NFCORE_RNASEQ:RNASEQ:FASTQ_ALIGN_HISAT2:BAM_SORT_STATS_SAMTOOLS:SAMTOOLS_SORT
Mar-20 04:55:25.005 [main] DEBUG n.script.dsl.ProcessConfigBuilder - Config settings `withName:NFCORE_RNASEQ:RNASEQ:.*:BAM_SORT_STATS_SAMTOOLS:SAMTOOLS_SORT` matches process NFCORE_RNASEQ:RNASEQ:FASTQ_ALIGN_HISAT2:BAM_SORT_STATS_SAMTOOLS:SAMTOOLS_SORT
Mar-20 04:55:25.007 [main] DEBUG nextflow.executor.ExecutorFactory - << taskConfig executor: null
Mar-20 04:55:25.007 [main] DEBUG nextflow.executor.ExecutorFactory - >> processorType: 'local'
Mar-20 04:55:25.007 [main] DEBUG nextflow.processor.TaskProcessor - Creating process 'NFCORE_RNASEQ:RNASEQ:FASTQ_ALIGN_HISAT2:BAM_SORT_STATS_SAMTOOLS:SAMTOOLS_SORT': maxForks=0; fair=false; array=0
Mar-20 04:55:25.013 [main] DEBUG n.script.dsl.ProcessConfigBuilder - Config settings `withLabel:process_low` matches labels `process_low` for process with name NFCORE_RNASEQ:RNASEQ:FASTQ_ALIGN_HISAT2:BAM_SORT_STATS_SAMTOOLS:SAMTOOLS_INDEX
Mar-20 04:55:25.013 [main] DEBUG n.script.dsl.ProcessConfigBuilder - Config settings `withName:NFCORE_RNASEQ:RNASEQ:.*:BAM_SORT_STATS_SAMTOOLS:SAMTOOLS_INDEX` matches process NFCORE_RNASEQ:RNASEQ:FASTQ_ALIGN_HISAT2:BAM_SORT_STATS_SAMTOOLS:SAMTOOLS_INDEX
Mar-20 04:55:25.014 [main] DEBUG nextflow.executor.ExecutorFactory - << taskConfig executor: null
Mar-20 04:55:25.014 [main] DEBUG nextflow.executor.ExecutorFactory - >> processorType: 'local'
Mar-20 04:55:25.015 [main] DEBUG nextflow.processor.TaskProcessor - Creating process 'NFCORE_RNASEQ:RNASEQ:FASTQ_ALIGN_HISAT2:BAM_SORT_STATS_SAMTOOLS:SAMTOOLS_INDEX': maxForks=0; fair=false; array=0
Mar-20 04:55:25.026 [main] DEBUG n.script.dsl.ProcessConfigBuilder - Config settings `withLabel:process_single` matches labels `process_single` for process with name NFCORE_RNASEQ:RNASEQ:FASTQ_ALIGN_HISAT2:BAM_SORT_STATS_SAMTOOLS:BAM_STATS_SAMTOOLS:SAMTOOLS_STATS
Mar-20 04:55:25.027 [main] DEBUG n.script.dsl.ProcessConfigBuilder - Config settings `withName:NFCORE_RNASEQ:RNASEQ:.*:BAM_SORT_STATS_SAMTOOLS:BAM_STATS_SAMTOOLS:.*` matches process NFCORE_RNASEQ:RNASEQ:FASTQ_ALIGN_HISAT2:BAM_SORT_STATS_SAMTOOLS:BAM_STATS_SAMTOOLS:SAMTOOLS_STATS
Mar-20 04:55:25.028 [main] DEBUG nextflow.executor.ExecutorFactory - << taskConfig executor: null
Mar-20 04:55:25.028 [main] DEBUG nextflow.executor.ExecutorFactory - >> processorType: 'local'
Mar-20 04:55:25.029 [main] DEBUG nextflow.processor.TaskProcessor - Creating process 'NFCORE_RNASEQ:RNASEQ:FASTQ_ALIGN_HISAT2:BAM_SORT_STATS_SAMTOOLS:BAM_STATS_SAMTOOLS:SAMTOOLS_STATS': maxForks=0; fair=false; array=0
Mar-20 04:55:25.032 [main] DEBUG n.script.dsl.ProcessConfigBuilder - Config settings `withLabel:process_single` matches labels `process_single` for process with name NFCORE_RNASEQ:RNASEQ:FASTQ_ALIGN_HISAT2:BAM_SORT_STATS_SAMTOOLS:BAM_STATS_SAMTOOLS:SAMTOOLS_FLAGSTAT
Mar-20 04:55:25.034 [main] DEBUG n.script.dsl.ProcessConfigBuilder - Config settings `withName:NFCORE_RNASEQ:RNASEQ:.*:BAM_SORT_STATS_SAMTOOLS:BAM_STATS_SAMTOOLS:.*` matches process NFCORE_RNASEQ:RNASEQ:FASTQ_ALIGN_HISAT2:BAM_SORT_STATS_SAMTOOLS:BAM_STATS_SAMTOOLS:SAMTOOLS_FLAGSTAT
Mar-20 04:55:25.035 [main] DEBUG nextflow.executor.ExecutorFactory - << taskConfig executor: null
Mar-20 04:55:25.035 [main] DEBUG nextflow.executor.ExecutorFactory - >> processorType: 'local'
Mar-20 04:55:25.036 [main] DEBUG nextflow.processor.TaskProcessor - Creating process 'NFCORE_RNASEQ:RNASEQ:FASTQ_ALIGN_HISAT2:BAM_SORT_STATS_SAMTOOLS:BAM_STATS_SAMTOOLS:SAMTOOLS_FLAGSTAT': maxForks=0; fair=false; array=0
Mar-20 04:55:25.039 [main] DEBUG n.script.dsl.ProcessConfigBuilder - Config settings `withLabel:process_single` matches labels `process_single` for process with name NFCORE_RNASEQ:RNASEQ:FASTQ_ALIGN_HISAT2:BAM_SORT_STATS_SAMTOOLS:BAM_STATS_SAMTOOLS:SAMTOOLS_IDXSTATS
Mar-20 04:55:25.041 [main] DEBUG n.script.dsl.ProcessConfigBuilder - Config settings `withName:NFCORE_RNASEQ:RNASEQ:.*:BAM_SORT_STATS_SAMTOOLS:BAM_STATS_SAMTOOLS:.*` matches process NFCORE_RNASEQ:RNASEQ:FASTQ_ALIGN_HISAT2:BAM_SORT_STATS_SAMTOOLS:BAM_STATS_SAMTOOLS:SAMTOOLS_IDXSTATS
Mar-20 04:55:25.043 [main] DEBUG nextflow.executor.ExecutorFactory - << taskConfig executor: null
Mar-20 04:55:25.043 [main] DEBUG nextflow.executor.ExecutorFactory - >> processorType: 'local'
Mar-20 04:55:25.043 [main] DEBUG nextflow.processor.TaskProcessor - Creating process 'NFCORE_RNASEQ:RNASEQ:FASTQ_ALIGN_HISAT2:BAM_SORT_STATS_SAMTOOLS:BAM_STATS_SAMTOOLS:SAMTOOLS_IDXSTATS': maxForks=0; fair=false; array=0
Mar-20 04:55:25.057 [main] DEBUG n.script.dsl.ProcessConfigBuilder - Config settings `withLabel:process_medium` matches labels `process_medium` for process with name NFCORE_RNASEQ:RNASEQ:BAM_MARKDUPLICATES_PICARD:PICARD_MARKDUPLICATES
Mar-20 04:55:25.058 [main] DEBUG n.script.dsl.ProcessConfigBuilder - Config settings `withName:.*:BAM_MARKDUPLICATES_PICARD:PICARD_MARKDUPLICATES` matches process NFCORE_RNASEQ:RNASEQ:BAM_MARKDUPLICATES_PICARD:PICARD_MARKDUPLICATES
Mar-20 04:55:25.059 [main] DEBUG nextflow.executor.ExecutorFactory - << taskConfig executor: null
Mar-20 04:55:25.059 [main] DEBUG nextflow.executor.ExecutorFactory - >> processorType: 'local'
Mar-20 04:55:25.059 [main] DEBUG nextflow.processor.TaskProcessor - Creating process 'NFCORE_RNASEQ:RNASEQ:BAM_MARKDUPLICATES_PICARD:PICARD_MARKDUPLICATES': maxForks=0; fair=false; array=0
Mar-20 04:55:25.065 [main] DEBUG n.script.dsl.ProcessConfigBuilder - Config settings `withLabel:process_low` matches labels `process_low` for process with name NFCORE_RNASEQ:RNASEQ:BAM_MARKDUPLICATES_PICARD:SAMTOOLS_INDEX
Mar-20 04:55:25.066 [main] DEBUG n.script.dsl.ProcessConfigBuilder - Config settings `withName:.*:BAM_MARKDUPLICATES_PICARD:SAMTOOLS_INDEX` matches process NFCORE_RNASEQ:RNASEQ:BAM_MARKDUPLICATES_PICARD:SAMTOOLS_INDEX
Mar-20 04:55:25.067 [main] DEBUG nextflow.executor.ExecutorFactory - << taskConfig executor: null
Mar-20 04:55:25.067 [main] DEBUG nextflow.executor.ExecutorFactory - >> processorType: 'local'
Mar-20 04:55:25.067 [main] DEBUG nextflow.processor.TaskProcessor - Creating process 'NFCORE_RNASEQ:RNASEQ:BAM_MARKDUPLICATES_PICARD:SAMTOOLS_INDEX': maxForks=0; fair=false; array=0
Mar-20 04:55:25.078 [main] DEBUG n.script.dsl.ProcessConfigBuilder - Config settings `withLabel:process_single` matches labels `process_single` for process with name NFCORE_RNASEQ:RNASEQ:BAM_MARKDUPLICATES_PICARD:BAM_STATS_SAMTOOLS:SAMTOOLS_STATS
Mar-20 04:55:25.079 [main] DEBUG n.script.dsl.ProcessConfigBuilder - Config settings `withName:.*:BAM_MARKDUPLICATES_PICARD:BAM_STATS_SAMTOOLS:.*` matches process NFCORE_RNASEQ:RNASEQ:BAM_MARKDUPLICATES_PICARD:BAM_STATS_SAMTOOLS:SAMTOOLS_STATS
Mar-20 04:55:25.080 [main] DEBUG nextflow.executor.ExecutorFactory - << taskConfig executor: null
Mar-20 04:55:25.080 [main] DEBUG nextflow.executor.ExecutorFactory - >> processorType: 'local'
Mar-20 04:55:25.081 [main] DEBUG nextflow.processor.TaskProcessor - Creating process 'NFCORE_RNASEQ:RNASEQ:BAM_MARKDUPLICATES_PICARD:BAM_STATS_SAMTOOLS:SAMTOOLS_STATS': maxForks=0; fair=false; array=0
Mar-20 04:55:25.084 [main] DEBUG n.script.dsl.ProcessConfigBuilder - Config settings `withLabel:process_single` matches labels `process_single` for process with name NFCORE_RNASEQ:RNASEQ:BAM_MARKDUPLICATES_PICARD:BAM_STATS_SAMTOOLS:SAMTOOLS_FLAGSTAT
Mar-20 04:55:25.085 [main] DEBUG n.script.dsl.ProcessConfigBuilder - Config settings `withName:.*:BAM_MARKDUPLICATES_PICARD:BAM_STATS_SAMTOOLS:.*` matches process NFCORE_RNASEQ:RNASEQ:BAM_MARKDUPLICATES_PICARD:BAM_STATS_SAMTOOLS:SAMTOOLS_FLAGSTAT
Mar-20 04:55:25.086 [main] DEBUG nextflow.executor.ExecutorFactory - << taskConfig executor: null
Mar-20 04:55:25.086 [main] DEBUG nextflow.executor.ExecutorFactory - >> processorType: 'local'
Mar-20 04:55:25.087 [main] DEBUG nextflow.processor.TaskProcessor - Creating process 'NFCORE_RNASEQ:RNASEQ:BAM_MARKDUPLICATES_PICARD:BAM_STATS_SAMTOOLS:SAMTOOLS_FLAGSTAT': maxForks=0; fair=false; array=0
Mar-20 04:55:25.091 [main] DEBUG n.script.dsl.ProcessConfigBuilder - Config settings `withLabel:process_single` matches labels `process_single` for process with name NFCORE_RNASEQ:RNASEQ:BAM_MARKDUPLICATES_PICARD:BAM_STATS_SAMTOOLS:SAMTOOLS_IDXSTATS
Mar-20 04:55:25.092 [main] DEBUG n.script.dsl.ProcessConfigBuilder - Config settings `withName:.*:BAM_MARKDUPLICATES_PICARD:BAM_STATS_SAMTOOLS:.*` matches process NFCORE_RNASEQ:RNASEQ:BAM_MARKDUPLICATES_PICARD:BAM_STATS_SAMTOOLS:SAMTOOLS_IDXSTATS
Mar-20 04:55:25.093 [main] DEBUG nextflow.executor.ExecutorFactory - << taskConfig executor: null
Mar-20 04:55:25.093 [main] DEBUG nextflow.executor.ExecutorFactory - >> processorType: 'local'
Mar-20 04:55:25.093 [main] DEBUG nextflow.processor.TaskProcessor - Creating process 'NFCORE_RNASEQ:RNASEQ:BAM_MARKDUPLICATES_PICARD:BAM_STATS_SAMTOOLS:SAMTOOLS_IDXSTATS': maxForks=0; fair=false; array=0
Mar-20 04:55:25.100 [main] DEBUG n.script.dsl.ProcessConfigBuilder - Config settings `withLabel:process_medium` matches labels `process_medium` for process with name NFCORE_RNASEQ:RNASEQ:STRINGTIE_STRINGTIE
Mar-20 04:55:25.101 [main] DEBUG n.script.dsl.ProcessConfigBuilder - Config settings `withName:STRINGTIE_STRINGTIE` matches process NFCORE_RNASEQ:RNASEQ:STRINGTIE_STRINGTIE
Mar-20 04:55:25.102 [main] DEBUG nextflow.executor.ExecutorFactory - << taskConfig executor: null
Mar-20 04:55:25.102 [main] DEBUG nextflow.executor.ExecutorFactory - >> processorType: 'local'
Mar-20 04:55:25.103 [main] DEBUG nextflow.processor.TaskProcessor - Creating process 'NFCORE_RNASEQ:RNASEQ:STRINGTIE_STRINGTIE': maxForks=0; fair=false; array=0
Mar-20 04:55:25.113 [main] DEBUG n.script.dsl.ProcessConfigBuilder - Config settings `withLabel:process_medium` matches labels `process_medium` for process with name NFCORE_RNASEQ:RNASEQ:SUBREAD_FEATURECOUNTS
Mar-20 04:55:25.114 [main] DEBUG n.script.dsl.ProcessConfigBuilder - Config settings `withName:SUBREAD_FEATURECOUNTS` matches process NFCORE_RNASEQ:RNASEQ:SUBREAD_FEATURECOUNTS
Mar-20 04:55:25.115 [main] DEBUG nextflow.executor.ExecutorFactory - << taskConfig executor: null
Mar-20 04:55:25.115 [main] DEBUG nextflow.executor.ExecutorFactory - >> processorType: 'local'
Mar-20 04:55:25.115 [main] DEBUG nextflow.processor.TaskProcessor - Creating process 'NFCORE_RNASEQ:RNASEQ:SUBREAD_FEATURECOUNTS': maxForks=0; fair=false; array=0
Mar-20 04:55:25.122 [main] DEBUG n.script.dsl.ProcessConfigBuilder - Config settings `withName:MULTIQC_CUSTOM_BIOTYPE` matches process NFCORE_RNASEQ:RNASEQ:MULTIQC_CUSTOM_BIOTYPE
Mar-20 04:55:25.123 [main] DEBUG nextflow.executor.ExecutorFactory - << taskConfig executor: null
Mar-20 04:55:25.123 [main] DEBUG nextflow.executor.ExecutorFactory - >> processorType: 'local'
Mar-20 04:55:25.124 [main] DEBUG nextflow.processor.TaskProcessor - Creating process 'NFCORE_RNASEQ:RNASEQ:MULTIQC_CUSTOM_BIOTYPE': maxForks=0; fair=false; array=0
Mar-20 04:55:25.130 [main] DEBUG n.script.dsl.ProcessConfigBuilder - Config settings `withLabel:process_medium` matches labels `process_medium` for process with name NFCORE_RNASEQ:RNASEQ:BEDTOOLS_GENOMECOV
Mar-20 04:55:25.131 [main] DEBUG n.script.dsl.ProcessConfigBuilder - Config settings `withName:BEDTOOLS_GENOMECOV` matches process NFCORE_RNASEQ:RNASEQ:BEDTOOLS_GENOMECOV
Mar-20 04:55:25.132 [main] DEBUG nextflow.executor.ExecutorFactory - << taskConfig executor: null
Mar-20 04:55:25.132 [main] DEBUG nextflow.executor.ExecutorFactory - >> processorType: 'local'
Mar-20 04:55:25.132 [main] DEBUG nextflow.processor.TaskProcessor - Creating process 'NFCORE_RNASEQ:RNASEQ:BEDTOOLS_GENOMECOV': maxForks=0; fair=false; array=0
Mar-20 04:55:25.138 [main] DEBUG n.script.dsl.ProcessConfigBuilder - Config settings `withLabel:process_medium` matches labels `process_medium` for process with name NFCORE_RNASEQ:RNASEQ:BEDGRAPH_BEDCLIP_BEDGRAPHTOBIGWIG_FORWARD:UCSC_BEDCLIP
Mar-20 04:55:25.139 [main] DEBUG n.script.dsl.ProcessConfigBuilder - Config settings `withName:.*:BEDGRAPH_BEDCLIP_BEDGRAPHTOBIGWIG_FORWARD:UCSC_BEDCLIP` matches process NFCORE_RNASEQ:RNASEQ:BEDGRAPH_BEDCLIP_BEDGRAPHTOBIGWIG_FORWARD:UCSC_BEDCLIP
Mar-20 04:55:25.140 [main] DEBUG nextflow.executor.ExecutorFactory - << taskConfig executor: null
Mar-20 04:55:25.140 [main] DEBUG nextflow.executor.ExecutorFactory - >> processorType: 'local'
Mar-20 04:55:25.140 [main] DEBUG nextflow.processor.TaskProcessor - Creating process 'NFCORE_RNASEQ:RNASEQ:BEDGRAPH_BEDCLIP_BEDGRAPHTOBIGWIG_FORWARD:UCSC_BEDCLIP': maxForks=0; fair=false; array=0
Mar-20 04:55:25.147 [main] DEBUG n.script.dsl.ProcessConfigBuilder - Config settings `withLabel:process_single` matches labels `process_single` for process with name NFCORE_RNASEQ:RNASEQ:BEDGRAPH_BEDCLIP_BEDGRAPHTOBIGWIG_FORWARD:UCSC_BEDGRAPHTOBIGWIG
Mar-20 04:55:25.148 [main] DEBUG n.script.dsl.ProcessConfigBuilder - Config settings `withName:.*:BEDGRAPH_BEDCLIP_BEDGRAPHTOBIGWIG_FORWARD:UCSC_BEDGRAPHTOBIGWIG` matches process NFCORE_RNASEQ:RNASEQ:BEDGRAPH_BEDCLIP_BEDGRAPHTOBIGWIG_FORWARD:UCSC_BEDGRAPHTOBIGWIG
Mar-20 04:55:25.151 [main] DEBUG nextflow.executor.ExecutorFactory - << taskConfig executor: null
Mar-20 04:55:25.151 [main] DEBUG nextflow.executor.ExecutorFactory - >> processorType: 'local'
Mar-20 04:55:25.151 [main] DEBUG nextflow.processor.TaskProcessor - Creating process 'NFCORE_RNASEQ:RNASEQ:BEDGRAPH_BEDCLIP_BEDGRAPHTOBIGWIG_FORWARD:UCSC_BEDGRAPHTOBIGWIG': maxForks=0; fair=false; array=0
Mar-20 04:55:25.160 [main] DEBUG n.script.dsl.ProcessConfigBuilder - Config settings `withLabel:process_medium` matches labels `process_medium` for process with name NFCORE_RNASEQ:RNASEQ:BEDGRAPH_BEDCLIP_BEDGRAPHTOBIGWIG_REVERSE:UCSC_BEDCLIP
Mar-20 04:55:25.161 [main] DEBUG n.script.dsl.ProcessConfigBuilder - Config settings `withName:.*:BEDGRAPH_BEDCLIP_BEDGRAPHTOBIGWIG_REVERSE:UCSC_BEDCLIP` matches process NFCORE_RNASEQ:RNASEQ:BEDGRAPH_BEDCLIP_BEDGRAPHTOBIGWIG_REVERSE:UCSC_BEDCLIP
Mar-20 04:55:25.162 [main] DEBUG nextflow.executor.ExecutorFactory - << taskConfig executor: null
Mar-20 04:55:25.162 [main] DEBUG nextflow.executor.ExecutorFactory - >> processorType: 'local'
Mar-20 04:55:25.163 [main] DEBUG nextflow.processor.TaskProcessor - Creating process 'NFCORE_RNASEQ:RNASEQ:BEDGRAPH_BEDCLIP_BEDGRAPHTOBIGWIG_REVERSE:UCSC_BEDCLIP': maxForks=0; fair=false; array=0
Mar-20 04:55:25.168 [main] DEBUG n.script.dsl.ProcessConfigBuilder - Config settings `withLabel:process_single` matches labels `process_single` for process with name NFCORE_RNASEQ:RNASEQ:BEDGRAPH_BEDCLIP_BEDGRAPHTOBIGWIG_REVERSE:UCSC_BEDGRAPHTOBIGWIG
Mar-20 04:55:25.169 [main] DEBUG n.script.dsl.ProcessConfigBuilder - Config settings `withName:.*:BEDGRAPH_BEDCLIP_BEDGRAPHTOBIGWIG_REVERSE:UCSC_BEDGRAPHTOBIGWIG` matches process NFCORE_RNASEQ:RNASEQ:BEDGRAPH_BEDCLIP_BEDGRAPHTOBIGWIG_REVERSE:UCSC_BEDGRAPHTOBIGWIG
Mar-20 04:55:25.171 [main] DEBUG nextflow.executor.ExecutorFactory - << taskConfig executor: null
Mar-20 04:55:25.171 [main] DEBUG nextflow.executor.ExecutorFactory - >> processorType: 'local'
Mar-20 04:55:25.171 [main] DEBUG nextflow.processor.TaskProcessor - Creating process 'NFCORE_RNASEQ:RNASEQ:BEDGRAPH_BEDCLIP_BEDGRAPHTOBIGWIG_REVERSE:UCSC_BEDGRAPHTOBIGWIG': maxForks=0; fair=false; array=0
Mar-20 04:55:25.183 [main] DEBUG n.script.dsl.ProcessConfigBuilder - Config settings `withLabel:process_medium` matches labels `process_medium` for process with name NFCORE_RNASEQ:RNASEQ:QUALIMAP_RNASEQ
Mar-20 04:55:25.184 [main] DEBUG n.script.dsl.ProcessConfigBuilder - Config settings `withName:QUALIMAP_RNASEQ` matches process NFCORE_RNASEQ:RNASEQ:QUALIMAP_RNASEQ
Mar-20 04:55:25.186 [main] DEBUG nextflow.executor.ExecutorFactory - << taskConfig executor: null
Mar-20 04:55:25.186 [main] DEBUG nextflow.executor.ExecutorFactory - >> processorType: 'local'
Mar-20 04:55:25.186 [main] DEBUG nextflow.processor.TaskProcessor - Creating process 'NFCORE_RNASEQ:RNASEQ:QUALIMAP_RNASEQ': maxForks=0; fair=false; array=0
Mar-20 04:55:25.192 [main] DEBUG n.script.dsl.ProcessConfigBuilder - Config settings `withLabel:process_long` matches labels `process_long` for process with name NFCORE_RNASEQ:RNASEQ:DUPRADAR
Mar-20 04:55:25.193 [main] DEBUG n.script.dsl.ProcessConfigBuilder - Config settings `withName:DUPRADAR` matches process NFCORE_RNASEQ:RNASEQ:DUPRADAR
Mar-20 04:55:25.195 [main] DEBUG nextflow.executor.ExecutorFactory - << taskConfig executor: null
Mar-20 04:55:25.195 [main] DEBUG nextflow.executor.ExecutorFactory - >> processorType: 'local'
Mar-20 04:55:25.195 [main] DEBUG nextflow.processor.TaskProcessor - Creating process 'NFCORE_RNASEQ:RNASEQ:DUPRADAR': maxForks=0; fair=false; array=0
Mar-20 04:55:25.205 [main] DEBUG n.script.dsl.ProcessConfigBuilder - Config settings `withLabel:process_medium` matches labels `process_medium` for process with name NFCORE_RNASEQ:RNASEQ:BAM_RSEQC:RSEQC_BAMSTAT
Mar-20 04:55:25.206 [main] DEBUG n.script.dsl.ProcessConfigBuilder - Config settings `withName:.*:BAM_RSEQC:RSEQC_BAMSTAT` matches process NFCORE_RNASEQ:RNASEQ:BAM_RSEQC:RSEQC_BAMSTAT
Mar-20 04:55:25.207 [main] DEBUG nextflow.executor.ExecutorFactory - << taskConfig executor: null
Mar-20 04:55:25.207 [main] DEBUG nextflow.executor.ExecutorFactory - >> processorType: 'local'
Mar-20 04:55:25.207 [main] DEBUG nextflow.processor.TaskProcessor - Creating process 'NFCORE_RNASEQ:RNASEQ:BAM_RSEQC:RSEQC_BAMSTAT': maxForks=0; fair=false; array=0
Mar-20 04:55:25.220 [main] DEBUG n.script.dsl.ProcessConfigBuilder - Config settings `withLabel:process_medium` matches labels `process_medium` for process with name NFCORE_RNASEQ:RNASEQ:BAM_RSEQC:RSEQC_INNERDISTANCE
Mar-20 04:55:25.221 [main] DEBUG n.script.dsl.ProcessConfigBuilder - Config settings `withName:.*:BAM_RSEQC:RSEQC_INNERDISTANCE` matches process NFCORE_RNASEQ:RNASEQ:BAM_RSEQC:RSEQC_INNERDISTANCE
Mar-20 04:55:25.222 [main] DEBUG nextflow.executor.ExecutorFactory - << taskConfig executor: null
Mar-20 04:55:25.223 [main] DEBUG nextflow.executor.ExecutorFactory - >> processorType: 'local'
Mar-20 04:55:25.223 [main] DEBUG nextflow.processor.TaskProcessor - Creating process 'NFCORE_RNASEQ:RNASEQ:BAM_RSEQC:RSEQC_INNERDISTANCE': maxForks=0; fair=false; array=0
Mar-20 04:55:25.232 [main] DEBUG n.script.dsl.ProcessConfigBuilder - Config settings `withLabel:process_medium` matches labels `process_medium` for process with name NFCORE_RNASEQ:RNASEQ:BAM_RSEQC:RSEQC_INFEREXPERIMENT
Mar-20 04:55:25.233 [main] DEBUG n.script.dsl.ProcessConfigBuilder - Config settings `withName:.*:BAM_RSEQC:RSEQC_INFEREXPERIMENT` matches process NFCORE_RNASEQ:RNASEQ:BAM_RSEQC:RSEQC_INFEREXPERIMENT
Mar-20 04:55:25.234 [main] DEBUG nextflow.executor.ExecutorFactory - << taskConfig executor: null
Mar-20 04:55:25.234 [main] DEBUG nextflow.executor.ExecutorFactory - >> processorType: 'local'
Mar-20 04:55:25.235 [main] DEBUG nextflow.processor.TaskProcessor - Creating process 'NFCORE_RNASEQ:RNASEQ:BAM_RSEQC:RSEQC_INFEREXPERIMENT': maxForks=0; fair=false; array=0
Mar-20 04:55:25.246 [main] DEBUG n.script.dsl.ProcessConfigBuilder - Config settings `withLabel:process_medium` matches labels `process_medium` for process with name NFCORE_RNASEQ:RNASEQ:BAM_RSEQC:RSEQC_JUNCTIONANNOTATION
Mar-20 04:55:25.247 [main] DEBUG n.script.dsl.ProcessConfigBuilder - Config settings `withName:.*:BAM_RSEQC:RSEQC_JUNCTIONANNOTATION` matches process NFCORE_RNASEQ:RNASEQ:BAM_RSEQC:RSEQC_JUNCTIONANNOTATION
Mar-20 04:55:25.248 [main] DEBUG nextflow.executor.ExecutorFactory - << taskConfig executor: null
Mar-20 04:55:25.248 [main] DEBUG nextflow.executor.ExecutorFactory - >> processorType: 'local'
Mar-20 04:55:25.249 [main] DEBUG nextflow.processor.TaskProcessor - Creating process 'NFCORE_RNASEQ:RNASEQ:BAM_RSEQC:RSEQC_JUNCTIONANNOTATION': maxForks=0; fair=false; array=0
Mar-20 04:55:25.261 [main] DEBUG n.script.dsl.ProcessConfigBuilder - Config settings `withLabel:process_medium` matches labels `process_medium` for process with name NFCORE_RNASEQ:RNASEQ:BAM_RSEQC:RSEQC_JUNCTIONSATURATION
Mar-20 04:55:25.262 [main] DEBUG n.script.dsl.ProcessConfigBuilder - Config settings `withName:.*:BAM_RSEQC:RSEQC_JUNCTIONSATURATION` matches process NFCORE_RNASEQ:RNASEQ:BAM_RSEQC:RSEQC_JUNCTIONSATURATION
Mar-20 04:55:25.263 [main] DEBUG nextflow.executor.ExecutorFactory - << taskConfig executor: null
Mar-20 04:55:25.263 [main] DEBUG nextflow.executor.ExecutorFactory - >> processorType: 'local'
Mar-20 04:55:25.263 [main] DEBUG nextflow.processor.TaskProcessor - Creating process 'NFCORE_RNASEQ:RNASEQ:BAM_RSEQC:RSEQC_JUNCTIONSATURATION': maxForks=0; fair=false; array=0
Mar-20 04:55:25.270 [main] DEBUG n.script.dsl.ProcessConfigBuilder - Config settings `withLabel:process_medium` matches labels `process_medium` for process with name NFCORE_RNASEQ:RNASEQ:BAM_RSEQC:RSEQC_READDISTRIBUTION
Mar-20 04:55:25.271 [main] DEBUG n.script.dsl.ProcessConfigBuilder - Config settings `withName:.*:BAM_RSEQC:RSEQC_READDISTRIBUTION` matches process NFCORE_RNASEQ:RNASEQ:BAM_RSEQC:RSEQC_READDISTRIBUTION
Mar-20 04:55:25.272 [main] DEBUG nextflow.executor.ExecutorFactory - << taskConfig executor: null
Mar-20 04:55:25.272 [main] DEBUG nextflow.executor.ExecutorFactory - >> processorType: 'local'
Mar-20 04:55:25.273 [main] DEBUG nextflow.processor.TaskProcessor - Creating process 'NFCORE_RNASEQ:RNASEQ:BAM_RSEQC:RSEQC_READDISTRIBUTION': maxForks=0; fair=false; array=0
Mar-20 04:55:25.282 [main] DEBUG n.script.dsl.ProcessConfigBuilder - Config settings `withLabel:process_medium` matches labels `process_medium` for process with name NFCORE_RNASEQ:RNASEQ:BAM_RSEQC:RSEQC_READDUPLICATION
Mar-20 04:55:25.283 [main] DEBUG n.script.dsl.ProcessConfigBuilder - Config settings `withName:.*:BAM_RSEQC:RSEQC_READDUPLICATION` matches process NFCORE_RNASEQ:RNASEQ:BAM_RSEQC:RSEQC_READDUPLICATION
Mar-20 04:55:25.284 [main] DEBUG nextflow.executor.ExecutorFactory - << taskConfig executor: null
Mar-20 04:55:25.284 [main] DEBUG nextflow.executor.ExecutorFactory - >> processorType: 'local'
Mar-20 04:55:25.284 [main] DEBUG nextflow.processor.TaskProcessor - Creating process 'NFCORE_RNASEQ:RNASEQ:BAM_RSEQC:RSEQC_READDUPLICATION': maxForks=0; fair=false; array=0
Mar-20 04:55:25.310 [main] DEBUG n.script.dsl.ProcessConfigBuilder - Config settings `withLabel:process_medium` matches labels `process_medium` for process with name NFCORE_RNASEQ:RNASEQ:QUANTIFY_PSEUDO_ALIGNMENT:SALMON_QUANT
Mar-20 04:55:25.312 [main] DEBUG n.script.dsl.ProcessConfigBuilder - Config settings `withName:.*:QUANTIFY_PSEUDO_ALIGNMENT:SALMON_QUANT` matches process NFCORE_RNASEQ:RNASEQ:QUANTIFY_PSEUDO_ALIGNMENT:SALMON_QUANT
Mar-20 04:55:25.313 [main] DEBUG nextflow.executor.ExecutorFactory - << taskConfig executor: null
Mar-20 04:55:25.313 [main] DEBUG nextflow.executor.ExecutorFactory - >> processorType: 'local'
Mar-20 04:55:25.313 [main] DEBUG nextflow.processor.TaskProcessor - Creating process 'NFCORE_RNASEQ:RNASEQ:QUANTIFY_PSEUDO_ALIGNMENT:SALMON_QUANT': maxForks=0; fair=false; array=0
Mar-20 04:55:25.322 [main] DEBUG n.script.dsl.ProcessConfigBuilder - Config settings `withLabel:process_low` matches labels `process_low` for process with name NFCORE_RNASEQ:RNASEQ:QUANTIFY_PSEUDO_ALIGNMENT:TX2GENE
Mar-20 04:55:25.323 [main] DEBUG n.script.dsl.ProcessConfigBuilder - Config settings `withName:.*:QUANTIFY_PSEUDO_ALIGNMENT:TX2GENE` matches process NFCORE_RNASEQ:RNASEQ:QUANTIFY_PSEUDO_ALIGNMENT:TX2GENE
Mar-20 04:55:25.324 [main] DEBUG nextflow.executor.ExecutorFactory - << taskConfig executor: null
Mar-20 04:55:25.324 [main] DEBUG nextflow.executor.ExecutorFactory - >> processorType: 'local'
Mar-20 04:55:25.325 [main] DEBUG nextflow.processor.TaskProcessor - Creating process 'NFCORE_RNASEQ:RNASEQ:QUANTIFY_PSEUDO_ALIGNMENT:TX2GENE': maxForks=0; fair=false; array=0
Mar-20 04:55:25.332 [main] DEBUG n.script.dsl.ProcessConfigBuilder - Config settings `withLabel:process_medium` matches labels `process_medium` for process with name NFCORE_RNASEQ:RNASEQ:QUANTIFY_PSEUDO_ALIGNMENT:TXIMPORT
Mar-20 04:55:25.333 [main] DEBUG n.script.dsl.ProcessConfigBuilder - Config settings `withName:.*:QUANTIFY_PSEUDO_ALIGNMENT:TXIMPORT` matches process NFCORE_RNASEQ:RNASEQ:QUANTIFY_PSEUDO_ALIGNMENT:TXIMPORT
Mar-20 04:55:25.333 [main] DEBUG nextflow.executor.ExecutorFactory - << taskConfig executor: null
Mar-20 04:55:25.333 [main] DEBUG nextflow.executor.ExecutorFactory - >> processorType: 'local'
Mar-20 04:55:25.334 [main] DEBUG nextflow.processor.TaskProcessor - Creating process 'NFCORE_RNASEQ:RNASEQ:QUANTIFY_PSEUDO_ALIGNMENT:TXIMPORT': maxForks=0; fair=false; array=0
Mar-20 04:55:25.342 [main] DEBUG n.script.dsl.ProcessConfigBuilder - Config settings `withLabel:process_medium` matches labels `process_medium` for process with name NFCORE_RNASEQ:RNASEQ:QUANTIFY_PSEUDO_ALIGNMENT:SE_GENE
Mar-20 04:55:25.343 [main] DEBUG n.script.dsl.ProcessConfigBuilder - Config settings `withName:.*:QUANTIFY_PSEUDO_ALIGNMENT:SE_.*` matches process NFCORE_RNASEQ:RNASEQ:QUANTIFY_PSEUDO_ALIGNMENT:SE_GENE
Mar-20 04:55:25.344 [main] DEBUG nextflow.executor.ExecutorFactory - << taskConfig executor: null
Mar-20 04:55:25.344 [main] DEBUG nextflow.executor.ExecutorFactory - >> processorType: 'local'
Mar-20 04:55:25.345 [main] DEBUG nextflow.processor.TaskProcessor - Creating process 'NFCORE_RNASEQ:RNASEQ:QUANTIFY_PSEUDO_ALIGNMENT:SE_GENE': maxForks=0; fair=false; array=0
Mar-20 04:55:25.350 [main] DEBUG n.script.dsl.ProcessConfigBuilder - Config settings `withLabel:process_medium` matches labels `process_medium` for process with name NFCORE_RNASEQ:RNASEQ:QUANTIFY_PSEUDO_ALIGNMENT:SE_GENE_LENGTH_SCALED
Mar-20 04:55:25.352 [main] DEBUG n.script.dsl.ProcessConfigBuilder - Config settings `withName:.*:QUANTIFY_PSEUDO_ALIGNMENT:SE_.*` matches process NFCORE_RNASEQ:RNASEQ:QUANTIFY_PSEUDO_ALIGNMENT:SE_GENE_LENGTH_SCALED
Mar-20 04:55:25.353 [main] DEBUG nextflow.executor.ExecutorFactory - << taskConfig executor: null
Mar-20 04:55:25.353 [main] DEBUG nextflow.executor.ExecutorFactory - >> processorType: 'local'
Mar-20 04:55:25.354 [main] DEBUG nextflow.processor.TaskProcessor - Creating process 'NFCORE_RNASEQ:RNASEQ:QUANTIFY_PSEUDO_ALIGNMENT:SE_GENE_LENGTH_SCALED': maxForks=0; fair=false; array=0
Mar-20 04:55:25.360 [main] DEBUG n.script.dsl.ProcessConfigBuilder - Config settings `withLabel:process_medium` matches labels `process_medium` for process with name NFCORE_RNASEQ:RNASEQ:QUANTIFY_PSEUDO_ALIGNMENT:SE_GENE_SCALED
Mar-20 04:55:25.362 [main] DEBUG n.script.dsl.ProcessConfigBuilder - Config settings `withName:.*:QUANTIFY_PSEUDO_ALIGNMENT:SE_.*` matches process NFCORE_RNASEQ:RNASEQ:QUANTIFY_PSEUDO_ALIGNMENT:SE_GENE_SCALED
Mar-20 04:55:25.363 [main] DEBUG nextflow.executor.ExecutorFactory - << taskConfig executor: null
Mar-20 04:55:25.363 [main] DEBUG nextflow.executor.ExecutorFactory - >> processorType: 'local'
Mar-20 04:55:25.363 [main] DEBUG nextflow.processor.TaskProcessor - Creating process 'NFCORE_RNASEQ:RNASEQ:QUANTIFY_PSEUDO_ALIGNMENT:SE_GENE_SCALED': maxForks=0; fair=false; array=0
Mar-20 04:55:25.366 [main] DEBUG n.script.dsl.ProcessConfigBuilder - Config settings `withLabel:process_medium` matches labels `process_medium` for process with name NFCORE_RNASEQ:RNASEQ:QUANTIFY_PSEUDO_ALIGNMENT:SE_TRANSCRIPT
Mar-20 04:55:25.367 [main] DEBUG n.script.dsl.ProcessConfigBuilder - Config settings `withName:.*:QUANTIFY_PSEUDO_ALIGNMENT:SE_.*` matches process NFCORE_RNASEQ:RNASEQ:QUANTIFY_PSEUDO_ALIGNMENT:SE_TRANSCRIPT
Mar-20 04:55:25.368 [main] DEBUG nextflow.executor.ExecutorFactory - << taskConfig executor: null
Mar-20 04:55:25.368 [main] DEBUG nextflow.executor.ExecutorFactory - >> processorType: 'local'
Mar-20 04:55:25.369 [main] DEBUG nextflow.processor.TaskProcessor - Creating process 'NFCORE_RNASEQ:RNASEQ:QUANTIFY_PSEUDO_ALIGNMENT:SE_TRANSCRIPT': maxForks=0; fair=false; array=0
Mar-20 04:55:25.373 [main] DEBUG n.script.dsl.ProcessConfigBuilder - Config settings `withLabel:process_medium` matches labels `process_medium` for process with name NFCORE_RNASEQ:RNASEQ:DESEQ2_QC_PSEUDO
Mar-20 04:55:25.374 [main] DEBUG n.script.dsl.ProcessConfigBuilder - Config settings `withName:DESEQ2_QC_PSEUDO` matches process NFCORE_RNASEQ:RNASEQ:DESEQ2_QC_PSEUDO
Mar-20 04:55:25.375 [main] DEBUG nextflow.executor.ExecutorFactory - << taskConfig executor: null
Mar-20 04:55:25.376 [main] DEBUG nextflow.executor.ExecutorFactory - >> processorType: 'local'
Mar-20 04:55:25.376 [main] DEBUG nextflow.processor.TaskProcessor - Creating process 'NFCORE_RNASEQ:RNASEQ:DESEQ2_QC_PSEUDO': maxForks=0; fair=false; array=0
Mar-20 04:55:25.401 [main] DEBUG n.script.dsl.ProcessConfigBuilder - Config settings `withLabel:process_single` matches labels `process_single` for process with name NFCORE_RNASEQ:RNASEQ:CUSTOM_DUMPSOFTWAREVERSIONS
Mar-20 04:55:25.402 [main] DEBUG n.script.dsl.ProcessConfigBuilder - Config settings `withName:CUSTOM_DUMPSOFTWAREVERSIONS` matches process NFCORE_RNASEQ:RNASEQ:CUSTOM_DUMPSOFTWAREVERSIONS
Mar-20 04:55:25.404 [main] DEBUG nextflow.executor.ExecutorFactory - << taskConfig executor: null
Mar-20 04:55:25.404 [main] DEBUG nextflow.executor.ExecutorFactory - >> processorType: 'local'
Mar-20 04:55:25.405 [main] DEBUG nextflow.processor.TaskProcessor - Creating process 'NFCORE_RNASEQ:RNASEQ:CUSTOM_DUMPSOFTWAREVERSIONS': maxForks=0; fair=false; array=0
Mar-20 04:55:25.517 [main] DEBUG n.script.dsl.ProcessConfigBuilder - Config settings `withLabel:process_medium` matches labels `process_medium` for process with name NFCORE_RNASEQ:RNASEQ:MULTIQC
Mar-20 04:55:25.518 [main] DEBUG n.script.dsl.ProcessConfigBuilder - Config settings `withName:MULTIQC` matches process NFCORE_RNASEQ:RNASEQ:MULTIQC
Mar-20 04:55:25.520 [main] DEBUG nextflow.executor.ExecutorFactory - << taskConfig executor: null
Mar-20 04:55:25.520 [main] DEBUG nextflow.executor.ExecutorFactory - >> processorType: 'local'
Mar-20 04:55:25.520 [main] DEBUG nextflow.processor.TaskProcessor - Creating process 'NFCORE_RNASEQ:RNASEQ:MULTIQC': maxForks=0; fair=false; array=0
Mar-20 04:55:25.545 [main] DEBUG nextflow.Session - Config process names validation disabled as requested
Mar-20 04:55:25.547 [main] DEBUG nextflow.Session - Igniting dataflow network (142)
Mar-20 04:55:25.550 [main] DEBUG nextflow.processor.TaskProcessor - Starting process > NFCORE_RNASEQ:RNASEQ:PREPARE_GENOME:GTF_FILTER
Mar-20 04:55:25.551 [main] DEBUG nextflow.processor.TaskProcessor - Starting process > NFCORE_RNASEQ:RNASEQ:PREPARE_GENOME:MAKE_TRANSCRIPTS_FASTA
Mar-20 04:55:25.552 [main] DEBUG nextflow.processor.TaskProcessor - Starting process > NFCORE_RNASEQ:RNASEQ:PREPARE_GENOME:CUSTOM_GETCHROMSIZES
Mar-20 04:55:25.552 [main] DEBUG nextflow.processor.TaskProcessor - Starting process > NFCORE_RNASEQ:RNASEQ:PREPARE_GENOME:HISAT2_EXTRACTSPLICESITES
Mar-20 04:55:25.552 [main] DEBUG nextflow.processor.TaskProcessor - Starting process > NFCORE_RNASEQ:RNASEQ:PREPARE_GENOME:HISAT2_BUILD
Mar-20 04:55:25.552 [main] DEBUG nextflow.processor.TaskProcessor - Starting process > NFCORE_RNASEQ:RNASEQ:PREPARE_GENOME:SALMON_INDEX
Mar-20 04:55:25.552 [main] DEBUG nextflow.processor.TaskProcessor - Starting process > NFCORE_RNASEQ:RNASEQ:CAT_FASTQ
Mar-20 04:55:25.553 [main] DEBUG nextflow.processor.TaskProcessor - Starting process > NFCORE_RNASEQ:RNASEQ:FASTQ_FASTQC_UMITOOLS_TRIMGALORE:FASTQC
Mar-20 04:55:25.553 [main] DEBUG nextflow.processor.TaskProcessor - Starting process > NFCORE_RNASEQ:RNASEQ:FASTQ_FASTQC_UMITOOLS_TRIMGALORE:TRIMGALORE
Mar-20 04:55:25.553 [main] DEBUG nextflow.processor.TaskProcessor - Starting process > NFCORE_RNASEQ:RNASEQ:FASTQ_SUBSAMPLE_FQ_SALMON:FQ_SUBSAMPLE
Mar-20 04:55:25.553 [main] DEBUG nextflow.processor.TaskProcessor - Starting process > NFCORE_RNASEQ:RNASEQ:FASTQ_SUBSAMPLE_FQ_SALMON:SALMON_QUANT
Mar-20 04:55:25.555 [main] DEBUG nextflow.processor.TaskProcessor - Starting process > NFCORE_RNASEQ:RNASEQ:FASTQ_ALIGN_HISAT2:HISAT2_ALIGN
Mar-20 04:55:25.555 [main] DEBUG nextflow.processor.TaskProcessor - Starting process > NFCORE_RNASEQ:RNASEQ:FASTQ_ALIGN_HISAT2:BAM_SORT_STATS_SAMTOOLS:SAMTOOLS_SORT
Mar-20 04:55:25.555 [main] DEBUG nextflow.processor.TaskProcessor - Starting process > NFCORE_RNASEQ:RNASEQ:FASTQ_ALIGN_HISAT2:BAM_SORT_STATS_SAMTOOLS:SAMTOOLS_INDEX
Mar-20 04:55:25.555 [main] DEBUG nextflow.processor.TaskProcessor - Starting process > NFCORE_RNASEQ:RNASEQ:FASTQ_ALIGN_HISAT2:BAM_SORT_STATS_SAMTOOLS:BAM_STATS_SAMTOOLS:SAMTOOLS_STATS
Mar-20 04:55:25.555 [main] DEBUG nextflow.processor.TaskProcessor - Starting process > NFCORE_RNASEQ:RNASEQ:FASTQ_ALIGN_HISAT2:BAM_SORT_STATS_SAMTOOLS:BAM_STATS_SAMTOOLS:SAMTOOLS_FLAGSTAT
Mar-20 04:55:25.555 [main] DEBUG nextflow.processor.TaskProcessor - Starting process > NFCORE_RNASEQ:RNASEQ:FASTQ_ALIGN_HISAT2:BAM_SORT_STATS_SAMTOOLS:BAM_STATS_SAMTOOLS:SAMTOOLS_IDXSTATS
Mar-20 04:55:25.555 [main] DEBUG nextflow.processor.TaskProcessor - Starting process > NFCORE_RNASEQ:RNASEQ:BAM_MARKDUPLICATES_PICARD:PICARD_MARKDUPLICATES
Mar-20 04:55:25.555 [main] DEBUG nextflow.processor.TaskProcessor - Starting process > NFCORE_RNASEQ:RNASEQ:BAM_MARKDUPLICATES_PICARD:SAMTOOLS_INDEX
Mar-20 04:55:25.556 [main] DEBUG nextflow.processor.TaskProcessor - Starting process > NFCORE_RNASEQ:RNASEQ:BAM_MARKDUPLICATES_PICARD:BAM_STATS_SAMTOOLS:SAMTOOLS_STATS
Mar-20 04:55:25.556 [main] DEBUG nextflow.processor.TaskProcessor - Starting process > NFCORE_RNASEQ:RNASEQ:BAM_MARKDUPLICATES_PICARD:BAM_STATS_SAMTOOLS:SAMTOOLS_FLAGSTAT
Mar-20 04:55:25.556 [main] DEBUG nextflow.processor.TaskProcessor - Starting process > NFCORE_RNASEQ:RNASEQ:BAM_MARKDUPLICATES_PICARD:BAM_STATS_SAMTOOLS:SAMTOOLS_IDXSTATS
Mar-20 04:55:25.556 [main] DEBUG nextflow.processor.TaskProcessor - Starting process > NFCORE_RNASEQ:RNASEQ:STRINGTIE_STRINGTIE
Mar-20 04:55:25.556 [main] DEBUG nextflow.processor.TaskProcessor - Starting process > NFCORE_RNASEQ:RNASEQ:SUBREAD_FEATURECOUNTS
Mar-20 04:55:25.558 [Actor Thread 2] DEBUG nextflow.file.SortFileCollector - FileCollector temp dir not removed: null
Mar-20 04:55:25.558 [main] DEBUG nextflow.processor.TaskProcessor - Starting process > NFCORE_RNASEQ:RNASEQ:MULTIQC_CUSTOM_BIOTYPE
Mar-20 04:55:25.559 [main] DEBUG nextflow.processor.TaskProcessor - Starting process > NFCORE_RNASEQ:RNASEQ:BEDTOOLS_GENOMECOV
Mar-20 04:55:25.559 [main] DEBUG nextflow.processor.TaskProcessor - Starting process > NFCORE_RNASEQ:RNASEQ:BEDGRAPH_BEDCLIP_BEDGRAPHTOBIGWIG_FORWARD:UCSC_BEDCLIP
Mar-20 04:55:25.559 [main] DEBUG nextflow.processor.TaskProcessor - Starting process > NFCORE_RNASEQ:RNASEQ:BEDGRAPH_BEDCLIP_BEDGRAPHTOBIGWIG_FORWARD:UCSC_BEDGRAPHTOBIGWIG
Mar-20 04:55:25.560 [main] DEBUG nextflow.processor.TaskProcessor - Starting process > NFCORE_RNASEQ:RNASEQ:BEDGRAPH_BEDCLIP_BEDGRAPHTOBIGWIG_REVERSE:UCSC_BEDCLIP
Mar-20 04:55:25.560 [main] DEBUG nextflow.processor.TaskProcessor - Starting process > NFCORE_RNASEQ:RNASEQ:BEDGRAPH_BEDCLIP_BEDGRAPHTOBIGWIG_REVERSE:UCSC_BEDGRAPHTOBIGWIG
Mar-20 04:55:25.560 [main] DEBUG nextflow.processor.TaskProcessor - Starting process > NFCORE_RNASEQ:RNASEQ:QUALIMAP_RNASEQ
Mar-20 04:55:25.560 [main] DEBUG nextflow.processor.TaskProcessor - Starting process > NFCORE_RNASEQ:RNASEQ:DUPRADAR
Mar-20 04:55:25.560 [main] DEBUG nextflow.processor.TaskProcessor - Starting process > NFCORE_RNASEQ:RNASEQ:BAM_RSEQC:RSEQC_BAMSTAT
Mar-20 04:55:25.560 [main] DEBUG nextflow.processor.TaskProcessor - Starting process > NFCORE_RNASEQ:RNASEQ:BAM_RSEQC:RSEQC_INNERDISTANCE
Mar-20 04:55:25.560 [main] DEBUG nextflow.processor.TaskProcessor - Starting process > NFCORE_RNASEQ:RNASEQ:BAM_RSEQC:RSEQC_INFEREXPERIMENT
Mar-20 04:55:25.560 [main] DEBUG nextflow.processor.TaskProcessor - Starting process > NFCORE_RNASEQ:RNASEQ:BAM_RSEQC:RSEQC_JUNCTIONANNOTATION
Mar-20 04:55:25.560 [main] DEBUG nextflow.processor.TaskProcessor - Starting process > NFCORE_RNASEQ:RNASEQ:BAM_RSEQC:RSEQC_JUNCTIONSATURATION
Mar-20 04:55:25.560 [main] DEBUG nextflow.processor.TaskProcessor - Starting process > NFCORE_RNASEQ:RNASEQ:BAM_RSEQC:RSEQC_READDISTRIBUTION
Mar-20 04:55:25.561 [main] DEBUG nextflow.processor.TaskProcessor - Starting process > NFCORE_RNASEQ:RNASEQ:BAM_RSEQC:RSEQC_READDUPLICATION
Mar-20 04:55:25.561 [main] DEBUG nextflow.processor.TaskProcessor - Starting process > NFCORE_RNASEQ:RNASEQ:QUANTIFY_PSEUDO_ALIGNMENT:SALMON_QUANT
Mar-20 04:55:25.561 [main] DEBUG nextflow.processor.TaskProcessor - Starting process > NFCORE_RNASEQ:RNASEQ:QUANTIFY_PSEUDO_ALIGNMENT:TX2GENE
Mar-20 04:55:25.561 [main] DEBUG nextflow.processor.TaskProcessor - Starting process > NFCORE_RNASEQ:RNASEQ:QUANTIFY_PSEUDO_ALIGNMENT:TXIMPORT
Mar-20 04:55:25.561 [main] DEBUG nextflow.processor.TaskProcessor - Starting process > NFCORE_RNASEQ:RNASEQ:QUANTIFY_PSEUDO_ALIGNMENT:SE_GENE
Mar-20 04:55:25.561 [main] DEBUG nextflow.processor.TaskProcessor - Starting process > NFCORE_RNASEQ:RNASEQ:QUANTIFY_PSEUDO_ALIGNMENT:SE_GENE_LENGTH_SCALED
Mar-20 04:55:25.561 [main] DEBUG nextflow.processor.TaskProcessor - Starting process > NFCORE_RNASEQ:RNASEQ:QUANTIFY_PSEUDO_ALIGNMENT:SE_GENE_SCALED
Mar-20 04:55:25.561 [main] DEBUG nextflow.processor.TaskProcessor - Starting process > NFCORE_RNASEQ:RNASEQ:QUANTIFY_PSEUDO_ALIGNMENT:SE_TRANSCRIPT
Mar-20 04:55:25.561 [main] DEBUG nextflow.processor.TaskProcessor - Starting process > NFCORE_RNASEQ:RNASEQ:DESEQ2_QC_PSEUDO
Mar-20 04:55:25.561 [main] DEBUG nextflow.processor.TaskProcessor - Starting process > NFCORE_RNASEQ:RNASEQ:CUSTOM_DUMPSOFTWAREVERSIONS
Mar-20 04:55:25.561 [main] DEBUG nextflow.processor.TaskProcessor - Starting process > NFCORE_RNASEQ:RNASEQ:MULTIQC
Mar-20 04:55:25.563 [main] DEBUG nextflow.script.ScriptRunner - Parsed script files:
  Script_e2630658c898fe40: /root/rnaseq-bench/.nextflow/assets/nf-core/rnaseq/modules/local/deseq2_qc/main.nf
  Script_34ba2812f30702a7: /root/rnaseq-bench/.nextflow/assets/nf-core/rnaseq/modules/local/umitools_prepareforrsem/main.nf
  Script_6b19e24a26493d52: /root/rnaseq-bench/.nextflow/assets/nf-core/rnaseq/modules/nf-core/sortmerna/main.nf
  Script_673026636b2831f5: /root/rnaseq-bench/.nextflow/assets/nf-core/rnaseq/modules/nf-core/umitools/dedup/main.nf
  Script_d796aa85128d1482: /root/rnaseq-bench/.nextflow/assets/nf-core/rnaseq/modules/nf-core/trimgalore/main.nf
  Script_a6d1af179eafaaba: /root/rnaseq-bench/.nextflow/assets/nf-core/rnaseq/modules/nf-core/bbmap/bbsplit/main.nf
  Script_cdbce3e23a8f89e8: /root/rnaseq-bench/.nextflow/assets/nf-core/rnaseq/subworkflows/nf-core/bam_stats_samtools/main.nf
  Script_61c3ce7fada41b46: /root/rnaseq-bench/.nextflow/assets/nf-core/rnaseq/modules/local/multiqc_custom_biotype/main.nf
  Script_547b2784134e812e: /root/rnaseq-bench/.nextflow/assets/nf-core/rnaseq/modules/nf-core/rseqc/bamstat/main.nf
  Script_01be85e6c9570169: /root/rnaseq-bench/.nextflow/assets/nf-core/rnaseq/modules/local/multiqc/main.nf
  Script_58e794dbd977701f: /root/rnaseq-bench/.nextflow/assets/nf-core/rnaseq/modules/nf-core/samtools/index/main.nf
  Script_d1a9b70e0dfbb833: /root/rnaseq-bench/.nextflow/assets/nf-core/rnaseq/subworkflows/nf-core/bam_rseqc/main.nf
  Script_a4ac0ea044c720d7: /root/rnaseq-bench/.nextflow/assets/nf-core/rnaseq/subworkflows/local/quantify_rsem/main.nf
  Script_f41a20a3a562e689: /root/rnaseq-bench/.nextflow/assets/nf-core/rnaseq/modules/local/bedtools_genomecov/main.nf
  Script_48287a9e4162d8a9: /root/rnaseq-bench/.nextflow/assets/nf-core/rnaseq/modules/nf-core/rseqc/junctionsaturation/main.nf
  Script_28988da553552ea1: /root/rnaseq-bench/.nextflow/assets/nf-core/rnaseq/modules/local/gtf2bed/main.nf
  Script_9768c067a05f91e9: /root/rnaseq-bench/.nextflow/assets/nf-core/rnaseq/modules/local/tximport/main.nf
  Script_893ba4a8cb5dd8d4: /root/rnaseq-bench/.nextflow/assets/nf-core/rnaseq/modules/nf-core/untar/main.nf
  Script_4a8d3b4ff2edeb32: /root/rnaseq-bench/.nextflow/assets/nf-core/rnaseq/modules/nf-core/rseqc/readduplication/main.nf
  Script_502b6aa3ba845e26: /root/rnaseq-bench/.nextflow/assets/nf-core/rnaseq/modules/nf-core/custom/dumpsoftwareversions/main.nf
  Script_50ac8c61b2d88259: /root/rnaseq-bench/.nextflow/assets/nf-core/rnaseq/modules/local/star_align_igenomes/main.nf
  Script_2fa4b6601d9aa276: /root/rnaseq-bench/.nextflow/assets/nf-core/rnaseq/modules/nf-core/samtools/flagstat/main.nf
  Script_4f6739ae1680d27b: /root/rnaseq-bench/.nextflow/assets/nf-core/rnaseq/subworkflows/nf-core/bam_sort_stats_samtools/main.nf
  Script_7bbd1ec48b03ff67: /root/rnaseq-bench/.nextflow/assets/nf-core/rnaseq/subworkflows/nf-core/bedgraph_bedclip_bedgraphtobigwig/main.nf
  Script_ad119ddb6089cee6: /root/rnaseq-bench/.nextflow/assets/nf-core/rnaseq/modules/local/star_genomegenerate_igenomes/main.nf
  Script_e2e56b17c72cf182: /root/rnaseq-bench/.nextflow/assets/nf-core/rnaseq/modules/nf-core/kallisto/index/main.nf
  Script_023d2c935be30472: /root/rnaseq-bench/.nextflow/assets/nf-core/rnaseq/main.nf
  Script_d8f4ff0ac99235df: /root/rnaseq-bench/.nextflow/assets/nf-core/rnaseq/modules/nf-core/kallisto/quant/main.nf
  Script_6bf902dd399b1bf6: /root/rnaseq-bench/.nextflow/assets/nf-core/rnaseq/modules/nf-core/fastqc/main.nf
  Script_dbfcd99b4643d9a2: /root/rnaseq-bench/.nextflow/assets/nf-core/rnaseq/subworkflows/nf-core/bam_markduplicates_picard/main.nf
  Script_b8de0c3b09f058c1: /root/rnaseq-bench/.nextflow/assets/nf-core/rnaseq/subworkflows/local/prepare_genome/main.nf
  Script_36d4290842df373a: /root/rnaseq-bench/.nextflow/assets/nf-core/rnaseq/modules/nf-core/samtools/sort/main.nf
  Script_0bcd59939d66b312: /root/rnaseq-bench/.nextflow/assets/nf-core/rnaseq/modules/nf-core/star/genomegenerate/main.nf
  Script_cd6f3947962f62c4: /root/rnaseq-bench/.nextflow/assets/nf-core/rnaseq/modules/nf-core/gunzip/main.nf
  Script_77e22a61eb1f2dd3: /root/rnaseq-bench/.nextflow/assets/nf-core/rnaseq/modules/nf-core/fastp/main.nf
  Script_86dc49bc95f589f5: /root/rnaseq-bench/.nextflow/assets/nf-core/rnaseq/modules/nf-core/star/align/main.nf
  Script_0ece4f9f87f44994: /root/rnaseq-bench/.nextflow/assets/nf-core/rnaseq/modules/nf-core/hisat2/align/main.nf
  Script_8c2fb876e2407727: /root/rnaseq-bench/.nextflow/assets/nf-core/rnaseq/modules/nf-core/salmon/index/main.nf
  Script_5035106a6d4a4c78: /root/rnaseq-bench/.nextflow/assets/nf-core/rnaseq/modules/nf-core/rsem/calculateexpression/main.nf
  Script_ef7f9d1ec8699697: /root/rnaseq-bench/.nextflow/assets/nf-core/rnaseq/modules/nf-core/umitools/extract/main.nf
  Script_d5246004cd2515da: /root/rnaseq-bench/.nextflow/assets/nf-core/rnaseq/modules/nf-core/rseqc/readdistribution/main.nf
  Script_f6daae3b2f230e87: /root/rnaseq-bench/.nextflow/assets/nf-core/rnaseq/modules/local/summarizedexperiment/main.nf
  Script_d528242dc97acc08: /root/rnaseq-bench/.nextflow/assets/nf-core/rnaseq/modules/local/cat_additional_fasta/main.nf
  Script_03e47f2ea1ad4bda: /root/rnaseq-bench/.nextflow/assets/nf-core/rnaseq/modules/nf-core/samtools/stats/main.nf
  Script_962c2ce5d43568d5: /root/rnaseq-bench/.nextflow/assets/nf-core/rnaseq/modules/nf-core/stringtie/stringtie/main.nf
  Script_15aad8e3750532d8: /root/rnaseq-bench/.nextflow/assets/nf-core/rnaseq/modules/nf-core/rseqc/inferexperiment/main.nf
  Script_32be0b964abad83e: /root/rnaseq-bench/.nextflow/assets/nf-core/rnaseq/modules/nf-core/preseq/lcextrap/main.nf
  Script_59bebcfe6e6c5be7: /root/rnaseq-bench/.nextflow/assets/nf-core/rnaseq/modules/nf-core/ucsc/bedgraphtobigwig/main.nf
  Script_9e89f1fdf9ced4f0: /root/rnaseq-bench/.nextflow/assets/nf-core/rnaseq/modules/nf-core/samtools/idxstats/main.nf
  Script_7329460fefebed16: /root/rnaseq-bench/.nextflow/assets/nf-core/rnaseq/subworkflows/local/align_star/main.nf
  Script_424e39626e3efddc: /root/rnaseq-bench/.nextflow/assets/nf-core/rnaseq/modules/nf-core/hisat2/build/main.nf
  Script_ce727ac81418a182: /root/rnaseq-bench/.nextflow/assets/nf-core/rnaseq/modules/nf-core/rseqc/innerdistance/main.nf
  Script_560e11be19b372ad: /root/rnaseq-bench/.nextflow/assets/nf-core/rnaseq/modules/local/rsem_merge_counts/main.nf
  Script_766f7e39f48e49dd: /root/rnaseq-bench/.nextflow/assets/nf-core/rnaseq/modules/nf-core/rseqc/junctionannotation/main.nf
  Script_a25682ea8940372b: /root/rnaseq-bench/.nextflow/assets/nf-core/rnaseq/subworkflows/nf-core/bam_dedup_stats_samtools_umitools/main.nf
  Script_a8680b05987b83ce: /root/rnaseq-bench/.nextflow/assets/nf-core/rnaseq/modules/nf-core/fq/subsample/main.nf
  Script_a6969db08b6a2fa3: /root/rnaseq-bench/.nextflow/assets/nf-core/rnaseq/modules/nf-core/rsem/preparereference/main.nf
  Script_4f4d47ffc2aec98f: /root/rnaseq-bench/.nextflow/assets/nf-core/rnaseq/modules/nf-core/rseqc/tin/main.nf
  Script_91b94b1b2c123e51: /root/rnaseq-bench/.nextflow/assets/nf-core/rnaseq/subworkflows/local/quantify_pseudo/main.nf
  Script_52a402eec631a008: /root/rnaseq-bench/.nextflow/assets/nf-core/rnaseq/modules/nf-core/subread/featurecounts/main.nf
  Script_e1744fc9afdc235e: /root/rnaseq-bench/.nextflow/assets/nf-core/rnaseq/modules/local/gtf_filter/main.nf
  Script_40c85c154a33da2e: /root/rnaseq-bench/.nextflow/assets/nf-core/rnaseq/modules/nf-core/qualimap/rnaseq/main.nf
  Script_04d488c7ab8c434e: /root/rnaseq-bench/.nextflow/assets/nf-core/rnaseq/modules/local/preprocess_transcripts_fasta_gencode/main.nf
  Script_3d373e9ea7e32c45: /root/rnaseq-bench/.nextflow/assets/nf-core/rnaseq/subworkflows/nf-core/fastq_subsample_fq_salmon/main.nf
  Script_69dcaec0b873a44f: /root/rnaseq-bench/.nextflow/assets/nf-core/rnaseq/modules/local/dupradar/main.nf
  Script_aaa732d0dff599b5: /root/rnaseq-bench/.nextflow/assets/nf-core/rnaseq/modules/nf-core/ucsc/bedclip/main.nf
  Script_01525ffa4dcd5952: /root/rnaseq-bench/.nextflow/assets/nf-core/rnaseq/modules/nf-core/picard/markduplicates/main.nf
  Script_ee92193e093c17f9: /root/rnaseq-bench/.nextflow/assets/nf-core/rnaseq/modules/nf-core/cat/fastq/main.nf
  Script_f31f876704902403: /root/rnaseq-bench/.nextflow/assets/nf-core/rnaseq/modules/local/tx2gene/main.nf
  Script_5f794e9468aa1f6f: /root/rnaseq-bench/.nextflow/assets/nf-core/rnaseq/subworkflows/nf-core/fastq_fastqc_umitools_trimgalore/main.nf
  Script_c500707623393013: /root/rnaseq-bench/.nextflow/assets/nf-core/rnaseq/modules/nf-core/hisat2/extractsplicesites/main.nf
  Script_36edeae94666a272: /root/rnaseq-bench/.nextflow/assets/nf-core/rnaseq/modules/nf-core/custom/getchromsizes/main.nf
  Script_1d5ac5ca703fb43c: /root/rnaseq-bench/.nextflow/assets/nf-core/rnaseq/modules/nf-core/gffread/main.nf
  Script_4252288c0b8e38d5: /root/rnaseq-bench/.nextflow/assets/nf-core/rnaseq/subworkflows/nf-core/fastq_fastqc_umitools_fastp/main.nf
  Script_a1f1676a62a35970: /root/rnaseq-bench/.nextflow/assets/nf-core/rnaseq/workflows/rnaseq.nf
  Script_fb75b7b95d3b5ff0: /root/rnaseq-bench/.nextflow/assets/nf-core/rnaseq/subworkflows/nf-core/fastq_align_hisat2/main.nf
  Script_262fb08c188e9bfd: /root/rnaseq-bench/.nextflow/assets/nf-core/rnaseq/modules/nf-core/salmon/quant/main.nf
Mar-20 04:55:25.563 [main] DEBUG nextflow.script.ScriptRunner - > Awaiting termination 
Mar-20 04:55:25.563 [main] DEBUG nextflow.Session - Session await
Mar-20 04:55:25.721 [Actor Thread 23] DEBUG nextflow.sort.BigSort - Sort completed -- entries: 1; slices: 1; internal sort time: 0.001 s; external sort time: 0.009 s; total time: 0.01 s
Mar-20 04:55:25.721 [Actor Thread 4] DEBUG nextflow.sort.BigSort - Sort completed -- entries: 1; slices: 1; internal sort time: 0.001 s; external sort time: 0.009 s; total time: 0.01 s
Mar-20 04:55:25.731 [Actor Thread 23] DEBUG nextflow.file.FileCollector - Saved collect-files list to: /mnt/data/work/collect-file/c6152d63ddeb3d993b64fbbd56054c06
Mar-20 04:55:25.732 [Actor Thread 4] DEBUG nextflow.file.FileCollector - Saved collect-files list to: /mnt/data/work/collect-file/2d52e7baee3779c6d72b2792cdd1e032
Mar-20 04:55:25.735 [Actor Thread 23] DEBUG nextflow.file.FileCollector - Deleting file collector temp dir: /mnt/data/tmp/nxf-6820131666699787454
Mar-20 04:55:25.736 [Actor Thread 4] DEBUG nextflow.file.FileCollector - Deleting file collector temp dir: /mnt/data/tmp/nxf-14322124394528135906
Mar-20 04:55:27.980 [FileTransfer-1] DEBUG nextflow.file.FilePorter - Copying foreign file s3://ngi-igenomes/igenomes/Homo_sapiens/Ensembl/GRCh37/Sequence/WholeGenomeFasta/genome.fa to work dir: /mnt/data/work/stage-1f4de637-af79-4439-9bfc-d3eabf7af931/ed/dafaea35374947580133006d0d59ef/genome.fa
Mar-20 04:55:28.146 [FileTransfer-1] DEBUG n.cloud.aws.nio.S3FileSystemProvider - S3 download file from=s3://ngi-igenomes/igenomes/Homo_sapiens/Ensembl/GRCh37/Sequence/WholeGenomeFasta/genome.fa to=/mnt/data/work/stage-1f4de637-af79-4439-9bfc-d3eabf7af931/ed/dafaea35374947580133006d0d59ef/genome.fa size=3147288982
Mar-20 04:55:28.148 [FileTransfer-2] DEBUG nextflow.file.FilePorter - Copying foreign file s3://ngi-igenomes/test-data/rnaseq/SRX1603392_T1_1.fastq.gz to work dir: /mnt/data/work/stage-1f4de637-af79-4439-9bfc-d3eabf7af931/c4/bd21b8d85e0b50d860d0c49534f58b/SRX1603392_T1_1.fastq.gz
Mar-20 04:55:28.149 [FileTransfer-3] DEBUG nextflow.file.FilePorter - Copying foreign file s3://ngi-igenomes/test-data/rnaseq/SRX1603392_T1_2.fastq.gz to work dir: /mnt/data/work/stage-1f4de637-af79-4439-9bfc-d3eabf7af931/a5/8acda91d137be7fc7e4b02933be3d9/SRX1603392_T1_2.fastq.gz
Mar-20 04:55:28.150 [FileTransfer-4] DEBUG nextflow.file.FilePorter - Copying foreign file s3://ngi-igenomes/test-data/rnaseq/SRX2370491_T1_1.fastq.gz to work dir: /mnt/data/work/stage-1f4de637-af79-4439-9bfc-d3eabf7af931/ff/25fed0ef0bebef24f8ee19cff927d0/SRX2370491_T1_1.fastq.gz
Mar-20 04:55:28.151 [FileTransfer-5] DEBUG nextflow.file.FilePorter - Copying foreign file s3://ngi-igenomes/test-data/rnaseq/SRX2370491_T1_2.fastq.gz to work dir: /mnt/data/work/stage-1f4de637-af79-4439-9bfc-d3eabf7af931/17/21758be5eb971dd7a15d7b248eae68/SRX2370491_T1_2.fastq.gz
Mar-20 04:55:28.152 [FileTransfer-6] DEBUG nextflow.file.FilePorter - Copying foreign file s3://ngi-igenomes/test-data/rnaseq/SRX1603629_T1_1.fastq.gz to work dir: /mnt/data/work/stage-1f4de637-af79-4439-9bfc-d3eabf7af931/78/be689dd7df0984a527274315ba225f/SRX1603629_T1_1.fastq.gz
Mar-20 04:55:28.153 [FileTransfer-7] DEBUG nextflow.file.FilePorter - Copying foreign file s3://ngi-igenomes/test-data/rnaseq/SRX1603629_T1_2.fastq.gz to work dir: /mnt/data/work/stage-1f4de637-af79-4439-9bfc-d3eabf7af931/db/6a8cd9ff555a1fce78dda3472ef1fe/SRX1603629_T1_2.fastq.gz
Mar-20 04:55:28.154 [FileTransfer-8] DEBUG nextflow.file.FilePorter - Copying foreign file s3://ngi-igenomes/test-data/rnaseq/SRX2370468_T1_1.fastq.gz to work dir: /mnt/data/work/stage-1f4de637-af79-4439-9bfc-d3eabf7af931/40/b82f4aa838804def88fc5446d0b1c4/SRX2370468_T1_1.fastq.gz
Mar-20 04:55:28.155 [FileTransfer-9] DEBUG nextflow.file.FilePorter - Copying foreign file s3://ngi-igenomes/test-data/rnaseq/SRX2370468_T1_2.fastq.gz to work dir: /mnt/data/work/stage-1f4de637-af79-4439-9bfc-d3eabf7af931/cd/70ccb236d0ee18a2e873adc184a895/SRX2370468_T1_2.fastq.gz
Mar-20 04:55:28.156 [FileTransfer-10] DEBUG nextflow.file.FilePorter - Copying foreign file s3://ngi-igenomes/test-data/rnaseq/SRX1603630_T1_1.fastq.gz to work dir: /mnt/data/work/stage-1f4de637-af79-4439-9bfc-d3eabf7af931/51/611f18f0c0007005b0a3c7b72618e0/SRX1603630_T1_1.fastq.gz
Mar-20 04:55:28.160 [FileTransfer-1] DEBUG nextflow.util.ThreadPoolBuilder - Creating thread pool 'S3TransferManager' minSize=10; maxSize=24; workQueue=LinkedBlockingQueue[-1]; allowCoreThreadTimeout=false
Mar-20 04:55:28.167 [FileTransfer-1] DEBUG nextflow.cloud.aws.AwsClientFactory - No AWS credentials available - falling back to anonymous access
Mar-20 04:55:28.211 [FileTransfer-3] DEBUG n.cloud.aws.nio.S3FileSystemProvider - S3 download file from=s3://ngi-igenomes/test-data/rnaseq/SRX1603392_T1_2.fastq.gz to=/mnt/data/work/stage-1f4de637-af79-4439-9bfc-d3eabf7af931/a5/8acda91d137be7fc7e4b02933be3d9/SRX1603392_T1_2.fastq.gz size=7711592956
Mar-20 04:55:28.212 [FileTransfer-2] DEBUG n.cloud.aws.nio.S3FileSystemProvider - S3 download file from=s3://ngi-igenomes/test-data/rnaseq/SRX1603392_T1_1.fastq.gz to=/mnt/data/work/stage-1f4de637-af79-4439-9bfc-d3eabf7af931/c4/bd21b8d85e0b50d860d0c49534f58b/SRX1603392_T1_1.fastq.gz size=7532273869
Mar-20 04:55:28.322 [FileTransfer-10] DEBUG n.cloud.aws.nio.S3FileSystemProvider - S3 download file from=s3://ngi-igenomes/test-data/rnaseq/SRX1603630_T1_1.fastq.gz to=/mnt/data/work/stage-1f4de637-af79-4439-9bfc-d3eabf7af931/51/611f18f0c0007005b0a3c7b72618e0/SRX1603630_T1_1.fastq.gz size=7708046606
Mar-20 04:55:28.322 [FileTransfer-4] DEBUG n.cloud.aws.nio.S3FileSystemProvider - S3 download file from=s3://ngi-igenomes/test-data/rnaseq/SRX2370491_T1_1.fastq.gz to=/mnt/data/work/stage-1f4de637-af79-4439-9bfc-d3eabf7af931/ff/25fed0ef0bebef24f8ee19cff927d0/SRX2370491_T1_1.fastq.gz size=8903573720
Mar-20 04:55:28.322 [FileTransfer-9] DEBUG n.cloud.aws.nio.S3FileSystemProvider - S3 download file from=s3://ngi-igenomes/test-data/rnaseq/SRX2370468_T1_2.fastq.gz to=/mnt/data/work/stage-1f4de637-af79-4439-9bfc-d3eabf7af931/cd/70ccb236d0ee18a2e873adc184a895/SRX2370468_T1_2.fastq.gz size=8657200331
Mar-20 04:55:28.322 [FileTransfer-7] DEBUG n.cloud.aws.nio.S3FileSystemProvider - S3 download file from=s3://ngi-igenomes/test-data/rnaseq/SRX1603629_T1_2.fastq.gz to=/mnt/data/work/stage-1f4de637-af79-4439-9bfc-d3eabf7af931/db/6a8cd9ff555a1fce78dda3472ef1fe/SRX1603629_T1_2.fastq.gz size=7575118418
Mar-20 04:55:28.324 [FileTransfer-8] DEBUG n.cloud.aws.nio.S3FileSystemProvider - S3 download file from=s3://ngi-igenomes/test-data/rnaseq/SRX2370468_T1_1.fastq.gz to=/mnt/data/work/stage-1f4de637-af79-4439-9bfc-d3eabf7af931/40/b82f4aa838804def88fc5446d0b1c4/SRX2370468_T1_1.fastq.gz size=8473411677
Mar-20 04:55:28.324 [FileTransfer-5] DEBUG n.cloud.aws.nio.S3FileSystemProvider - S3 download file from=s3://ngi-igenomes/test-data/rnaseq/SRX2370491_T1_2.fastq.gz to=/mnt/data/work/stage-1f4de637-af79-4439-9bfc-d3eabf7af931/17/21758be5eb971dd7a15d7b248eae68/SRX2370491_T1_2.fastq.gz size=9157280304
Mar-20 04:55:28.353 [FileTransfer-6] DEBUG n.cloud.aws.nio.S3FileSystemProvider - S3 download file from=s3://ngi-igenomes/test-data/rnaseq/SRX1603629_T1_1.fastq.gz to=/mnt/data/work/stage-1f4de637-af79-4439-9bfc-d3eabf7af931/78/be689dd7df0984a527274315ba225f/SRX1603629_T1_1.fastq.gz size=7391229999
Mar-20 04:55:29.981 [Actor Thread 2] INFO  nextflow.file.FilePorter - Staging foreign file: s3://ngi-igenomes/igenomes/Homo_sapiens/Ensembl/GRCh37/Sequence/WholeGenomeFasta/genome.fa
Mar-20 04:55:30.149 [Actor Thread 10] INFO  nextflow.file.FilePorter - Staging foreign file: s3://ngi-igenomes/test-data/rnaseq/SRX1603392_T1_1.fastq.gz
Mar-20 04:55:30.150 [Actor Thread 8] INFO  nextflow.file.FilePorter - Staging foreign file: s3://ngi-igenomes/test-data/rnaseq/SRX2370491_T1_1.fastq.gz
Mar-20 04:55:30.152 [Actor Thread 11] INFO  nextflow.file.FilePorter - Staging foreign file: s3://ngi-igenomes/test-data/rnaseq/SRX1603629_T1_1.fastq.gz
Mar-20 04:55:30.154 [Actor Thread 17] INFO  nextflow.file.FilePorter - Staging foreign file: s3://ngi-igenomes/test-data/rnaseq/SRX2370468_T1_1.fastq.gz
Mar-20 04:55:30.156 [Actor Thread 15] INFO  nextflow.file.FilePorter - Staging foreign file: s3://ngi-igenomes/test-data/rnaseq/SRX1603630_T1_1.fastq.gz
Mar-20 04:55:30.157 [Actor Thread 9] INFO  nextflow.file.FilePorter - Staging foreign file: s3://ngi-igenomes/test-data/rnaseq/SRX2370490_T1_1.fastq.gz
Mar-20 04:55:30.157 [Actor Thread 20] INFO  nextflow.file.FilePorter - Staging foreign file: s3://ngi-igenomes/test-data/rnaseq/SRX1603393_T1_1.fastq.gz
Mar-20 04:55:30.158 [Actor Thread 26] INFO  nextflow.file.FilePorter - Staging foreign file: s3://ngi-igenomes/test-data/rnaseq/SRX2370469_T1_1.fastq.gz
Mar-20 04:55:32.149 [Actor Thread 10] INFO  nextflow.file.FilePorter - Staging foreign file: s3://ngi-igenomes/test-data/rnaseq/SRX1603392_T1_2.fastq.gz
Mar-20 04:55:32.150 [Actor Thread 8] INFO  nextflow.file.FilePorter - Staging foreign file: s3://ngi-igenomes/test-data/rnaseq/SRX2370491_T1_2.fastq.gz
Mar-20 04:55:32.152 [Actor Thread 11] INFO  nextflow.file.FilePorter - Staging foreign file: s3://ngi-igenomes/test-data/rnaseq/SRX1603629_T1_2.fastq.gz
Mar-20 04:55:32.155 [Actor Thread 17] INFO  nextflow.file.FilePorter - Staging foreign file: s3://ngi-igenomes/test-data/rnaseq/SRX2370468_T1_2.fastq.gz
Mar-20 04:55:32.156 [Actor Thread 15] INFO  nextflow.file.FilePorter - Staging foreign file: s3://ngi-igenomes/test-data/rnaseq/SRX1603630_T1_2.fastq.gz
Mar-20 04:55:32.157 [Actor Thread 9] INFO  nextflow.file.FilePorter - Staging foreign file: s3://ngi-igenomes/test-data/rnaseq/SRX2370490_T1_2.fastq.gz
Mar-20 04:55:32.158 [Actor Thread 20] INFO  nextflow.file.FilePorter - Staging foreign file: s3://ngi-igenomes/test-data/rnaseq/SRX1603393_T1_2.fastq.gz
Mar-20 04:55:32.158 [Actor Thread 26] INFO  nextflow.file.FilePorter - Staging foreign file: s3://ngi-igenomes/test-data/rnaseq/SRX2370469_T1_2.fastq.gz
Mar-20 04:55:32.159 [Actor Thread 6] INFO  nextflow.file.FilePorter - Staging foreign file: s3://ngi-igenomes/igenomes/Homo_sapiens/Ensembl/GRCh37/Annotation/Genes/genes.gtf
Mar-20 04:56:57.417 [FileTransfer-1] DEBUG nextflow.file.FilePorter - Copying foreign file s3://ngi-igenomes/test-data/rnaseq/SRX1603630_T1_2.fastq.gz to work dir: /mnt/data/work/stage-1f4de637-af79-4439-9bfc-d3eabf7af931/32/9244ae93e7a1193eb60b09e659c3a5/SRX1603630_T1_2.fastq.gz
Mar-20 04:56:57.590 [FileTransfer-1] DEBUG n.cloud.aws.nio.S3FileSystemProvider - S3 download file from=s3://ngi-igenomes/test-data/rnaseq/SRX1603630_T1_2.fastq.gz to=/mnt/data/work/stage-1f4de637-af79-4439-9bfc-d3eabf7af931/32/9244ae93e7a1193eb60b09e659c3a5/SRX1603630_T1_2.fastq.gz size=7896650239
Mar-20 04:56:57.710 [Task submitter] DEBUG n.executor.local.LocalTaskHandler - Launch cmd line: /bin/bash -ue .command.run
Mar-20 04:56:57.711 [Task submitter] INFO  nextflow.Session - [22/17bdb0] Submitted process > NFCORE_RNASEQ:RNASEQ:PREPARE_GENOME:CUSTOM_GETCHROMSIZES (genome.fa)
Mar-20 04:57:22.196 [Task monitor] DEBUG n.processor.TaskPollingMonitor - Task completed > TaskHandler[id: 1; name: NFCORE_RNASEQ:RNASEQ:PREPARE_GENOME:CUSTOM_GETCHROMSIZES (genome.fa); status: COMPLETED; exit: 0; error: -; workDir: /mnt/data/work/22/17bdb0c29d8bf23320f03d37ecda27]
Mar-20 04:57:22.197 [Task monitor] DEBUG nextflow.util.ThreadPoolBuilder - Creating thread pool 'TaskFinalizer' minSize=10; maxSize=24; workQueue=LinkedBlockingQueue[-1]; allowCoreThreadTimeout=false
Mar-20 04:57:22.327 [TaskFinalizer-1] DEBUG nextflow.processor.TaskProcessor - Process NFCORE_RNASEQ:RNASEQ:PREPARE_GENOME:CUSTOM_GETCHROMSIZES > Skipping output binding because one or more optional files are missing: fileoutparam<2:1>
Mar-20 04:58:10.599 [FileTransfer-3] DEBUG nextflow.file.FilePorter - Copying foreign file s3://ngi-igenomes/test-data/rnaseq/SRX2370490_T1_1.fastq.gz to work dir: /mnt/data/work/stage-1f4de637-af79-4439-9bfc-d3eabf7af931/12/f5eb4bc3e82e48bd60066f61946d37/SRX2370490_T1_1.fastq.gz
Mar-20 04:58:10.769 [FileTransfer-3] DEBUG n.cloud.aws.nio.S3FileSystemProvider - S3 download file from=s3://ngi-igenomes/test-data/rnaseq/SRX2370490_T1_1.fastq.gz to=/mnt/data/work/stage-1f4de637-af79-4439-9bfc-d3eabf7af931/12/f5eb4bc3e82e48bd60066f61946d37/SRX2370490_T1_1.fastq.gz size=9048924774
Mar-20 04:58:21.668 [FileTransfer-2] DEBUG nextflow.file.FilePorter - Copying foreign file s3://ngi-igenomes/test-data/rnaseq/SRX2370490_T1_2.fastq.gz to work dir: /mnt/data/work/stage-1f4de637-af79-4439-9bfc-d3eabf7af931/1c/3ced4d46bea74de7837748266657bf/SRX2370490_T1_2.fastq.gz
Mar-20 04:58:21.832 [FileTransfer-2] DEBUG n.cloud.aws.nio.S3FileSystemProvider - S3 download file from=s3://ngi-igenomes/test-data/rnaseq/SRX2370490_T1_2.fastq.gz to=/mnt/data/work/stage-1f4de637-af79-4439-9bfc-d3eabf7af931/1c/3ced4d46bea74de7837748266657bf/SRX2370490_T1_2.fastq.gz size=9339023519
Mar-20 04:58:21.923 [Task submitter] DEBUG n.executor.local.LocalTaskHandler - Launch cmd line: /bin/bash -ue .command.run
Mar-20 04:58:21.924 [Task submitter] INFO  nextflow.Session - [63/a5a95b] Submitted process > NFCORE_RNASEQ:RNASEQ:FASTQ_FASTQC_UMITOOLS_TRIMGALORE:FASTQC (K562_REP1)
Mar-20 04:58:57.480 [FileTransfer-10] DEBUG nextflow.file.FilePorter - Copying foreign file s3://ngi-igenomes/test-data/rnaseq/SRX1603393_T1_1.fastq.gz to work dir: /mnt/data/work/stage-1f4de637-af79-4439-9bfc-d3eabf7af931/96/6da231b3f382866843892eb16ded43/SRX1603393_T1_1.fastq.gz
Mar-20 04:58:57.646 [FileTransfer-10] DEBUG n.cloud.aws.nio.S3FileSystemProvider - S3 download file from=s3://ngi-igenomes/test-data/rnaseq/SRX1603393_T1_1.fastq.gz to=/mnt/data/work/stage-1f4de637-af79-4439-9bfc-d3eabf7af931/96/6da231b3f382866843892eb16ded43/SRX1603393_T1_1.fastq.gz size=9234848302
Mar-20 04:59:52.801 [FileTransfer-4] DEBUG nextflow.file.FilePorter - Copying foreign file s3://ngi-igenomes/test-data/rnaseq/SRX1603393_T1_2.fastq.gz to work dir: /mnt/data/work/stage-1f4de637-af79-4439-9bfc-d3eabf7af931/f1/3c18cc3081f841ba9e04d16117e54f/SRX1603393_T1_2.fastq.gz
Mar-20 04:59:52.974 [FileTransfer-4] DEBUG n.cloud.aws.nio.S3FileSystemProvider - S3 download file from=s3://ngi-igenomes/test-data/rnaseq/SRX1603393_T1_2.fastq.gz to=/mnt/data/work/stage-1f4de637-af79-4439-9bfc-d3eabf7af931/f1/3c18cc3081f841ba9e04d16117e54f/SRX1603393_T1_2.fastq.gz size=9506750392
Mar-20 05:00:24.814 [Task monitor] DEBUG n.processor.TaskPollingMonitor - !! executor local > tasks to be completed: 1 -- submitted tasks are shown below
~> TaskHandler[id: 7; name: NFCORE_RNASEQ:RNASEQ:FASTQ_FASTQC_UMITOOLS_TRIMGALORE:FASTQC (K562_REP1); status: RUNNING; exit: -; error: -; workDir: /mnt/data/work/63/a5a95b8b4fea1453f69aaedfdc55a9]
Mar-20 05:01:27.681 [FileTransfer-9] DEBUG nextflow.file.FilePorter - Copying foreign file s3://ngi-igenomes/test-data/rnaseq/SRX2370469_T1_1.fastq.gz to work dir: /mnt/data/work/stage-1f4de637-af79-4439-9bfc-d3eabf7af931/a7/60fd6e1a8424b78f814e6c922e8311/SRX2370469_T1_1.fastq.gz
Mar-20 05:01:27.852 [FileTransfer-9] DEBUG n.cloud.aws.nio.S3FileSystemProvider - S3 download file from=s3://ngi-igenomes/test-data/rnaseq/SRX2370469_T1_1.fastq.gz to=/mnt/data/work/stage-1f4de637-af79-4439-9bfc-d3eabf7af931/a7/60fd6e1a8424b78f814e6c922e8311/SRX2370469_T1_1.fastq.gz size=7060673083
Mar-20 05:01:56.023 [FileTransfer-7] DEBUG nextflow.file.FilePorter - Copying foreign file s3://ngi-igenomes/test-data/rnaseq/SRX2370469_T1_2.fastq.gz to work dir: /mnt/data/work/stage-1f4de637-af79-4439-9bfc-d3eabf7af931/39/5a2e34e24932d4e2c16b6fa8f527b5/SRX2370469_T1_2.fastq.gz
Mar-20 05:01:56.187 [FileTransfer-7] DEBUG n.cloud.aws.nio.S3FileSystemProvider - S3 download file from=s3://ngi-igenomes/test-data/rnaseq/SRX2370469_T1_2.fastq.gz to=/mnt/data/work/stage-1f4de637-af79-4439-9bfc-d3eabf7af931/39/5a2e34e24932d4e2c16b6fa8f527b5/SRX2370469_T1_2.fastq.gz size=7226659877
Mar-20 05:02:28.401 [FileTransfer-8] DEBUG nextflow.file.FilePorter - Copying foreign file s3://ngi-igenomes/igenomes/Homo_sapiens/Ensembl/GRCh37/Annotation/Genes/genes.gtf to work dir: /mnt/data/work/stage-1f4de637-af79-4439-9bfc-d3eabf7af931/e1/adf8d885b5b3abe9554cdfd9eab884/genes.gtf
Mar-20 05:02:28.560 [FileTransfer-8] DEBUG n.cloud.aws.nio.S3FileSystemProvider - S3 download file from=s3://ngi-igenomes/igenomes/Homo_sapiens/Ensembl/GRCh37/Annotation/Genes/genes.gtf to=/mnt/data/work/stage-1f4de637-af79-4439-9bfc-d3eabf7af931/e1/adf8d885b5b3abe9554cdfd9eab884/genes.gtf size=916094160
Mar-20 05:03:22.080 [Task submitter] DEBUG n.processor.TaskPollingMonitor - %% executor local > tasks in the submission queue: 5 -- tasks to be submitted are shown below
~> TaskHandler[id: 8; name: NFCORE_RNASEQ:RNASEQ:FASTQ_FASTQC_UMITOOLS_TRIMGALORE:TRIMGALORE (K562_REP1); status: NEW; exit: -; error: -; workDir: /mnt/data/work/67/40fa8103cf06cf99bd740a6ea43d22]
~> TaskHandler[id: 17; name: NFCORE_RNASEQ:RNASEQ:FASTQ_FASTQC_UMITOOLS_TRIMGALORE:FASTQC (H1_REP1); status: NEW; exit: -; error: -; workDir: /mnt/data/work/d8/9aa978e3f3e16c7cd8c53127f91262]
~> TaskHandler[id: 13; name: NFCORE_RNASEQ:RNASEQ:FASTQ_FASTQC_UMITOOLS_TRIMGALORE:TRIMGALORE (H1_REP1); status: NEW; exit: -; error: -; workDir: /mnt/data/work/3a/7517c7c37e846bd3f9aa3163b44fd2]
~> TaskHandler[id: 4; name: NFCORE_RNASEQ:RNASEQ:FASTQ_FASTQC_UMITOOLS_TRIMGALORE:FASTQC (GM12878_REP1); status: NEW; exit: -; error: -; workDir: /mnt/data/work/c8/e785e7826d7a4574e2021d9edfead5]
~> TaskHandler[id: 3; name: NFCORE_RNASEQ:RNASEQ:FASTQ_FASTQC_UMITOOLS_TRIMGALORE:TRIMGALORE (GM12878_REP1); status: NEW; exit: -; error: -; workDir: /mnt/data/work/4e/2fb1b73d8734de5e793290e4274db9]
Mar-20 05:05:24.843 [Task monitor] DEBUG n.processor.TaskPollingMonitor - !! executor local > tasks to be completed: 1 -- submitted tasks are shown below
~> TaskHandler[id: 7; name: NFCORE_RNASEQ:RNASEQ:FASTQ_FASTQC_UMITOOLS_TRIMGALORE:FASTQC (K562_REP1); status: RUNNING; exit: -; error: -; workDir: /mnt/data/work/63/a5a95b8b4fea1453f69aaedfdc55a9]
Mar-20 05:06:00.193 [Task monitor] DEBUG n.processor.TaskPollingMonitor - Task completed > TaskHandler[id: 7; name: NFCORE_RNASEQ:RNASEQ:FASTQ_FASTQC_UMITOOLS_TRIMGALORE:FASTQC (K562_REP1); status: COMPLETED; exit: 0; error: -; workDir: /mnt/data/work/63/a5a95b8b4fea1453f69aaedfdc55a9]
Mar-20 05:06:00.219 [TaskFinalizer-2] DEBUG nextflow.util.ThreadPoolBuilder - Creating thread pool 'PublishDir' minSize=10; maxSize=24; workQueue=LinkedBlockingQueue[-1]; allowCoreThreadTimeout=false
Mar-20 05:06:00.220 [Task submitter] DEBUG n.executor.local.LocalTaskHandler - Launch cmd line: /bin/bash -ue .command.run
Mar-20 05:06:00.220 [Task submitter] INFO  nextflow.Session - [67/40fa81] Submitted process > NFCORE_RNASEQ:RNASEQ:FASTQ_FASTQC_UMITOOLS_TRIMGALORE:TRIMGALORE (K562_REP1)
Mar-20 05:06:28.516 [Actor Thread 6] DEBUG nextflow.util.HashBuilder - Hash asset file sha-256: /root/rnaseq-bench/.nextflow/assets/nf-core/rnaseq/bin/filter_gtf.py
Mar-20 05:08:22.294 [Task submitter] DEBUG n.processor.TaskPollingMonitor - %% executor local > tasks in the submission queue: 13 -- tasks to be submitted are shown below
~> TaskHandler[id: 17; name: NFCORE_RNASEQ:RNASEQ:FASTQ_FASTQC_UMITOOLS_TRIMGALORE:FASTQC (H1_REP1); status: NEW; exit: -; error: -; workDir: /mnt/data/work/d8/9aa978e3f3e16c7cd8c53127f91262]
~> TaskHandler[id: 13; name: NFCORE_RNASEQ:RNASEQ:FASTQ_FASTQC_UMITOOLS_TRIMGALORE:TRIMGALORE (H1_REP1); status: NEW; exit: -; error: -; workDir: /mnt/data/work/3a/7517c7c37e846bd3f9aa3163b44fd2]
~> TaskHandler[id: 4; name: NFCORE_RNASEQ:RNASEQ:FASTQ_FASTQC_UMITOOLS_TRIMGALORE:FASTQC (GM12878_REP1); status: NEW; exit: -; error: -; workDir: /mnt/data/work/c8/e785e7826d7a4574e2021d9edfead5]
~> TaskHandler[id: 3; name: NFCORE_RNASEQ:RNASEQ:FASTQ_FASTQC_UMITOOLS_TRIMGALORE:TRIMGALORE (GM12878_REP1); status: NEW; exit: -; error: -; workDir: /mnt/data/work/4e/2fb1b73d8734de5e793290e4274db9]
~> TaskHandler[id: 12; name: NFCORE_RNASEQ:RNASEQ:FASTQ_FASTQC_UMITOOLS_TRIMGALORE:TRIMGALORE (MCF7_REP2); status: NEW; exit: -; error: -; workDir: /mnt/data/work/b7/dec6ce4529704f8c9978d21f000a11]
~> TaskHandler[id: 16; name: NFCORE_RNASEQ:RNASEQ:FASTQ_FASTQC_UMITOOLS_TRIMGALORE:FASTQC (MCF7_REP2); status: NEW; exit: -; error: -; workDir: /mnt/data/work/a7/bd9abb4cf6415fe6a2ac2fb3624b82]
~> TaskHandler[id: 6; name: NFCORE_RNASEQ:RNASEQ:FASTQ_FASTQC_UMITOOLS_TRIMGALORE:TRIMGALORE (GM12878_REP2); status: NEW; exit: -; error: -; workDir: /mnt/data/work/dd/61022ecc14eaaf5cfa45d12f6e44fd]
~> TaskHandler[id: 5; name: NFCORE_RNASEQ:RNASEQ:FASTQ_FASTQC_UMITOOLS_TRIMGALORE:FASTQC (GM12878_REP2); status: NEW; exit: -; error: -; workDir: /mnt/data/work/26/1d817f3bce9dda7f92c35f1d5173d8]
~> TaskHandler[id: 15; name: NFCORE_RNASEQ:RNASEQ:FASTQ_FASTQC_UMITOOLS_TRIMGALORE:FASTQC (MCF7_REP1); status: NEW; exit: -; error: -; workDir: /mnt/data/work/fc/a2e7937c48a82ab3a9a50e6358feb7]
~> TaskHandler[id: 11; name: NFCORE_RNASEQ:RNASEQ:FASTQ_FASTQC_UMITOOLS_TRIMGALORE:TRIMGALORE (MCF7_REP1); status: NEW; exit: -; error: -; workDir: /mnt/data/work/80/80a350b035d9f4b05177d1c6dbef48]
.. remaining tasks omitted.
Mar-20 05:10:24.936 [Task monitor] DEBUG n.processor.TaskPollingMonitor - !! executor local > tasks to be completed: 1 -- submitted tasks are shown below
~> TaskHandler[id: 8; name: NFCORE_RNASEQ:RNASEQ:FASTQ_FASTQC_UMITOOLS_TRIMGALORE:TRIMGALORE (K562_REP1); status: RUNNING; exit: -; error: -; workDir: /mnt/data/work/67/40fa8103cf06cf99bd740a6ea43d22]
Mar-20 05:13:22.438 [Task submitter] DEBUG n.processor.TaskPollingMonitor - %% executor local > tasks in the submission queue: 15 -- tasks to be submitted are shown below
~> TaskHandler[id: 17; name: NFCORE_RNASEQ:RNASEQ:FASTQ_FASTQC_UMITOOLS_TRIMGALORE:FASTQC (H1_REP1); status: NEW; exit: -; error: -; workDir: /mnt/data/work/d8/9aa978e3f3e16c7cd8c53127f91262]
~> TaskHandler[id: 13; name: NFCORE_RNASEQ:RNASEQ:FASTQ_FASTQC_UMITOOLS_TRIMGALORE:TRIMGALORE (H1_REP1); status: NEW; exit: -; error: -; workDir: /mnt/data/work/3a/7517c7c37e846bd3f9aa3163b44fd2]
~> TaskHandler[id: 4; name: NFCORE_RNASEQ:RNASEQ:FASTQ_FASTQC_UMITOOLS_TRIMGALORE:FASTQC (GM12878_REP1); status: NEW; exit: -; error: -; workDir: /mnt/data/work/c8/e785e7826d7a4574e2021d9edfead5]
~> TaskHandler[id: 3; name: NFCORE_RNASEQ:RNASEQ:FASTQ_FASTQC_UMITOOLS_TRIMGALORE:TRIMGALORE (GM12878_REP1); status: NEW; exit: -; error: -; workDir: /mnt/data/work/4e/2fb1b73d8734de5e793290e4274db9]
~> TaskHandler[id: 12; name: NFCORE_RNASEQ:RNASEQ:FASTQ_FASTQC_UMITOOLS_TRIMGALORE:TRIMGALORE (MCF7_REP2); status: NEW; exit: -; error: -; workDir: /mnt/data/work/b7/dec6ce4529704f8c9978d21f000a11]
~> TaskHandler[id: 16; name: NFCORE_RNASEQ:RNASEQ:FASTQ_FASTQC_UMITOOLS_TRIMGALORE:FASTQC (MCF7_REP2); status: NEW; exit: -; error: -; workDir: /mnt/data/work/a7/bd9abb4cf6415fe6a2ac2fb3624b82]
~> TaskHandler[id: 6; name: NFCORE_RNASEQ:RNASEQ:FASTQ_FASTQC_UMITOOLS_TRIMGALORE:TRIMGALORE (GM12878_REP2); status: NEW; exit: -; error: -; workDir: /mnt/data/work/dd/61022ecc14eaaf5cfa45d12f6e44fd]
~> TaskHandler[id: 5; name: NFCORE_RNASEQ:RNASEQ:FASTQ_FASTQC_UMITOOLS_TRIMGALORE:FASTQC (GM12878_REP2); status: NEW; exit: -; error: -; workDir: /mnt/data/work/26/1d817f3bce9dda7f92c35f1d5173d8]
~> TaskHandler[id: 15; name: NFCORE_RNASEQ:RNASEQ:FASTQ_FASTQC_UMITOOLS_TRIMGALORE:FASTQC (MCF7_REP1); status: NEW; exit: -; error: -; workDir: /mnt/data/work/fc/a2e7937c48a82ab3a9a50e6358feb7]
~> TaskHandler[id: 11; name: NFCORE_RNASEQ:RNASEQ:FASTQ_FASTQC_UMITOOLS_TRIMGALORE:TRIMGALORE (MCF7_REP1); status: NEW; exit: -; error: -; workDir: /mnt/data/work/80/80a350b035d9f4b05177d1c6dbef48]
.. remaining tasks omitted.
Mar-20 05:15:25.011 [Task monitor] DEBUG n.processor.TaskPollingMonitor - !! executor local > tasks to be completed: 1 -- submitted tasks are shown below
~> TaskHandler[id: 8; name: NFCORE_RNASEQ:RNASEQ:FASTQ_FASTQC_UMITOOLS_TRIMGALORE:TRIMGALORE (K562_REP1); status: RUNNING; exit: -; error: -; workDir: /mnt/data/work/67/40fa8103cf06cf99bd740a6ea43d22]
Mar-20 05:18:22.534 [Task submitter] DEBUG n.processor.TaskPollingMonitor - %% executor local > tasks in the submission queue: 15 -- tasks to be submitted are shown below
~> TaskHandler[id: 17; name: NFCORE_RNASEQ:RNASEQ:FASTQ_FASTQC_UMITOOLS_TRIMGALORE:FASTQC (H1_REP1); status: NEW; exit: -; error: -; workDir: /mnt/data/work/d8/9aa978e3f3e16c7cd8c53127f91262]
~> TaskHandler[id: 13; name: NFCORE_RNASEQ:RNASEQ:FASTQ_FASTQC_UMITOOLS_TRIMGALORE:TRIMGALORE (H1_REP1); status: NEW; exit: -; error: -; workDir: /mnt/data/work/3a/7517c7c37e846bd3f9aa3163b44fd2]
~> TaskHandler[id: 4; name: NFCORE_RNASEQ:RNASEQ:FASTQ_FASTQC_UMITOOLS_TRIMGALORE:FASTQC (GM12878_REP1); status: NEW; exit: -; error: -; workDir: /mnt/data/work/c8/e785e7826d7a4574e2021d9edfead5]
~> TaskHandler[id: 3; name: NFCORE_RNASEQ:RNASEQ:FASTQ_FASTQC_UMITOOLS_TRIMGALORE:TRIMGALORE (GM12878_REP1); status: NEW; exit: -; error: -; workDir: /mnt/data/work/4e/2fb1b73d8734de5e793290e4274db9]
~> TaskHandler[id: 12; name: NFCORE_RNASEQ:RNASEQ:FASTQ_FASTQC_UMITOOLS_TRIMGALORE:TRIMGALORE (MCF7_REP2); status: NEW; exit: -; error: -; workDir: /mnt/data/work/b7/dec6ce4529704f8c9978d21f000a11]
~> TaskHandler[id: 16; name: NFCORE_RNASEQ:RNASEQ:FASTQ_FASTQC_UMITOOLS_TRIMGALORE:FASTQC (MCF7_REP2); status: NEW; exit: -; error: -; workDir: /mnt/data/work/a7/bd9abb4cf6415fe6a2ac2fb3624b82]
~> TaskHandler[id: 6; name: NFCORE_RNASEQ:RNASEQ:FASTQ_FASTQC_UMITOOLS_TRIMGALORE:TRIMGALORE (GM12878_REP2); status: NEW; exit: -; error: -; workDir: /mnt/data/work/dd/61022ecc14eaaf5cfa45d12f6e44fd]
~> TaskHandler[id: 5; name: NFCORE_RNASEQ:RNASEQ:FASTQ_FASTQC_UMITOOLS_TRIMGALORE:FASTQC (GM12878_REP2); status: NEW; exit: -; error: -; workDir: /mnt/data/work/26/1d817f3bce9dda7f92c35f1d5173d8]
~> TaskHandler[id: 15; name: NFCORE_RNASEQ:RNASEQ:FASTQ_FASTQC_UMITOOLS_TRIMGALORE:FASTQC (MCF7_REP1); status: NEW; exit: -; error: -; workDir: /mnt/data/work/fc/a2e7937c48a82ab3a9a50e6358feb7]
~> TaskHandler[id: 11; name: NFCORE_RNASEQ:RNASEQ:FASTQ_FASTQC_UMITOOLS_TRIMGALORE:TRIMGALORE (MCF7_REP1); status: NEW; exit: -; error: -; workDir: /mnt/data/work/80/80a350b035d9f4b05177d1c6dbef48]
.. remaining tasks omitted.
Mar-20 05:20:25.097 [Task monitor] DEBUG n.processor.TaskPollingMonitor - !! executor local > tasks to be completed: 1 -- submitted tasks are shown below
~> TaskHandler[id: 8; name: NFCORE_RNASEQ:RNASEQ:FASTQ_FASTQC_UMITOOLS_TRIMGALORE:TRIMGALORE (K562_REP1); status: RUNNING; exit: -; error: -; workDir: /mnt/data/work/67/40fa8103cf06cf99bd740a6ea43d22]
Mar-20 05:23:22.624 [Task submitter] DEBUG n.processor.TaskPollingMonitor - %% executor local > tasks in the submission queue: 15 -- tasks to be submitted are shown below
~> TaskHandler[id: 17; name: NFCORE_RNASEQ:RNASEQ:FASTQ_FASTQC_UMITOOLS_TRIMGALORE:FASTQC (H1_REP1); status: NEW; exit: -; error: -; workDir: /mnt/data/work/d8/9aa978e3f3e16c7cd8c53127f91262]
~> TaskHandler[id: 13; name: NFCORE_RNASEQ:RNASEQ:FASTQ_FASTQC_UMITOOLS_TRIMGALORE:TRIMGALORE (H1_REP1); status: NEW; exit: -; error: -; workDir: /mnt/data/work/3a/7517c7c37e846bd3f9aa3163b44fd2]
~> TaskHandler[id: 4; name: NFCORE_RNASEQ:RNASEQ:FASTQ_FASTQC_UMITOOLS_TRIMGALORE:FASTQC (GM12878_REP1); status: NEW; exit: -; error: -; workDir: /mnt/data/work/c8/e785e7826d7a4574e2021d9edfead5]
~> TaskHandler[id: 3; name: NFCORE_RNASEQ:RNASEQ:FASTQ_FASTQC_UMITOOLS_TRIMGALORE:TRIMGALORE (GM12878_REP1); status: NEW; exit: -; error: -; workDir: /mnt/data/work/4e/2fb1b73d8734de5e793290e4274db9]
~> TaskHandler[id: 12; name: NFCORE_RNASEQ:RNASEQ:FASTQ_FASTQC_UMITOOLS_TRIMGALORE:TRIMGALORE (MCF7_REP2); status: NEW; exit: -; error: -; workDir: /mnt/data/work/b7/dec6ce4529704f8c9978d21f000a11]
~> TaskHandler[id: 16; name: NFCORE_RNASEQ:RNASEQ:FASTQ_FASTQC_UMITOOLS_TRIMGALORE:FASTQC (MCF7_REP2); status: NEW; exit: -; error: -; workDir: /mnt/data/work/a7/bd9abb4cf6415fe6a2ac2fb3624b82]
~> TaskHandler[id: 6; name: NFCORE_RNASEQ:RNASEQ:FASTQ_FASTQC_UMITOOLS_TRIMGALORE:TRIMGALORE (GM12878_REP2); status: NEW; exit: -; error: -; workDir: /mnt/data/work/dd/61022ecc14eaaf5cfa45d12f6e44fd]
~> TaskHandler[id: 5; name: NFCORE_RNASEQ:RNASEQ:FASTQ_FASTQC_UMITOOLS_TRIMGALORE:FASTQC (GM12878_REP2); status: NEW; exit: -; error: -; workDir: /mnt/data/work/26/1d817f3bce9dda7f92c35f1d5173d8]
~> TaskHandler[id: 15; name: NFCORE_RNASEQ:RNASEQ:FASTQ_FASTQC_UMITOOLS_TRIMGALORE:FASTQC (MCF7_REP1); status: NEW; exit: -; error: -; workDir: /mnt/data/work/fc/a2e7937c48a82ab3a9a50e6358feb7]
~> TaskHandler[id: 11; name: NFCORE_RNASEQ:RNASEQ:FASTQ_FASTQC_UMITOOLS_TRIMGALORE:TRIMGALORE (MCF7_REP1); status: NEW; exit: -; error: -; workDir: /mnt/data/work/80/80a350b035d9f4b05177d1c6dbef48]
.. remaining tasks omitted.
Mar-20 05:25:25.136 [Task monitor] DEBUG n.processor.TaskPollingMonitor - !! executor local > tasks to be completed: 1 -- submitted tasks are shown below
~> TaskHandler[id: 8; name: NFCORE_RNASEQ:RNASEQ:FASTQ_FASTQC_UMITOOLS_TRIMGALORE:TRIMGALORE (K562_REP1); status: RUNNING; exit: -; error: -; workDir: /mnt/data/work/67/40fa8103cf06cf99bd740a6ea43d22]
Mar-20 05:28:22.690 [Task submitter] DEBUG n.processor.TaskPollingMonitor - %% executor local > tasks in the submission queue: 15 -- tasks to be submitted are shown below
~> TaskHandler[id: 17; name: NFCORE_RNASEQ:RNASEQ:FASTQ_FASTQC_UMITOOLS_TRIMGALORE:FASTQC (H1_REP1); status: NEW; exit: -; error: -; workDir: /mnt/data/work/d8/9aa978e3f3e16c7cd8c53127f91262]
~> TaskHandler[id: 13; name: NFCORE_RNASEQ:RNASEQ:FASTQ_FASTQC_UMITOOLS_TRIMGALORE:TRIMGALORE (H1_REP1); status: NEW; exit: -; error: -; workDir: /mnt/data/work/3a/7517c7c37e846bd3f9aa3163b44fd2]
~> TaskHandler[id: 4; name: NFCORE_RNASEQ:RNASEQ:FASTQ_FASTQC_UMITOOLS_TRIMGALORE:FASTQC (GM12878_REP1); status: NEW; exit: -; error: -; workDir: /mnt/data/work/c8/e785e7826d7a4574e2021d9edfead5]
~> TaskHandler[id: 3; name: NFCORE_RNASEQ:RNASEQ:FASTQ_FASTQC_UMITOOLS_TRIMGALORE:TRIMGALORE (GM12878_REP1); status: NEW; exit: -; error: -; workDir: /mnt/data/work/4e/2fb1b73d8734de5e793290e4274db9]
~> TaskHandler[id: 12; name: NFCORE_RNASEQ:RNASEQ:FASTQ_FASTQC_UMITOOLS_TRIMGALORE:TRIMGALORE (MCF7_REP2); status: NEW; exit: -; error: -; workDir: /mnt/data/work/b7/dec6ce4529704f8c9978d21f000a11]
~> TaskHandler[id: 16; name: NFCORE_RNASEQ:RNASEQ:FASTQ_FASTQC_UMITOOLS_TRIMGALORE:FASTQC (MCF7_REP2); status: NEW; exit: -; error: -; workDir: /mnt/data/work/a7/bd9abb4cf6415fe6a2ac2fb3624b82]
~> TaskHandler[id: 6; name: NFCORE_RNASEQ:RNASEQ:FASTQ_FASTQC_UMITOOLS_TRIMGALORE:TRIMGALORE (GM12878_REP2); status: NEW; exit: -; error: -; workDir: /mnt/data/work/dd/61022ecc14eaaf5cfa45d12f6e44fd]
~> TaskHandler[id: 5; name: NFCORE_RNASEQ:RNASEQ:FASTQ_FASTQC_UMITOOLS_TRIMGALORE:FASTQC (GM12878_REP2); status: NEW; exit: -; error: -; workDir: /mnt/data/work/26/1d817f3bce9dda7f92c35f1d5173d8]
~> TaskHandler[id: 15; name: NFCORE_RNASEQ:RNASEQ:FASTQ_FASTQC_UMITOOLS_TRIMGALORE:FASTQC (MCF7_REP1); status: NEW; exit: -; error: -; workDir: /mnt/data/work/fc/a2e7937c48a82ab3a9a50e6358feb7]
~> TaskHandler[id: 11; name: NFCORE_RNASEQ:RNASEQ:FASTQ_FASTQC_UMITOOLS_TRIMGALORE:TRIMGALORE (MCF7_REP1); status: NEW; exit: -; error: -; workDir: /mnt/data/work/80/80a350b035d9f4b05177d1c6dbef48]
.. remaining tasks omitted.
Mar-20 05:30:25.191 [Task monitor] DEBUG n.processor.TaskPollingMonitor - !! executor local > tasks to be completed: 1 -- submitted tasks are shown below
~> TaskHandler[id: 8; name: NFCORE_RNASEQ:RNASEQ:FASTQ_FASTQC_UMITOOLS_TRIMGALORE:TRIMGALORE (K562_REP1); status: RUNNING; exit: -; error: -; workDir: /mnt/data/work/67/40fa8103cf06cf99bd740a6ea43d22]
Mar-20 05:33:22.736 [Task submitter] DEBUG n.processor.TaskPollingMonitor - %% executor local > tasks in the submission queue: 15 -- tasks to be submitted are shown below
~> TaskHandler[id: 17; name: NFCORE_RNASEQ:RNASEQ:FASTQ_FASTQC_UMITOOLS_TRIMGALORE:FASTQC (H1_REP1); status: NEW; exit: -; error: -; workDir: /mnt/data/work/d8/9aa978e3f3e16c7cd8c53127f91262]
~> TaskHandler[id: 13; name: NFCORE_RNASEQ:RNASEQ:FASTQ_FASTQC_UMITOOLS_TRIMGALORE:TRIMGALORE (H1_REP1); status: NEW; exit: -; error: -; workDir: /mnt/data/work/3a/7517c7c37e846bd3f9aa3163b44fd2]
~> TaskHandler[id: 4; name: NFCORE_RNASEQ:RNASEQ:FASTQ_FASTQC_UMITOOLS_TRIMGALORE:FASTQC (GM12878_REP1); status: NEW; exit: -; error: -; workDir: /mnt/data/work/c8/e785e7826d7a4574e2021d9edfead5]
~> TaskHandler[id: 3; name: NFCORE_RNASEQ:RNASEQ:FASTQ_FASTQC_UMITOOLS_TRIMGALORE:TRIMGALORE (GM12878_REP1); status: NEW; exit: -; error: -; workDir: /mnt/data/work/4e/2fb1b73d8734de5e793290e4274db9]
~> TaskHandler[id: 12; name: NFCORE_RNASEQ:RNASEQ:FASTQ_FASTQC_UMITOOLS_TRIMGALORE:TRIMGALORE (MCF7_REP2); status: NEW; exit: -; error: -; workDir: /mnt/data/work/b7/dec6ce4529704f8c9978d21f000a11]
~> TaskHandler[id: 16; name: NFCORE_RNASEQ:RNASEQ:FASTQ_FASTQC_UMITOOLS_TRIMGALORE:FASTQC (MCF7_REP2); status: NEW; exit: -; error: -; workDir: /mnt/data/work/a7/bd9abb4cf6415fe6a2ac2fb3624b82]
~> TaskHandler[id: 6; name: NFCORE_RNASEQ:RNASEQ:FASTQ_FASTQC_UMITOOLS_TRIMGALORE:TRIMGALORE (GM12878_REP2); status: NEW; exit: -; error: -; workDir: /mnt/data/work/dd/61022ecc14eaaf5cfa45d12f6e44fd]
~> TaskHandler[id: 5; name: NFCORE_RNASEQ:RNASEQ:FASTQ_FASTQC_UMITOOLS_TRIMGALORE:FASTQC (GM12878_REP2); status: NEW; exit: -; error: -; workDir: /mnt/data/work/26/1d817f3bce9dda7f92c35f1d5173d8]
~> TaskHandler[id: 15; name: NFCORE_RNASEQ:RNASEQ:FASTQ_FASTQC_UMITOOLS_TRIMGALORE:FASTQC (MCF7_REP1); status: NEW; exit: -; error: -; workDir: /mnt/data/work/fc/a2e7937c48a82ab3a9a50e6358feb7]
~> TaskHandler[id: 11; name: NFCORE_RNASEQ:RNASEQ:FASTQ_FASTQC_UMITOOLS_TRIMGALORE:TRIMGALORE (MCF7_REP1); status: NEW; exit: -; error: -; workDir: /mnt/data/work/80/80a350b035d9f4b05177d1c6dbef48]
.. remaining tasks omitted.
Mar-20 05:35:25.192 [Task monitor] DEBUG n.processor.TaskPollingMonitor - !! executor local > tasks to be completed: 1 -- submitted tasks are shown below
~> TaskHandler[id: 8; name: NFCORE_RNASEQ:RNASEQ:FASTQ_FASTQC_UMITOOLS_TRIMGALORE:TRIMGALORE (K562_REP1); status: RUNNING; exit: -; error: -; workDir: /mnt/data/work/67/40fa8103cf06cf99bd740a6ea43d22]
Mar-20 05:38:22.789 [Task submitter] DEBUG n.processor.TaskPollingMonitor - %% executor local > tasks in the submission queue: 15 -- tasks to be submitted are shown below
~> TaskHandler[id: 17; name: NFCORE_RNASEQ:RNASEQ:FASTQ_FASTQC_UMITOOLS_TRIMGALORE:FASTQC (H1_REP1); status: NEW; exit: -; error: -; workDir: /mnt/data/work/d8/9aa978e3f3e16c7cd8c53127f91262]
~> TaskHandler[id: 13; name: NFCORE_RNASEQ:RNASEQ:FASTQ_FASTQC_UMITOOLS_TRIMGALORE:TRIMGALORE (H1_REP1); status: NEW; exit: -; error: -; workDir: /mnt/data/work/3a/7517c7c37e846bd3f9aa3163b44fd2]
~> TaskHandler[id: 4; name: NFCORE_RNASEQ:RNASEQ:FASTQ_FASTQC_UMITOOLS_TRIMGALORE:FASTQC (GM12878_REP1); status: NEW; exit: -; error: -; workDir: /mnt/data/work/c8/e785e7826d7a4574e2021d9edfead5]
~> TaskHandler[id: 3; name: NFCORE_RNASEQ:RNASEQ:FASTQ_FASTQC_UMITOOLS_TRIMGALORE:TRIMGALORE (GM12878_REP1); status: NEW; exit: -; error: -; workDir: /mnt/data/work/4e/2fb1b73d8734de5e793290e4274db9]
~> TaskHandler[id: 12; name: NFCORE_RNASEQ:RNASEQ:FASTQ_FASTQC_UMITOOLS_TRIMGALORE:TRIMGALORE (MCF7_REP2); status: NEW; exit: -; error: -; workDir: /mnt/data/work/b7/dec6ce4529704f8c9978d21f000a11]
~> TaskHandler[id: 16; name: NFCORE_RNASEQ:RNASEQ:FASTQ_FASTQC_UMITOOLS_TRIMGALORE:FASTQC (MCF7_REP2); status: NEW; exit: -; error: -; workDir: /mnt/data/work/a7/bd9abb4cf6415fe6a2ac2fb3624b82]
~> TaskHandler[id: 6; name: NFCORE_RNASEQ:RNASEQ:FASTQ_FASTQC_UMITOOLS_TRIMGALORE:TRIMGALORE (GM12878_REP2); status: NEW; exit: -; error: -; workDir: /mnt/data/work/dd/61022ecc14eaaf5cfa45d12f6e44fd]
~> TaskHandler[id: 5; name: NFCORE_RNASEQ:RNASEQ:FASTQ_FASTQC_UMITOOLS_TRIMGALORE:FASTQC (GM12878_REP2); status: NEW; exit: -; error: -; workDir: /mnt/data/work/26/1d817f3bce9dda7f92c35f1d5173d8]
~> TaskHandler[id: 15; name: NFCORE_RNASEQ:RNASEQ:FASTQ_FASTQC_UMITOOLS_TRIMGALORE:FASTQC (MCF7_REP1); status: NEW; exit: -; error: -; workDir: /mnt/data/work/fc/a2e7937c48a82ab3a9a50e6358feb7]
~> TaskHandler[id: 11; name: NFCORE_RNASEQ:RNASEQ:FASTQ_FASTQC_UMITOOLS_TRIMGALORE:TRIMGALORE (MCF7_REP1); status: NEW; exit: -; error: -; workDir: /mnt/data/work/80/80a350b035d9f4b05177d1c6dbef48]
.. remaining tasks omitted.
Mar-20 05:40:25.217 [Task monitor] DEBUG n.processor.TaskPollingMonitor - !! executor local > tasks to be completed: 1 -- submitted tasks are shown below
~> TaskHandler[id: 8; name: NFCORE_RNASEQ:RNASEQ:FASTQ_FASTQC_UMITOOLS_TRIMGALORE:TRIMGALORE (K562_REP1); status: RUNNING; exit: -; error: -; workDir: /mnt/data/work/67/40fa8103cf06cf99bd740a6ea43d22]
Mar-20 05:43:22.864 [Task submitter] DEBUG n.processor.TaskPollingMonitor - %% executor local > tasks in the submission queue: 15 -- tasks to be submitted are shown below
~> TaskHandler[id: 17; name: NFCORE_RNASEQ:RNASEQ:FASTQ_FASTQC_UMITOOLS_TRIMGALORE:FASTQC (H1_REP1); status: NEW; exit: -; error: -; workDir: /mnt/data/work/d8/9aa978e3f3e16c7cd8c53127f91262]
~> TaskHandler[id: 13; name: NFCORE_RNASEQ:RNASEQ:FASTQ_FASTQC_UMITOOLS_TRIMGALORE:TRIMGALORE (H1_REP1); status: NEW; exit: -; error: -; workDir: /mnt/data/work/3a/7517c7c37e846bd3f9aa3163b44fd2]
~> TaskHandler[id: 4; name: NFCORE_RNASEQ:RNASEQ:FASTQ_FASTQC_UMITOOLS_TRIMGALORE:FASTQC (GM12878_REP1); status: NEW; exit: -; error: -; workDir: /mnt/data/work/c8/e785e7826d7a4574e2021d9edfead5]
~> TaskHandler[id: 3; name: NFCORE_RNASEQ:RNASEQ:FASTQ_FASTQC_UMITOOLS_TRIMGALORE:TRIMGALORE (GM12878_REP1); status: NEW; exit: -; error: -; workDir: /mnt/data/work/4e/2fb1b73d8734de5e793290e4274db9]
~> TaskHandler[id: 12; name: NFCORE_RNASEQ:RNASEQ:FASTQ_FASTQC_UMITOOLS_TRIMGALORE:TRIMGALORE (MCF7_REP2); status: NEW; exit: -; error: -; workDir: /mnt/data/work/b7/dec6ce4529704f8c9978d21f000a11]
~> TaskHandler[id: 16; name: NFCORE_RNASEQ:RNASEQ:FASTQ_FASTQC_UMITOOLS_TRIMGALORE:FASTQC (MCF7_REP2); status: NEW; exit: -; error: -; workDir: /mnt/data/work/a7/bd9abb4cf6415fe6a2ac2fb3624b82]
~> TaskHandler[id: 6; name: NFCORE_RNASEQ:RNASEQ:FASTQ_FASTQC_UMITOOLS_TRIMGALORE:TRIMGALORE (GM12878_REP2); status: NEW; exit: -; error: -; workDir: /mnt/data/work/dd/61022ecc14eaaf5cfa45d12f6e44fd]
~> TaskHandler[id: 5; name: NFCORE_RNASEQ:RNASEQ:FASTQ_FASTQC_UMITOOLS_TRIMGALORE:FASTQC (GM12878_REP2); status: NEW; exit: -; error: -; workDir: /mnt/data/work/26/1d817f3bce9dda7f92c35f1d5173d8]
~> TaskHandler[id: 15; name: NFCORE_RNASEQ:RNASEQ:FASTQ_FASTQC_UMITOOLS_TRIMGALORE:FASTQC (MCF7_REP1); status: NEW; exit: -; error: -; workDir: /mnt/data/work/fc/a2e7937c48a82ab3a9a50e6358feb7]
~> TaskHandler[id: 11; name: NFCORE_RNASEQ:RNASEQ:FASTQ_FASTQC_UMITOOLS_TRIMGALORE:TRIMGALORE (MCF7_REP1); status: NEW; exit: -; error: -; workDir: /mnt/data/work/80/80a350b035d9f4b05177d1c6dbef48]
.. remaining tasks omitted.
Mar-20 05:45:25.261 [Task monitor] DEBUG n.processor.TaskPollingMonitor - !! executor local > tasks to be completed: 1 -- submitted tasks are shown below
~> TaskHandler[id: 8; name: NFCORE_RNASEQ:RNASEQ:FASTQ_FASTQC_UMITOOLS_TRIMGALORE:TRIMGALORE (K562_REP1); status: RUNNING; exit: -; error: -; workDir: /mnt/data/work/67/40fa8103cf06cf99bd740a6ea43d22]
Mar-20 05:48:22.943 [Task submitter] DEBUG n.processor.TaskPollingMonitor - %% executor local > tasks in the submission queue: 15 -- tasks to be submitted are shown below
~> TaskHandler[id: 17; name: NFCORE_RNASEQ:RNASEQ:FASTQ_FASTQC_UMITOOLS_TRIMGALORE:FASTQC (H1_REP1); status: NEW; exit: -; error: -; workDir: /mnt/data/work/d8/9aa978e3f3e16c7cd8c53127f91262]
~> TaskHandler[id: 13; name: NFCORE_RNASEQ:RNASEQ:FASTQ_FASTQC_UMITOOLS_TRIMGALORE:TRIMGALORE (H1_REP1); status: NEW; exit: -; error: -; workDir: /mnt/data/work/3a/7517c7c37e846bd3f9aa3163b44fd2]
~> TaskHandler[id: 4; name: NFCORE_RNASEQ:RNASEQ:FASTQ_FASTQC_UMITOOLS_TRIMGALORE:FASTQC (GM12878_REP1); status: NEW; exit: -; error: -; workDir: /mnt/data/work/c8/e785e7826d7a4574e2021d9edfead5]
~> TaskHandler[id: 3; name: NFCORE_RNASEQ:RNASEQ:FASTQ_FASTQC_UMITOOLS_TRIMGALORE:TRIMGALORE (GM12878_REP1); status: NEW; exit: -; error: -; workDir: /mnt/data/work/4e/2fb1b73d8734de5e793290e4274db9]
~> TaskHandler[id: 12; name: NFCORE_RNASEQ:RNASEQ:FASTQ_FASTQC_UMITOOLS_TRIMGALORE:TRIMGALORE (MCF7_REP2); status: NEW; exit: -; error: -; workDir: /mnt/data/work/b7/dec6ce4529704f8c9978d21f000a11]
~> TaskHandler[id: 16; name: NFCORE_RNASEQ:RNASEQ:FASTQ_FASTQC_UMITOOLS_TRIMGALORE:FASTQC (MCF7_REP2); status: NEW; exit: -; error: -; workDir: /mnt/data/work/a7/bd9abb4cf6415fe6a2ac2fb3624b82]
~> TaskHandler[id: 6; name: NFCORE_RNASEQ:RNASEQ:FASTQ_FASTQC_UMITOOLS_TRIMGALORE:TRIMGALORE (GM12878_REP2); status: NEW; exit: -; error: -; workDir: /mnt/data/work/dd/61022ecc14eaaf5cfa45d12f6e44fd]
~> TaskHandler[id: 5; name: NFCORE_RNASEQ:RNASEQ:FASTQ_FASTQC_UMITOOLS_TRIMGALORE:FASTQC (GM12878_REP2); status: NEW; exit: -; error: -; workDir: /mnt/data/work/26/1d817f3bce9dda7f92c35f1d5173d8]
~> TaskHandler[id: 15; name: NFCORE_RNASEQ:RNASEQ:FASTQ_FASTQC_UMITOOLS_TRIMGALORE:FASTQC (MCF7_REP1); status: NEW; exit: -; error: -; workDir: /mnt/data/work/fc/a2e7937c48a82ab3a9a50e6358feb7]
~> TaskHandler[id: 11; name: NFCORE_RNASEQ:RNASEQ:FASTQ_FASTQC_UMITOOLS_TRIMGALORE:TRIMGALORE (MCF7_REP1); status: NEW; exit: -; error: -; workDir: /mnt/data/work/80/80a350b035d9f4b05177d1c6dbef48]
.. remaining tasks omitted.
Mar-20 05:50:25.325 [Task monitor] DEBUG n.processor.TaskPollingMonitor - !! executor local > tasks to be completed: 1 -- submitted tasks are shown below
~> TaskHandler[id: 8; name: NFCORE_RNASEQ:RNASEQ:FASTQ_FASTQC_UMITOOLS_TRIMGALORE:TRIMGALORE (K562_REP1); status: RUNNING; exit: -; error: -; workDir: /mnt/data/work/67/40fa8103cf06cf99bd740a6ea43d22]
Mar-20 05:53:23.024 [Task submitter] DEBUG n.processor.TaskPollingMonitor - %% executor local > tasks in the submission queue: 15 -- tasks to be submitted are shown below
~> TaskHandler[id: 17; name: NFCORE_RNASEQ:RNASEQ:FASTQ_FASTQC_UMITOOLS_TRIMGALORE:FASTQC (H1_REP1); status: NEW; exit: -; error: -; workDir: /mnt/data/work/d8/9aa978e3f3e16c7cd8c53127f91262]
~> TaskHandler[id: 13; name: NFCORE_RNASEQ:RNASEQ:FASTQ_FASTQC_UMITOOLS_TRIMGALORE:TRIMGALORE (H1_REP1); status: NEW; exit: -; error: -; workDir: /mnt/data/work/3a/7517c7c37e846bd3f9aa3163b44fd2]
~> TaskHandler[id: 4; name: NFCORE_RNASEQ:RNASEQ:FASTQ_FASTQC_UMITOOLS_TRIMGALORE:FASTQC (GM12878_REP1); status: NEW; exit: -; error: -; workDir: /mnt/data/work/c8/e785e7826d7a4574e2021d9edfead5]
~> TaskHandler[id: 3; name: NFCORE_RNASEQ:RNASEQ:FASTQ_FASTQC_UMITOOLS_TRIMGALORE:TRIMGALORE (GM12878_REP1); status: NEW; exit: -; error: -; workDir: /mnt/data/work/4e/2fb1b73d8734de5e793290e4274db9]
~> TaskHandler[id: 12; name: NFCORE_RNASEQ:RNASEQ:FASTQ_FASTQC_UMITOOLS_TRIMGALORE:TRIMGALORE (MCF7_REP2); status: NEW; exit: -; error: -; workDir: /mnt/data/work/b7/dec6ce4529704f8c9978d21f000a11]
~> TaskHandler[id: 16; name: NFCORE_RNASEQ:RNASEQ:FASTQ_FASTQC_UMITOOLS_TRIMGALORE:FASTQC (MCF7_REP2); status: NEW; exit: -; error: -; workDir: /mnt/data/work/a7/bd9abb4cf6415fe6a2ac2fb3624b82]
~> TaskHandler[id: 6; name: NFCORE_RNASEQ:RNASEQ:FASTQ_FASTQC_UMITOOLS_TRIMGALORE:TRIMGALORE (GM12878_REP2); status: NEW; exit: -; error: -; workDir: /mnt/data/work/dd/61022ecc14eaaf5cfa45d12f6e44fd]
~> TaskHandler[id: 5; name: NFCORE_RNASEQ:RNASEQ:FASTQ_FASTQC_UMITOOLS_TRIMGALORE:FASTQC (GM12878_REP2); status: NEW; exit: -; error: -; workDir: /mnt/data/work/26/1d817f3bce9dda7f92c35f1d5173d8]
~> TaskHandler[id: 15; name: NFCORE_RNASEQ:RNASEQ:FASTQ_FASTQC_UMITOOLS_TRIMGALORE:FASTQC (MCF7_REP1); status: NEW; exit: -; error: -; workDir: /mnt/data/work/fc/a2e7937c48a82ab3a9a50e6358feb7]
~> TaskHandler[id: 11; name: NFCORE_RNASEQ:RNASEQ:FASTQ_FASTQC_UMITOOLS_TRIMGALORE:TRIMGALORE (MCF7_REP1); status: NEW; exit: -; error: -; workDir: /mnt/data/work/80/80a350b035d9f4b05177d1c6dbef48]
.. remaining tasks omitted.
Mar-20 05:53:32.349 [Task monitor] DEBUG n.processor.TaskPollingMonitor - Task completed > TaskHandler[id: 8; name: NFCORE_RNASEQ:RNASEQ:FASTQ_FASTQC_UMITOOLS_TRIMGALORE:TRIMGALORE (K562_REP1); status: COMPLETED; exit: 0; error: -; workDir: /mnt/data/work/67/40fa8103cf06cf99bd740a6ea43d22]
Mar-20 05:53:32.355 [Task submitter] DEBUG n.executor.local.LocalTaskHandler - Launch cmd line: /bin/bash -ue .command.run
Mar-20 05:53:32.356 [Task submitter] INFO  nextflow.Session - [d8/9aa978] Submitted process > NFCORE_RNASEQ:RNASEQ:FASTQ_FASTQC_UMITOOLS_TRIMGALORE:FASTQC (H1_REP1)
Mar-20 05:53:32.363 [TaskFinalizer-3] DEBUG nextflow.processor.TaskProcessor - Process NFCORE_RNASEQ:RNASEQ:FASTQ_FASTQC_UMITOOLS_TRIMGALORE:TRIMGALORE > Skipping output binding because one or more optional files are missing: fileoutparam<2:1>
Mar-20 05:55:25.356 [Task monitor] DEBUG n.processor.TaskPollingMonitor - !! executor local > tasks to be completed: 1 -- submitted tasks are shown below
~> TaskHandler[id: 17; name: NFCORE_RNASEQ:RNASEQ:FASTQ_FASTQC_UMITOOLS_TRIMGALORE:FASTQC (H1_REP1); status: RUNNING; exit: -; error: -; workDir: /mnt/data/work/d8/9aa978e3f3e16c7cd8c53127f91262]
Mar-20 05:58:23.432 [Task submitter] DEBUG n.processor.TaskPollingMonitor - %% executor local > tasks in the submission queue: 14 -- tasks to be submitted are shown below
~> TaskHandler[id: 13; name: NFCORE_RNASEQ:RNASEQ:FASTQ_FASTQC_UMITOOLS_TRIMGALORE:TRIMGALORE (H1_REP1); status: NEW; exit: -; error: -; workDir: /mnt/data/work/3a/7517c7c37e846bd3f9aa3163b44fd2]
~> TaskHandler[id: 4; name: NFCORE_RNASEQ:RNASEQ:FASTQ_FASTQC_UMITOOLS_TRIMGALORE:FASTQC (GM12878_REP1); status: NEW; exit: -; error: -; workDir: /mnt/data/work/c8/e785e7826d7a4574e2021d9edfead5]
~> TaskHandler[id: 3; name: NFCORE_RNASEQ:RNASEQ:FASTQ_FASTQC_UMITOOLS_TRIMGALORE:TRIMGALORE (GM12878_REP1); status: NEW; exit: -; error: -; workDir: /mnt/data/work/4e/2fb1b73d8734de5e793290e4274db9]
~> TaskHandler[id: 12; name: NFCORE_RNASEQ:RNASEQ:FASTQ_FASTQC_UMITOOLS_TRIMGALORE:TRIMGALORE (MCF7_REP2); status: NEW; exit: -; error: -; workDir: /mnt/data/work/b7/dec6ce4529704f8c9978d21f000a11]
~> TaskHandler[id: 16; name: NFCORE_RNASEQ:RNASEQ:FASTQ_FASTQC_UMITOOLS_TRIMGALORE:FASTQC (MCF7_REP2); status: NEW; exit: -; error: -; workDir: /mnt/data/work/a7/bd9abb4cf6415fe6a2ac2fb3624b82]
~> TaskHandler[id: 6; name: NFCORE_RNASEQ:RNASEQ:FASTQ_FASTQC_UMITOOLS_TRIMGALORE:TRIMGALORE (GM12878_REP2); status: NEW; exit: -; error: -; workDir: /mnt/data/work/dd/61022ecc14eaaf5cfa45d12f6e44fd]
~> TaskHandler[id: 5; name: NFCORE_RNASEQ:RNASEQ:FASTQ_FASTQC_UMITOOLS_TRIMGALORE:FASTQC (GM12878_REP2); status: NEW; exit: -; error: -; workDir: /mnt/data/work/26/1d817f3bce9dda7f92c35f1d5173d8]
~> TaskHandler[id: 15; name: NFCORE_RNASEQ:RNASEQ:FASTQ_FASTQC_UMITOOLS_TRIMGALORE:FASTQC (MCF7_REP1); status: NEW; exit: -; error: -; workDir: /mnt/data/work/fc/a2e7937c48a82ab3a9a50e6358feb7]
~> TaskHandler[id: 11; name: NFCORE_RNASEQ:RNASEQ:FASTQ_FASTQC_UMITOOLS_TRIMGALORE:TRIMGALORE (MCF7_REP1); status: NEW; exit: -; error: -; workDir: /mnt/data/work/80/80a350b035d9f4b05177d1c6dbef48]
~> TaskHandler[id: 2; name: NFCORE_RNASEQ:RNASEQ:PREPARE_GENOME:GTF_FILTER (genome.fa); status: NEW; exit: -; error: -; workDir: /mnt/data/work/ad/d74d39984b25283af17d5032b8d98e]
.. remaining tasks omitted.
Mar-20 06:00:25.371 [Task monitor] DEBUG n.processor.TaskPollingMonitor - !! executor local > tasks to be completed: 1 -- submitted tasks are shown below
~> TaskHandler[id: 17; name: NFCORE_RNASEQ:RNASEQ:FASTQ_FASTQC_UMITOOLS_TRIMGALORE:FASTQC (H1_REP1); status: RUNNING; exit: -; error: -; workDir: /mnt/data/work/d8/9aa978e3f3e16c7cd8c53127f91262]
Mar-20 06:00:56.973 [Task monitor] DEBUG n.processor.TaskPollingMonitor - Task completed > TaskHandler[id: 17; name: NFCORE_RNASEQ:RNASEQ:FASTQ_FASTQC_UMITOOLS_TRIMGALORE:FASTQC (H1_REP1); status: COMPLETED; exit: 0; error: -; workDir: /mnt/data/work/d8/9aa978e3f3e16c7cd8c53127f91262]
Mar-20 06:00:56.988 [Task submitter] DEBUG n.executor.local.LocalTaskHandler - Launch cmd line: /bin/bash -ue .command.run
Mar-20 06:00:56.988 [Task submitter] INFO  nextflow.Session - [3a/7517c7] Submitted process > NFCORE_RNASEQ:RNASEQ:FASTQ_FASTQC_UMITOOLS_TRIMGALORE:TRIMGALORE (H1_REP1)
Mar-20 06:03:24.032 [Task submitter] DEBUG n.processor.TaskPollingMonitor - %% executor local > tasks in the submission queue: 13 -- tasks to be submitted are shown below
~> TaskHandler[id: 4; name: NFCORE_RNASEQ:RNASEQ:FASTQ_FASTQC_UMITOOLS_TRIMGALORE:FASTQC (GM12878_REP1); status: NEW; exit: -; error: -; workDir: /mnt/data/work/c8/e785e7826d7a4574e2021d9edfead5]
~> TaskHandler[id: 3; name: NFCORE_RNASEQ:RNASEQ:FASTQ_FASTQC_UMITOOLS_TRIMGALORE:TRIMGALORE (GM12878_REP1); status: NEW; exit: -; error: -; workDir: /mnt/data/work/4e/2fb1b73d8734de5e793290e4274db9]
~> TaskHandler[id: 12; name: NFCORE_RNASEQ:RNASEQ:FASTQ_FASTQC_UMITOOLS_TRIMGALORE:TRIMGALORE (MCF7_REP2); status: NEW; exit: -; error: -; workDir: /mnt/data/work/b7/dec6ce4529704f8c9978d21f000a11]
~> TaskHandler[id: 16; name: NFCORE_RNASEQ:RNASEQ:FASTQ_FASTQC_UMITOOLS_TRIMGALORE:FASTQC (MCF7_REP2); status: NEW; exit: -; error: -; workDir: /mnt/data/work/a7/bd9abb4cf6415fe6a2ac2fb3624b82]
~> TaskHandler[id: 6; name: NFCORE_RNASEQ:RNASEQ:FASTQ_FASTQC_UMITOOLS_TRIMGALORE:TRIMGALORE (GM12878_REP2); status: NEW; exit: -; error: -; workDir: /mnt/data/work/dd/61022ecc14eaaf5cfa45d12f6e44fd]
~> TaskHandler[id: 5; name: NFCORE_RNASEQ:RNASEQ:FASTQ_FASTQC_UMITOOLS_TRIMGALORE:FASTQC (GM12878_REP2); status: NEW; exit: -; error: -; workDir: /mnt/data/work/26/1d817f3bce9dda7f92c35f1d5173d8]
~> TaskHandler[id: 15; name: NFCORE_RNASEQ:RNASEQ:FASTQ_FASTQC_UMITOOLS_TRIMGALORE:FASTQC (MCF7_REP1); status: NEW; exit: -; error: -; workDir: /mnt/data/work/fc/a2e7937c48a82ab3a9a50e6358feb7]
~> TaskHandler[id: 11; name: NFCORE_RNASEQ:RNASEQ:FASTQ_FASTQC_UMITOOLS_TRIMGALORE:TRIMGALORE (MCF7_REP1); status: NEW; exit: -; error: -; workDir: /mnt/data/work/80/80a350b035d9f4b05177d1c6dbef48]
~> TaskHandler[id: 2; name: NFCORE_RNASEQ:RNASEQ:PREPARE_GENOME:GTF_FILTER (genome.fa); status: NEW; exit: -; error: -; workDir: /mnt/data/work/ad/d74d39984b25283af17d5032b8d98e]
~> TaskHandler[id: 10; name: NFCORE_RNASEQ:RNASEQ:FASTQ_FASTQC_UMITOOLS_TRIMGALORE:TRIMGALORE (K562_REP2); status: NEW; exit: -; error: -; workDir: /mnt/data/work/1c/82797cec3824d484dccc52b9bb515f]
.. remaining tasks omitted.
Mar-20 06:05:25.446 [Task monitor] DEBUG n.processor.TaskPollingMonitor - !! executor local > tasks to be completed: 1 -- submitted tasks are shown below
~> TaskHandler[id: 13; name: NFCORE_RNASEQ:RNASEQ:FASTQ_FASTQC_UMITOOLS_TRIMGALORE:TRIMGALORE (H1_REP1); status: RUNNING; exit: -; error: -; workDir: /mnt/data/work/3a/7517c7c37e846bd3f9aa3163b44fd2]
Mar-20 06:08:24.105 [Task submitter] DEBUG n.processor.TaskPollingMonitor - %% executor local > tasks in the submission queue: 13 -- tasks to be submitted are shown below
~> TaskHandler[id: 4; name: NFCORE_RNASEQ:RNASEQ:FASTQ_FASTQC_UMITOOLS_TRIMGALORE:FASTQC (GM12878_REP1); status: NEW; exit: -; error: -; workDir: /mnt/data/work/c8/e785e7826d7a4574e2021d9edfead5]
~> TaskHandler[id: 3; name: NFCORE_RNASEQ:RNASEQ:FASTQ_FASTQC_UMITOOLS_TRIMGALORE:TRIMGALORE (GM12878_REP1); status: NEW; exit: -; error: -; workDir: /mnt/data/work/4e/2fb1b73d8734de5e793290e4274db9]
~> TaskHandler[id: 12; name: NFCORE_RNASEQ:RNASEQ:FASTQ_FASTQC_UMITOOLS_TRIMGALORE:TRIMGALORE (MCF7_REP2); status: NEW; exit: -; error: -; workDir: /mnt/data/work/b7/dec6ce4529704f8c9978d21f000a11]
~> TaskHandler[id: 16; name: NFCORE_RNASEQ:RNASEQ:FASTQ_FASTQC_UMITOOLS_TRIMGALORE:FASTQC (MCF7_REP2); status: NEW; exit: -; error: -; workDir: /mnt/data/work/a7/bd9abb4cf6415fe6a2ac2fb3624b82]
~> TaskHandler[id: 6; name: NFCORE_RNASEQ:RNASEQ:FASTQ_FASTQC_UMITOOLS_TRIMGALORE:TRIMGALORE (GM12878_REP2); status: NEW; exit: -; error: -; workDir: /mnt/data/work/dd/61022ecc14eaaf5cfa45d12f6e44fd]
~> TaskHandler[id: 5; name: NFCORE_RNASEQ:RNASEQ:FASTQ_FASTQC_UMITOOLS_TRIMGALORE:FASTQC (GM12878_REP2); status: NEW; exit: -; error: -; workDir: /mnt/data/work/26/1d817f3bce9dda7f92c35f1d5173d8]
~> TaskHandler[id: 15; name: NFCORE_RNASEQ:RNASEQ:FASTQ_FASTQC_UMITOOLS_TRIMGALORE:FASTQC (MCF7_REP1); status: NEW; exit: -; error: -; workDir: /mnt/data/work/fc/a2e7937c48a82ab3a9a50e6358feb7]
~> TaskHandler[id: 11; name: NFCORE_RNASEQ:RNASEQ:FASTQ_FASTQC_UMITOOLS_TRIMGALORE:TRIMGALORE (MCF7_REP1); status: NEW; exit: -; error: -; workDir: /mnt/data/work/80/80a350b035d9f4b05177d1c6dbef48]
~> TaskHandler[id: 2; name: NFCORE_RNASEQ:RNASEQ:PREPARE_GENOME:GTF_FILTER (genome.fa); status: NEW; exit: -; error: -; workDir: /mnt/data/work/ad/d74d39984b25283af17d5032b8d98e]
~> TaskHandler[id: 10; name: NFCORE_RNASEQ:RNASEQ:FASTQ_FASTQC_UMITOOLS_TRIMGALORE:TRIMGALORE (K562_REP2); status: NEW; exit: -; error: -; workDir: /mnt/data/work/1c/82797cec3824d484dccc52b9bb515f]
.. remaining tasks omitted.
Mar-20 06:10:25.453 [Task monitor] DEBUG n.processor.TaskPollingMonitor - !! executor local > tasks to be completed: 1 -- submitted tasks are shown below
~> TaskHandler[id: 13; name: NFCORE_RNASEQ:RNASEQ:FASTQ_FASTQC_UMITOOLS_TRIMGALORE:TRIMGALORE (H1_REP1); status: RUNNING; exit: -; error: -; workDir: /mnt/data/work/3a/7517c7c37e846bd3f9aa3163b44fd2]
Mar-20 06:13:24.182 [Task submitter] DEBUG n.processor.TaskPollingMonitor - %% executor local > tasks in the submission queue: 13 -- tasks to be submitted are shown below
~> TaskHandler[id: 4; name: NFCORE_RNASEQ:RNASEQ:FASTQ_FASTQC_UMITOOLS_TRIMGALORE:FASTQC (GM12878_REP1); status: NEW; exit: -; error: -; workDir: /mnt/data/work/c8/e785e7826d7a4574e2021d9edfead5]
~> TaskHandler[id: 3; name: NFCORE_RNASEQ:RNASEQ:FASTQ_FASTQC_UMITOOLS_TRIMGALORE:TRIMGALORE (GM12878_REP1); status: NEW; exit: -; error: -; workDir: /mnt/data/work/4e/2fb1b73d8734de5e793290e4274db9]
~> TaskHandler[id: 12; name: NFCORE_RNASEQ:RNASEQ:FASTQ_FASTQC_UMITOOLS_TRIMGALORE:TRIMGALORE (MCF7_REP2); status: NEW; exit: -; error: -; workDir: /mnt/data/work/b7/dec6ce4529704f8c9978d21f000a11]
~> TaskHandler[id: 16; name: NFCORE_RNASEQ:RNASEQ:FASTQ_FASTQC_UMITOOLS_TRIMGALORE:FASTQC (MCF7_REP2); status: NEW; exit: -; error: -; workDir: /mnt/data/work/a7/bd9abb4cf6415fe6a2ac2fb3624b82]
~> TaskHandler[id: 6; name: NFCORE_RNASEQ:RNASEQ:FASTQ_FASTQC_UMITOOLS_TRIMGALORE:TRIMGALORE (GM12878_REP2); status: NEW; exit: -; error: -; workDir: /mnt/data/work/dd/61022ecc14eaaf5cfa45d12f6e44fd]
~> TaskHandler[id: 5; name: NFCORE_RNASEQ:RNASEQ:FASTQ_FASTQC_UMITOOLS_TRIMGALORE:FASTQC (GM12878_REP2); status: NEW; exit: -; error: -; workDir: /mnt/data/work/26/1d817f3bce9dda7f92c35f1d5173d8]
~> TaskHandler[id: 15; name: NFCORE_RNASEQ:RNASEQ:FASTQ_FASTQC_UMITOOLS_TRIMGALORE:FASTQC (MCF7_REP1); status: NEW; exit: -; error: -; workDir: /mnt/data/work/fc/a2e7937c48a82ab3a9a50e6358feb7]
~> TaskHandler[id: 11; name: NFCORE_RNASEQ:RNASEQ:FASTQ_FASTQC_UMITOOLS_TRIMGALORE:TRIMGALORE (MCF7_REP1); status: NEW; exit: -; error: -; workDir: /mnt/data/work/80/80a350b035d9f4b05177d1c6dbef48]
~> TaskHandler[id: 2; name: NFCORE_RNASEQ:RNASEQ:PREPARE_GENOME:GTF_FILTER (genome.fa); status: NEW; exit: -; error: -; workDir: /mnt/data/work/ad/d74d39984b25283af17d5032b8d98e]
~> TaskHandler[id: 10; name: NFCORE_RNASEQ:RNASEQ:FASTQ_FASTQC_UMITOOLS_TRIMGALORE:TRIMGALORE (K562_REP2); status: NEW; exit: -; error: -; workDir: /mnt/data/work/1c/82797cec3824d484dccc52b9bb515f]
.. remaining tasks omitted.
Mar-20 06:15:25.507 [Task monitor] DEBUG n.processor.TaskPollingMonitor - !! executor local > tasks to be completed: 1 -- submitted tasks are shown below
~> TaskHandler[id: 13; name: NFCORE_RNASEQ:RNASEQ:FASTQ_FASTQC_UMITOOLS_TRIMGALORE:TRIMGALORE (H1_REP1); status: RUNNING; exit: -; error: -; workDir: /mnt/data/work/3a/7517c7c37e846bd3f9aa3163b44fd2]
Mar-20 06:18:24.272 [Task submitter] DEBUG n.processor.TaskPollingMonitor - %% executor local > tasks in the submission queue: 13 -- tasks to be submitted are shown below
~> TaskHandler[id: 4; name: NFCORE_RNASEQ:RNASEQ:FASTQ_FASTQC_UMITOOLS_TRIMGALORE:FASTQC (GM12878_REP1); status: NEW; exit: -; error: -; workDir: /mnt/data/work/c8/e785e7826d7a4574e2021d9edfead5]
~> TaskHandler[id: 3; name: NFCORE_RNASEQ:RNASEQ:FASTQ_FASTQC_UMITOOLS_TRIMGALORE:TRIMGALORE (GM12878_REP1); status: NEW; exit: -; error: -; workDir: /mnt/data/work/4e/2fb1b73d8734de5e793290e4274db9]
~> TaskHandler[id: 12; name: NFCORE_RNASEQ:RNASEQ:FASTQ_FASTQC_UMITOOLS_TRIMGALORE:TRIMGALORE (MCF7_REP2); status: NEW; exit: -; error: -; workDir: /mnt/data/work/b7/dec6ce4529704f8c9978d21f000a11]
~> TaskHandler[id: 16; name: NFCORE_RNASEQ:RNASEQ:FASTQ_FASTQC_UMITOOLS_TRIMGALORE:FASTQC (MCF7_REP2); status: NEW; exit: -; error: -; workDir: /mnt/data/work/a7/bd9abb4cf6415fe6a2ac2fb3624b82]
~> TaskHandler[id: 6; name: NFCORE_RNASEQ:RNASEQ:FASTQ_FASTQC_UMITOOLS_TRIMGALORE:TRIMGALORE (GM12878_REP2); status: NEW; exit: -; error: -; workDir: /mnt/data/work/dd/61022ecc14eaaf5cfa45d12f6e44fd]
~> TaskHandler[id: 5; name: NFCORE_RNASEQ:RNASEQ:FASTQ_FASTQC_UMITOOLS_TRIMGALORE:FASTQC (GM12878_REP2); status: NEW; exit: -; error: -; workDir: /mnt/data/work/26/1d817f3bce9dda7f92c35f1d5173d8]
~> TaskHandler[id: 15; name: NFCORE_RNASEQ:RNASEQ:FASTQ_FASTQC_UMITOOLS_TRIMGALORE:FASTQC (MCF7_REP1); status: NEW; exit: -; error: -; workDir: /mnt/data/work/fc/a2e7937c48a82ab3a9a50e6358feb7]
~> TaskHandler[id: 11; name: NFCORE_RNASEQ:RNASEQ:FASTQ_FASTQC_UMITOOLS_TRIMGALORE:TRIMGALORE (MCF7_REP1); status: NEW; exit: -; error: -; workDir: /mnt/data/work/80/80a350b035d9f4b05177d1c6dbef48]
~> TaskHandler[id: 2; name: NFCORE_RNASEQ:RNASEQ:PREPARE_GENOME:GTF_FILTER (genome.fa); status: NEW; exit: -; error: -; workDir: /mnt/data/work/ad/d74d39984b25283af17d5032b8d98e]
~> TaskHandler[id: 10; name: NFCORE_RNASEQ:RNASEQ:FASTQ_FASTQC_UMITOOLS_TRIMGALORE:TRIMGALORE (K562_REP2); status: NEW; exit: -; error: -; workDir: /mnt/data/work/1c/82797cec3824d484dccc52b9bb515f]
.. remaining tasks omitted.
Mar-20 06:20:25.574 [Task monitor] DEBUG n.processor.TaskPollingMonitor - !! executor local > tasks to be completed: 1 -- submitted tasks are shown below
~> TaskHandler[id: 13; name: NFCORE_RNASEQ:RNASEQ:FASTQ_FASTQC_UMITOOLS_TRIMGALORE:TRIMGALORE (H1_REP1); status: RUNNING; exit: -; error: -; workDir: /mnt/data/work/3a/7517c7c37e846bd3f9aa3163b44fd2]
Mar-20 06:23:24.341 [Task submitter] DEBUG n.processor.TaskPollingMonitor - %% executor local > tasks in the submission queue: 13 -- tasks to be submitted are shown below
~> TaskHandler[id: 4; name: NFCORE_RNASEQ:RNASEQ:FASTQ_FASTQC_UMITOOLS_TRIMGALORE:FASTQC (GM12878_REP1); status: NEW; exit: -; error: -; workDir: /mnt/data/work/c8/e785e7826d7a4574e2021d9edfead5]
~> TaskHandler[id: 3; name: NFCORE_RNASEQ:RNASEQ:FASTQ_FASTQC_UMITOOLS_TRIMGALORE:TRIMGALORE (GM12878_REP1); status: NEW; exit: -; error: -; workDir: /mnt/data/work/4e/2fb1b73d8734de5e793290e4274db9]
~> TaskHandler[id: 12; name: NFCORE_RNASEQ:RNASEQ:FASTQ_FASTQC_UMITOOLS_TRIMGALORE:TRIMGALORE (MCF7_REP2); status: NEW; exit: -; error: -; workDir: /mnt/data/work/b7/dec6ce4529704f8c9978d21f000a11]
~> TaskHandler[id: 16; name: NFCORE_RNASEQ:RNASEQ:FASTQ_FASTQC_UMITOOLS_TRIMGALORE:FASTQC (MCF7_REP2); status: NEW; exit: -; error: -; workDir: /mnt/data/work/a7/bd9abb4cf6415fe6a2ac2fb3624b82]
~> TaskHandler[id: 6; name: NFCORE_RNASEQ:RNASEQ:FASTQ_FASTQC_UMITOOLS_TRIMGALORE:TRIMGALORE (GM12878_REP2); status: NEW; exit: -; error: -; workDir: /mnt/data/work/dd/61022ecc14eaaf5cfa45d12f6e44fd]
~> TaskHandler[id: 5; name: NFCORE_RNASEQ:RNASEQ:FASTQ_FASTQC_UMITOOLS_TRIMGALORE:FASTQC (GM12878_REP2); status: NEW; exit: -; error: -; workDir: /mnt/data/work/26/1d817f3bce9dda7f92c35f1d5173d8]
~> TaskHandler[id: 15; name: NFCORE_RNASEQ:RNASEQ:FASTQ_FASTQC_UMITOOLS_TRIMGALORE:FASTQC (MCF7_REP1); status: NEW; exit: -; error: -; workDir: /mnt/data/work/fc/a2e7937c48a82ab3a9a50e6358feb7]
~> TaskHandler[id: 11; name: NFCORE_RNASEQ:RNASEQ:FASTQ_FASTQC_UMITOOLS_TRIMGALORE:TRIMGALORE (MCF7_REP1); status: NEW; exit: -; error: -; workDir: /mnt/data/work/80/80a350b035d9f4b05177d1c6dbef48]
~> TaskHandler[id: 2; name: NFCORE_RNASEQ:RNASEQ:PREPARE_GENOME:GTF_FILTER (genome.fa); status: NEW; exit: -; error: -; workDir: /mnt/data/work/ad/d74d39984b25283af17d5032b8d98e]
~> TaskHandler[id: 10; name: NFCORE_RNASEQ:RNASEQ:FASTQ_FASTQC_UMITOOLS_TRIMGALORE:TRIMGALORE (K562_REP2); status: NEW; exit: -; error: -; workDir: /mnt/data/work/1c/82797cec3824d484dccc52b9bb515f]
.. remaining tasks omitted.
Mar-20 06:25:25.628 [Task monitor] DEBUG n.processor.TaskPollingMonitor - !! executor local > tasks to be completed: 1 -- submitted tasks are shown below
~> TaskHandler[id: 13; name: NFCORE_RNASEQ:RNASEQ:FASTQ_FASTQC_UMITOOLS_TRIMGALORE:TRIMGALORE (H1_REP1); status: RUNNING; exit: -; error: -; workDir: /mnt/data/work/3a/7517c7c37e846bd3f9aa3163b44fd2]
Mar-20 06:28:24.387 [Task submitter] DEBUG n.processor.TaskPollingMonitor - %% executor local > tasks in the submission queue: 13 -- tasks to be submitted are shown below
~> TaskHandler[id: 4; name: NFCORE_RNASEQ:RNASEQ:FASTQ_FASTQC_UMITOOLS_TRIMGALORE:FASTQC (GM12878_REP1); status: NEW; exit: -; error: -; workDir: /mnt/data/work/c8/e785e7826d7a4574e2021d9edfead5]
~> TaskHandler[id: 3; name: NFCORE_RNASEQ:RNASEQ:FASTQ_FASTQC_UMITOOLS_TRIMGALORE:TRIMGALORE (GM12878_REP1); status: NEW; exit: -; error: -; workDir: /mnt/data/work/4e/2fb1b73d8734de5e793290e4274db9]
~> TaskHandler[id: 12; name: NFCORE_RNASEQ:RNASEQ:FASTQ_FASTQC_UMITOOLS_TRIMGALORE:TRIMGALORE (MCF7_REP2); status: NEW; exit: -; error: -; workDir: /mnt/data/work/b7/dec6ce4529704f8c9978d21f000a11]
~> TaskHandler[id: 16; name: NFCORE_RNASEQ:RNASEQ:FASTQ_FASTQC_UMITOOLS_TRIMGALORE:FASTQC (MCF7_REP2); status: NEW; exit: -; error: -; workDir: /mnt/data/work/a7/bd9abb4cf6415fe6a2ac2fb3624b82]
~> TaskHandler[id: 6; name: NFCORE_RNASEQ:RNASEQ:FASTQ_FASTQC_UMITOOLS_TRIMGALORE:TRIMGALORE (GM12878_REP2); status: NEW; exit: -; error: -; workDir: /mnt/data/work/dd/61022ecc14eaaf5cfa45d12f6e44fd]
~> TaskHandler[id: 5; name: NFCORE_RNASEQ:RNASEQ:FASTQ_FASTQC_UMITOOLS_TRIMGALORE:FASTQC (GM12878_REP2); status: NEW; exit: -; error: -; workDir: /mnt/data/work/26/1d817f3bce9dda7f92c35f1d5173d8]
~> TaskHandler[id: 15; name: NFCORE_RNASEQ:RNASEQ:FASTQ_FASTQC_UMITOOLS_TRIMGALORE:FASTQC (MCF7_REP1); status: NEW; exit: -; error: -; workDir: /mnt/data/work/fc/a2e7937c48a82ab3a9a50e6358feb7]
~> TaskHandler[id: 11; name: NFCORE_RNASEQ:RNASEQ:FASTQ_FASTQC_UMITOOLS_TRIMGALORE:TRIMGALORE (MCF7_REP1); status: NEW; exit: -; error: -; workDir: /mnt/data/work/80/80a350b035d9f4b05177d1c6dbef48]
~> TaskHandler[id: 2; name: NFCORE_RNASEQ:RNASEQ:PREPARE_GENOME:GTF_FILTER (genome.fa); status: NEW; exit: -; error: -; workDir: /mnt/data/work/ad/d74d39984b25283af17d5032b8d98e]
~> TaskHandler[id: 10; name: NFCORE_RNASEQ:RNASEQ:FASTQ_FASTQC_UMITOOLS_TRIMGALORE:TRIMGALORE (K562_REP2); status: NEW; exit: -; error: -; workDir: /mnt/data/work/1c/82797cec3824d484dccc52b9bb515f]
.. remaining tasks omitted.
Mar-20 06:30:25.689 [Task monitor] DEBUG n.processor.TaskPollingMonitor - !! executor local > tasks to be completed: 1 -- submitted tasks are shown below
~> TaskHandler[id: 13; name: NFCORE_RNASEQ:RNASEQ:FASTQ_FASTQC_UMITOOLS_TRIMGALORE:TRIMGALORE (H1_REP1); status: RUNNING; exit: -; error: -; workDir: /mnt/data/work/3a/7517c7c37e846bd3f9aa3163b44fd2]
Mar-20 06:33:24.434 [Task submitter] DEBUG n.processor.TaskPollingMonitor - %% executor local > tasks in the submission queue: 13 -- tasks to be submitted are shown below
~> TaskHandler[id: 4; name: NFCORE_RNASEQ:RNASEQ:FASTQ_FASTQC_UMITOOLS_TRIMGALORE:FASTQC (GM12878_REP1); status: NEW; exit: -; error: -; workDir: /mnt/data/work/c8/e785e7826d7a4574e2021d9edfead5]
~> TaskHandler[id: 3; name: NFCORE_RNASEQ:RNASEQ:FASTQ_FASTQC_UMITOOLS_TRIMGALORE:TRIMGALORE (GM12878_REP1); status: NEW; exit: -; error: -; workDir: /mnt/data/work/4e/2fb1b73d8734de5e793290e4274db9]
~> TaskHandler[id: 12; name: NFCORE_RNASEQ:RNASEQ:FASTQ_FASTQC_UMITOOLS_TRIMGALORE:TRIMGALORE (MCF7_REP2); status: NEW; exit: -; error: -; workDir: /mnt/data/work/b7/dec6ce4529704f8c9978d21f000a11]
~> TaskHandler[id: 16; name: NFCORE_RNASEQ:RNASEQ:FASTQ_FASTQC_UMITOOLS_TRIMGALORE:FASTQC (MCF7_REP2); status: NEW; exit: -; error: -; workDir: /mnt/data/work/a7/bd9abb4cf6415fe6a2ac2fb3624b82]
~> TaskHandler[id: 6; name: NFCORE_RNASEQ:RNASEQ:FASTQ_FASTQC_UMITOOLS_TRIMGALORE:TRIMGALORE (GM12878_REP2); status: NEW; exit: -; error: -; workDir: /mnt/data/work/dd/61022ecc14eaaf5cfa45d12f6e44fd]
~> TaskHandler[id: 5; name: NFCORE_RNASEQ:RNASEQ:FASTQ_FASTQC_UMITOOLS_TRIMGALORE:FASTQC (GM12878_REP2); status: NEW; exit: -; error: -; workDir: /mnt/data/work/26/1d817f3bce9dda7f92c35f1d5173d8]
~> TaskHandler[id: 15; name: NFCORE_RNASEQ:RNASEQ:FASTQ_FASTQC_UMITOOLS_TRIMGALORE:FASTQC (MCF7_REP1); status: NEW; exit: -; error: -; workDir: /mnt/data/work/fc/a2e7937c48a82ab3a9a50e6358feb7]
~> TaskHandler[id: 11; name: NFCORE_RNASEQ:RNASEQ:FASTQ_FASTQC_UMITOOLS_TRIMGALORE:TRIMGALORE (MCF7_REP1); status: NEW; exit: -; error: -; workDir: /mnt/data/work/80/80a350b035d9f4b05177d1c6dbef48]
~> TaskHandler[id: 2; name: NFCORE_RNASEQ:RNASEQ:PREPARE_GENOME:GTF_FILTER (genome.fa); status: NEW; exit: -; error: -; workDir: /mnt/data/work/ad/d74d39984b25283af17d5032b8d98e]
~> TaskHandler[id: 10; name: NFCORE_RNASEQ:RNASEQ:FASTQ_FASTQC_UMITOOLS_TRIMGALORE:TRIMGALORE (K562_REP2); status: NEW; exit: -; error: -; workDir: /mnt/data/work/1c/82797cec3824d484dccc52b9bb515f]
.. remaining tasks omitted.
Mar-20 06:35:25.731 [Task monitor] DEBUG n.processor.TaskPollingMonitor - !! executor local > tasks to be completed: 1 -- submitted tasks are shown below
~> TaskHandler[id: 13; name: NFCORE_RNASEQ:RNASEQ:FASTQ_FASTQC_UMITOOLS_TRIMGALORE:TRIMGALORE (H1_REP1); status: RUNNING; exit: -; error: -; workDir: /mnt/data/work/3a/7517c7c37e846bd3f9aa3163b44fd2]
Mar-20 06:38:24.496 [Task submitter] DEBUG n.processor.TaskPollingMonitor - %% executor local > tasks in the submission queue: 13 -- tasks to be submitted are shown below
~> TaskHandler[id: 4; name: NFCORE_RNASEQ:RNASEQ:FASTQ_FASTQC_UMITOOLS_TRIMGALORE:FASTQC (GM12878_REP1); status: NEW; exit: -; error: -; workDir: /mnt/data/work/c8/e785e7826d7a4574e2021d9edfead5]
~> TaskHandler[id: 3; name: NFCORE_RNASEQ:RNASEQ:FASTQ_FASTQC_UMITOOLS_TRIMGALORE:TRIMGALORE (GM12878_REP1); status: NEW; exit: -; error: -; workDir: /mnt/data/work/4e/2fb1b73d8734de5e793290e4274db9]
~> TaskHandler[id: 12; name: NFCORE_RNASEQ:RNASEQ:FASTQ_FASTQC_UMITOOLS_TRIMGALORE:TRIMGALORE (MCF7_REP2); status: NEW; exit: -; error: -; workDir: /mnt/data/work/b7/dec6ce4529704f8c9978d21f000a11]
~> TaskHandler[id: 16; name: NFCORE_RNASEQ:RNASEQ:FASTQ_FASTQC_UMITOOLS_TRIMGALORE:FASTQC (MCF7_REP2); status: NEW; exit: -; error: -; workDir: /mnt/data/work/a7/bd9abb4cf6415fe6a2ac2fb3624b82]
~> TaskHandler[id: 6; name: NFCORE_RNASEQ:RNASEQ:FASTQ_FASTQC_UMITOOLS_TRIMGALORE:TRIMGALORE (GM12878_REP2); status: NEW; exit: -; error: -; workDir: /mnt/data/work/dd/61022ecc14eaaf5cfa45d12f6e44fd]
~> TaskHandler[id: 5; name: NFCORE_RNASEQ:RNASEQ:FASTQ_FASTQC_UMITOOLS_TRIMGALORE:FASTQC (GM12878_REP2); status: NEW; exit: -; error: -; workDir: /mnt/data/work/26/1d817f3bce9dda7f92c35f1d5173d8]
~> TaskHandler[id: 15; name: NFCORE_RNASEQ:RNASEQ:FASTQ_FASTQC_UMITOOLS_TRIMGALORE:FASTQC (MCF7_REP1); status: NEW; exit: -; error: -; workDir: /mnt/data/work/fc/a2e7937c48a82ab3a9a50e6358feb7]
~> TaskHandler[id: 11; name: NFCORE_RNASEQ:RNASEQ:FASTQ_FASTQC_UMITOOLS_TRIMGALORE:TRIMGALORE (MCF7_REP1); status: NEW; exit: -; error: -; workDir: /mnt/data/work/80/80a350b035d9f4b05177d1c6dbef48]
~> TaskHandler[id: 2; name: NFCORE_RNASEQ:RNASEQ:PREPARE_GENOME:GTF_FILTER (genome.fa); status: NEW; exit: -; error: -; workDir: /mnt/data/work/ad/d74d39984b25283af17d5032b8d98e]
~> TaskHandler[id: 10; name: NFCORE_RNASEQ:RNASEQ:FASTQ_FASTQC_UMITOOLS_TRIMGALORE:TRIMGALORE (K562_REP2); status: NEW; exit: -; error: -; workDir: /mnt/data/work/1c/82797cec3824d484dccc52b9bb515f]
.. remaining tasks omitted.
Mar-20 06:40:25.737 [Task monitor] DEBUG n.processor.TaskPollingMonitor - !! executor local > tasks to be completed: 1 -- submitted tasks are shown below
~> TaskHandler[id: 13; name: NFCORE_RNASEQ:RNASEQ:FASTQ_FASTQC_UMITOOLS_TRIMGALORE:TRIMGALORE (H1_REP1); status: RUNNING; exit: -; error: -; workDir: /mnt/data/work/3a/7517c7c37e846bd3f9aa3163b44fd2]
Mar-20 06:43:24.581 [Task submitter] DEBUG n.processor.TaskPollingMonitor - %% executor local > tasks in the submission queue: 13 -- tasks to be submitted are shown below
~> TaskHandler[id: 4; name: NFCORE_RNASEQ:RNASEQ:FASTQ_FASTQC_UMITOOLS_TRIMGALORE:FASTQC (GM12878_REP1); status: NEW; exit: -; error: -; workDir: /mnt/data/work/c8/e785e7826d7a4574e2021d9edfead5]
~> TaskHandler[id: 3; name: NFCORE_RNASEQ:RNASEQ:FASTQ_FASTQC_UMITOOLS_TRIMGALORE:TRIMGALORE (GM12878_REP1); status: NEW; exit: -; error: -; workDir: /mnt/data/work/4e/2fb1b73d8734de5e793290e4274db9]
~> TaskHandler[id: 12; name: NFCORE_RNASEQ:RNASEQ:FASTQ_FASTQC_UMITOOLS_TRIMGALORE:TRIMGALORE (MCF7_REP2); status: NEW; exit: -; error: -; workDir: /mnt/data/work/b7/dec6ce4529704f8c9978d21f000a11]
~> TaskHandler[id: 16; name: NFCORE_RNASEQ:RNASEQ:FASTQ_FASTQC_UMITOOLS_TRIMGALORE:FASTQC (MCF7_REP2); status: NEW; exit: -; error: -; workDir: /mnt/data/work/a7/bd9abb4cf6415fe6a2ac2fb3624b82]
~> TaskHandler[id: 6; name: NFCORE_RNASEQ:RNASEQ:FASTQ_FASTQC_UMITOOLS_TRIMGALORE:TRIMGALORE (GM12878_REP2); status: NEW; exit: -; error: -; workDir: /mnt/data/work/dd/61022ecc14eaaf5cfa45d12f6e44fd]
~> TaskHandler[id: 5; name: NFCORE_RNASEQ:RNASEQ:FASTQ_FASTQC_UMITOOLS_TRIMGALORE:FASTQC (GM12878_REP2); status: NEW; exit: -; error: -; workDir: /mnt/data/work/26/1d817f3bce9dda7f92c35f1d5173d8]
~> TaskHandler[id: 15; name: NFCORE_RNASEQ:RNASEQ:FASTQ_FASTQC_UMITOOLS_TRIMGALORE:FASTQC (MCF7_REP1); status: NEW; exit: -; error: -; workDir: /mnt/data/work/fc/a2e7937c48a82ab3a9a50e6358feb7]
~> TaskHandler[id: 11; name: NFCORE_RNASEQ:RNASEQ:FASTQ_FASTQC_UMITOOLS_TRIMGALORE:TRIMGALORE (MCF7_REP1); status: NEW; exit: -; error: -; workDir: /mnt/data/work/80/80a350b035d9f4b05177d1c6dbef48]
~> TaskHandler[id: 2; name: NFCORE_RNASEQ:RNASEQ:PREPARE_GENOME:GTF_FILTER (genome.fa); status: NEW; exit: -; error: -; workDir: /mnt/data/work/ad/d74d39984b25283af17d5032b8d98e]
~> TaskHandler[id: 10; name: NFCORE_RNASEQ:RNASEQ:FASTQ_FASTQC_UMITOOLS_TRIMGALORE:TRIMGALORE (K562_REP2); status: NEW; exit: -; error: -; workDir: /mnt/data/work/1c/82797cec3824d484dccc52b9bb515f]
.. remaining tasks omitted.
Mar-20 06:45:25.826 [Task monitor] DEBUG n.processor.TaskPollingMonitor - !! executor local > tasks to be completed: 1 -- submitted tasks are shown below
~> TaskHandler[id: 13; name: NFCORE_RNASEQ:RNASEQ:FASTQ_FASTQC_UMITOOLS_TRIMGALORE:TRIMGALORE (H1_REP1); status: RUNNING; exit: -; error: -; workDir: /mnt/data/work/3a/7517c7c37e846bd3f9aa3163b44fd2]
Mar-20 06:48:24.661 [Task submitter] DEBUG n.processor.TaskPollingMonitor - %% executor local > tasks in the submission queue: 13 -- tasks to be submitted are shown below
~> TaskHandler[id: 4; name: NFCORE_RNASEQ:RNASEQ:FASTQ_FASTQC_UMITOOLS_TRIMGALORE:FASTQC (GM12878_REP1); status: NEW; exit: -; error: -; workDir: /mnt/data/work/c8/e785e7826d7a4574e2021d9edfead5]
~> TaskHandler[id: 3; name: NFCORE_RNASEQ:RNASEQ:FASTQ_FASTQC_UMITOOLS_TRIMGALORE:TRIMGALORE (GM12878_REP1); status: NEW; exit: -; error: -; workDir: /mnt/data/work/4e/2fb1b73d8734de5e793290e4274db9]
~> TaskHandler[id: 12; name: NFCORE_RNASEQ:RNASEQ:FASTQ_FASTQC_UMITOOLS_TRIMGALORE:TRIMGALORE (MCF7_REP2); status: NEW; exit: -; error: -; workDir: /mnt/data/work/b7/dec6ce4529704f8c9978d21f000a11]
~> TaskHandler[id: 16; name: NFCORE_RNASEQ:RNASEQ:FASTQ_FASTQC_UMITOOLS_TRIMGALORE:FASTQC (MCF7_REP2); status: NEW; exit: -; error: -; workDir: /mnt/data/work/a7/bd9abb4cf6415fe6a2ac2fb3624b82]
~> TaskHandler[id: 6; name: NFCORE_RNASEQ:RNASEQ:FASTQ_FASTQC_UMITOOLS_TRIMGALORE:TRIMGALORE (GM12878_REP2); status: NEW; exit: -; error: -; workDir: /mnt/data/work/dd/61022ecc14eaaf5cfa45d12f6e44fd]
~> TaskHandler[id: 5; name: NFCORE_RNASEQ:RNASEQ:FASTQ_FASTQC_UMITOOLS_TRIMGALORE:FASTQC (GM12878_REP2); status: NEW; exit: -; error: -; workDir: /mnt/data/work/26/1d817f3bce9dda7f92c35f1d5173d8]
~> TaskHandler[id: 15; name: NFCORE_RNASEQ:RNASEQ:FASTQ_FASTQC_UMITOOLS_TRIMGALORE:FASTQC (MCF7_REP1); status: NEW; exit: -; error: -; workDir: /mnt/data/work/fc/a2e7937c48a82ab3a9a50e6358feb7]
~> TaskHandler[id: 11; name: NFCORE_RNASEQ:RNASEQ:FASTQ_FASTQC_UMITOOLS_TRIMGALORE:TRIMGALORE (MCF7_REP1); status: NEW; exit: -; error: -; workDir: /mnt/data/work/80/80a350b035d9f4b05177d1c6dbef48]
~> TaskHandler[id: 2; name: NFCORE_RNASEQ:RNASEQ:PREPARE_GENOME:GTF_FILTER (genome.fa); status: NEW; exit: -; error: -; workDir: /mnt/data/work/ad/d74d39984b25283af17d5032b8d98e]
~> TaskHandler[id: 10; name: NFCORE_RNASEQ:RNASEQ:FASTQ_FASTQC_UMITOOLS_TRIMGALORE:TRIMGALORE (K562_REP2); status: NEW; exit: -; error: -; workDir: /mnt/data/work/1c/82797cec3824d484dccc52b9bb515f]
.. remaining tasks omitted.
Mar-20 06:50:00.540 [Task monitor] DEBUG n.processor.TaskPollingMonitor - Task completed > TaskHandler[id: 13; name: NFCORE_RNASEQ:RNASEQ:FASTQ_FASTQC_UMITOOLS_TRIMGALORE:TRIMGALORE (H1_REP1); status: COMPLETED; exit: 0; error: -; workDir: /mnt/data/work/3a/7517c7c37e846bd3f9aa3163b44fd2]
Mar-20 06:50:00.551 [Task submitter] DEBUG n.executor.local.LocalTaskHandler - Launch cmd line: /bin/bash -ue .command.run
Mar-20 06:50:00.552 [Task submitter] INFO  nextflow.Session - [c8/e785e7] Submitted process > NFCORE_RNASEQ:RNASEQ:FASTQ_FASTQC_UMITOOLS_TRIMGALORE:FASTQC (GM12878_REP1)
Mar-20 06:50:00.554 [TaskFinalizer-5] DEBUG nextflow.processor.TaskProcessor - Process NFCORE_RNASEQ:RNASEQ:FASTQ_FASTQC_UMITOOLS_TRIMGALORE:TRIMGALORE > Skipping output binding because one or more optional files are missing: fileoutparam<2:1>
Mar-20 06:50:25.876 [Task monitor] DEBUG n.processor.TaskPollingMonitor - !! executor local > tasks to be completed: 1 -- submitted tasks are shown below
~> TaskHandler[id: 4; name: NFCORE_RNASEQ:RNASEQ:FASTQ_FASTQC_UMITOOLS_TRIMGALORE:FASTQC (GM12878_REP1); status: RUNNING; exit: -; error: -; workDir: /mnt/data/work/c8/e785e7826d7a4574e2021d9edfead5]
Mar-20 06:53:25.600 [Task submitter] DEBUG n.processor.TaskPollingMonitor - %% executor local > tasks in the submission queue: 12 -- tasks to be submitted are shown below
~> TaskHandler[id: 3; name: NFCORE_RNASEQ:RNASEQ:FASTQ_FASTQC_UMITOOLS_TRIMGALORE:TRIMGALORE (GM12878_REP1); status: NEW; exit: -; error: -; workDir: /mnt/data/work/4e/2fb1b73d8734de5e793290e4274db9]
~> TaskHandler[id: 12; name: NFCORE_RNASEQ:RNASEQ:FASTQ_FASTQC_UMITOOLS_TRIMGALORE:TRIMGALORE (MCF7_REP2); status: NEW; exit: -; error: -; workDir: /mnt/data/work/b7/dec6ce4529704f8c9978d21f000a11]
~> TaskHandler[id: 16; name: NFCORE_RNASEQ:RNASEQ:FASTQ_FASTQC_UMITOOLS_TRIMGALORE:FASTQC (MCF7_REP2); status: NEW; exit: -; error: -; workDir: /mnt/data/work/a7/bd9abb4cf6415fe6a2ac2fb3624b82]
~> TaskHandler[id: 6; name: NFCORE_RNASEQ:RNASEQ:FASTQ_FASTQC_UMITOOLS_TRIMGALORE:TRIMGALORE (GM12878_REP2); status: NEW; exit: -; error: -; workDir: /mnt/data/work/dd/61022ecc14eaaf5cfa45d12f6e44fd]
~> TaskHandler[id: 5; name: NFCORE_RNASEQ:RNASEQ:FASTQ_FASTQC_UMITOOLS_TRIMGALORE:FASTQC (GM12878_REP2); status: NEW; exit: -; error: -; workDir: /mnt/data/work/26/1d817f3bce9dda7f92c35f1d5173d8]
~> TaskHandler[id: 15; name: NFCORE_RNASEQ:RNASEQ:FASTQ_FASTQC_UMITOOLS_TRIMGALORE:FASTQC (MCF7_REP1); status: NEW; exit: -; error: -; workDir: /mnt/data/work/fc/a2e7937c48a82ab3a9a50e6358feb7]
~> TaskHandler[id: 11; name: NFCORE_RNASEQ:RNASEQ:FASTQ_FASTQC_UMITOOLS_TRIMGALORE:TRIMGALORE (MCF7_REP1); status: NEW; exit: -; error: -; workDir: /mnt/data/work/80/80a350b035d9f4b05177d1c6dbef48]
~> TaskHandler[id: 2; name: NFCORE_RNASEQ:RNASEQ:PREPARE_GENOME:GTF_FILTER (genome.fa); status: NEW; exit: -; error: -; workDir: /mnt/data/work/ad/d74d39984b25283af17d5032b8d98e]
~> TaskHandler[id: 10; name: NFCORE_RNASEQ:RNASEQ:FASTQ_FASTQC_UMITOOLS_TRIMGALORE:TRIMGALORE (K562_REP2); status: NEW; exit: -; error: -; workDir: /mnt/data/work/1c/82797cec3824d484dccc52b9bb515f]
~> TaskHandler[id: 9; name: NFCORE_RNASEQ:RNASEQ:FASTQ_FASTQC_UMITOOLS_TRIMGALORE:FASTQC (K562_REP2); status: NEW; exit: -; error: -; workDir: /mnt/data/work/d3/96cecdd79957d3e6b533db369ae546]
.. remaining tasks omitted.
Mar-20 06:55:25.906 [Task monitor] DEBUG n.processor.TaskPollingMonitor - !! executor local > tasks to be completed: 1 -- submitted tasks are shown below
~> TaskHandler[id: 4; name: NFCORE_RNASEQ:RNASEQ:FASTQ_FASTQC_UMITOOLS_TRIMGALORE:FASTQC (GM12878_REP1); status: RUNNING; exit: -; error: -; workDir: /mnt/data/work/c8/e785e7826d7a4574e2021d9edfead5]
Mar-20 06:56:54.167 [Task monitor] DEBUG n.processor.TaskPollingMonitor - Task completed > TaskHandler[id: 4; name: NFCORE_RNASEQ:RNASEQ:FASTQ_FASTQC_UMITOOLS_TRIMGALORE:FASTQC (GM12878_REP1); status: COMPLETED; exit: 0; error: -; workDir: /mnt/data/work/c8/e785e7826d7a4574e2021d9edfead5]
Mar-20 06:56:54.176 [Task submitter] DEBUG n.executor.local.LocalTaskHandler - Launch cmd line: /bin/bash -ue .command.run
Mar-20 06:56:54.176 [Task submitter] INFO  nextflow.Session - [4e/2fb1b7] Submitted process > NFCORE_RNASEQ:RNASEQ:FASTQ_FASTQC_UMITOOLS_TRIMGALORE:TRIMGALORE (GM12878_REP1)
Mar-20 06:58:26.202 [Task submitter] DEBUG n.processor.TaskPollingMonitor - %% executor local > tasks in the submission queue: 11 -- tasks to be submitted are shown below
~> TaskHandler[id: 12; name: NFCORE_RNASEQ:RNASEQ:FASTQ_FASTQC_UMITOOLS_TRIMGALORE:TRIMGALORE (MCF7_REP2); status: NEW; exit: -; error: -; workDir: /mnt/data/work/b7/dec6ce4529704f8c9978d21f000a11]
~> TaskHandler[id: 16; name: NFCORE_RNASEQ:RNASEQ:FASTQ_FASTQC_UMITOOLS_TRIMGALORE:FASTQC (MCF7_REP2); status: NEW; exit: -; error: -; workDir: /mnt/data/work/a7/bd9abb4cf6415fe6a2ac2fb3624b82]
~> TaskHandler[id: 6; name: NFCORE_RNASEQ:RNASEQ:FASTQ_FASTQC_UMITOOLS_TRIMGALORE:TRIMGALORE (GM12878_REP2); status: NEW; exit: -; error: -; workDir: /mnt/data/work/dd/61022ecc14eaaf5cfa45d12f6e44fd]
~> TaskHandler[id: 5; name: NFCORE_RNASEQ:RNASEQ:FASTQ_FASTQC_UMITOOLS_TRIMGALORE:FASTQC (GM12878_REP2); status: NEW; exit: -; error: -; workDir: /mnt/data/work/26/1d817f3bce9dda7f92c35f1d5173d8]
~> TaskHandler[id: 15; name: NFCORE_RNASEQ:RNASEQ:FASTQ_FASTQC_UMITOOLS_TRIMGALORE:FASTQC (MCF7_REP1); status: NEW; exit: -; error: -; workDir: /mnt/data/work/fc/a2e7937c48a82ab3a9a50e6358feb7]
~> TaskHandler[id: 11; name: NFCORE_RNASEQ:RNASEQ:FASTQ_FASTQC_UMITOOLS_TRIMGALORE:TRIMGALORE (MCF7_REP1); status: NEW; exit: -; error: -; workDir: /mnt/data/work/80/80a350b035d9f4b05177d1c6dbef48]
~> TaskHandler[id: 2; name: NFCORE_RNASEQ:RNASEQ:PREPARE_GENOME:GTF_FILTER (genome.fa); status: NEW; exit: -; error: -; workDir: /mnt/data/work/ad/d74d39984b25283af17d5032b8d98e]
~> TaskHandler[id: 10; name: NFCORE_RNASEQ:RNASEQ:FASTQ_FASTQC_UMITOOLS_TRIMGALORE:TRIMGALORE (K562_REP2); status: NEW; exit: -; error: -; workDir: /mnt/data/work/1c/82797cec3824d484dccc52b9bb515f]
~> TaskHandler[id: 9; name: NFCORE_RNASEQ:RNASEQ:FASTQ_FASTQC_UMITOOLS_TRIMGALORE:FASTQC (K562_REP2); status: NEW; exit: -; error: -; workDir: /mnt/data/work/d3/96cecdd79957d3e6b533db369ae546]
~> TaskHandler[id: 18; name: NFCORE_RNASEQ:RNASEQ:FASTQ_FASTQC_UMITOOLS_TRIMGALORE:FASTQC (H1_REP2); status: NEW; exit: -; error: -; workDir: /mnt/data/work/dd/d216219b3484f8a0de2f5a3c569e05]
Mar-20 07:00:25.980 [Task monitor] DEBUG n.processor.TaskPollingMonitor - !! executor local > tasks to be completed: 1 -- submitted tasks are shown below
~> TaskHandler[id: 3; name: NFCORE_RNASEQ:RNASEQ:FASTQ_FASTQC_UMITOOLS_TRIMGALORE:TRIMGALORE (GM12878_REP1); status: RUNNING; exit: -; error: -; workDir: /mnt/data/work/4e/2fb1b73d8734de5e793290e4274db9]
Mar-20 07:03:26.282 [Task submitter] DEBUG n.processor.TaskPollingMonitor - %% executor local > tasks in the submission queue: 11 -- tasks to be submitted are shown below
~> TaskHandler[id: 12; name: NFCORE_RNASEQ:RNASEQ:FASTQ_FASTQC_UMITOOLS_TRIMGALORE:TRIMGALORE (MCF7_REP2); status: NEW; exit: -; error: -; workDir: /mnt/data/work/b7/dec6ce4529704f8c9978d21f000a11]
~> TaskHandler[id: 16; name: NFCORE_RNASEQ:RNASEQ:FASTQ_FASTQC_UMITOOLS_TRIMGALORE:FASTQC (MCF7_REP2); status: NEW; exit: -; error: -; workDir: /mnt/data/work/a7/bd9abb4cf6415fe6a2ac2fb3624b82]
~> TaskHandler[id: 6; name: NFCORE_RNASEQ:RNASEQ:FASTQ_FASTQC_UMITOOLS_TRIMGALORE:TRIMGALORE (GM12878_REP2); status: NEW; exit: -; error: -; workDir: /mnt/data/work/dd/61022ecc14eaaf5cfa45d12f6e44fd]
~> TaskHandler[id: 5; name: NFCORE_RNASEQ:RNASEQ:FASTQ_FASTQC_UMITOOLS_TRIMGALORE:FASTQC (GM12878_REP2); status: NEW; exit: -; error: -; workDir: /mnt/data/work/26/1d817f3bce9dda7f92c35f1d5173d8]
~> TaskHandler[id: 15; name: NFCORE_RNASEQ:RNASEQ:FASTQ_FASTQC_UMITOOLS_TRIMGALORE:FASTQC (MCF7_REP1); status: NEW; exit: -; error: -; workDir: /mnt/data/work/fc/a2e7937c48a82ab3a9a50e6358feb7]
~> TaskHandler[id: 11; name: NFCORE_RNASEQ:RNASEQ:FASTQ_FASTQC_UMITOOLS_TRIMGALORE:TRIMGALORE (MCF7_REP1); status: NEW; exit: -; error: -; workDir: /mnt/data/work/80/80a350b035d9f4b05177d1c6dbef48]
~> TaskHandler[id: 2; name: NFCORE_RNASEQ:RNASEQ:PREPARE_GENOME:GTF_FILTER (genome.fa); status: NEW; exit: -; error: -; workDir: /mnt/data/work/ad/d74d39984b25283af17d5032b8d98e]
~> TaskHandler[id: 10; name: NFCORE_RNASEQ:RNASEQ:FASTQ_FASTQC_UMITOOLS_TRIMGALORE:TRIMGALORE (K562_REP2); status: NEW; exit: -; error: -; workDir: /mnt/data/work/1c/82797cec3824d484dccc52b9bb515f]
~> TaskHandler[id: 9; name: NFCORE_RNASEQ:RNASEQ:FASTQ_FASTQC_UMITOOLS_TRIMGALORE:FASTQC (K562_REP2); status: NEW; exit: -; error: -; workDir: /mnt/data/work/d3/96cecdd79957d3e6b533db369ae546]
~> TaskHandler[id: 18; name: NFCORE_RNASEQ:RNASEQ:FASTQ_FASTQC_UMITOOLS_TRIMGALORE:FASTQC (H1_REP2); status: NEW; exit: -; error: -; workDir: /mnt/data/work/dd/d216219b3484f8a0de2f5a3c569e05]
Mar-20 07:05:25.992 [Task monitor] DEBUG n.processor.TaskPollingMonitor - !! executor local > tasks to be completed: 1 -- submitted tasks are shown below
~> TaskHandler[id: 3; name: NFCORE_RNASEQ:RNASEQ:FASTQ_FASTQC_UMITOOLS_TRIMGALORE:TRIMGALORE (GM12878_REP1); status: RUNNING; exit: -; error: -; workDir: /mnt/data/work/4e/2fb1b73d8734de5e793290e4274db9]
Mar-20 07:08:26.372 [Task submitter] DEBUG n.processor.TaskPollingMonitor - %% executor local > tasks in the submission queue: 11 -- tasks to be submitted are shown below
~> TaskHandler[id: 12; name: NFCORE_RNASEQ:RNASEQ:FASTQ_FASTQC_UMITOOLS_TRIMGALORE:TRIMGALORE (MCF7_REP2); status: NEW; exit: -; error: -; workDir: /mnt/data/work/b7/dec6ce4529704f8c9978d21f000a11]
~> TaskHandler[id: 16; name: NFCORE_RNASEQ:RNASEQ:FASTQ_FASTQC_UMITOOLS_TRIMGALORE:FASTQC (MCF7_REP2); status: NEW; exit: -; error: -; workDir: /mnt/data/work/a7/bd9abb4cf6415fe6a2ac2fb3624b82]
~> TaskHandler[id: 6; name: NFCORE_RNASEQ:RNASEQ:FASTQ_FASTQC_UMITOOLS_TRIMGALORE:TRIMGALORE (GM12878_REP2); status: NEW; exit: -; error: -; workDir: /mnt/data/work/dd/61022ecc14eaaf5cfa45d12f6e44fd]
~> TaskHandler[id: 5; name: NFCORE_RNASEQ:RNASEQ:FASTQ_FASTQC_UMITOOLS_TRIMGALORE:FASTQC (GM12878_REP2); status: NEW; exit: -; error: -; workDir: /mnt/data/work/26/1d817f3bce9dda7f92c35f1d5173d8]
~> TaskHandler[id: 15; name: NFCORE_RNASEQ:RNASEQ:FASTQ_FASTQC_UMITOOLS_TRIMGALORE:FASTQC (MCF7_REP1); status: NEW; exit: -; error: -; workDir: /mnt/data/work/fc/a2e7937c48a82ab3a9a50e6358feb7]
~> TaskHandler[id: 11; name: NFCORE_RNASEQ:RNASEQ:FASTQ_FASTQC_UMITOOLS_TRIMGALORE:TRIMGALORE (MCF7_REP1); status: NEW; exit: -; error: -; workDir: /mnt/data/work/80/80a350b035d9f4b05177d1c6dbef48]
~> TaskHandler[id: 2; name: NFCORE_RNASEQ:RNASEQ:PREPARE_GENOME:GTF_FILTER (genome.fa); status: NEW; exit: -; error: -; workDir: /mnt/data/work/ad/d74d39984b25283af17d5032b8d98e]
~> TaskHandler[id: 10; name: NFCORE_RNASEQ:RNASEQ:FASTQ_FASTQC_UMITOOLS_TRIMGALORE:TRIMGALORE (K562_REP2); status: NEW; exit: -; error: -; workDir: /mnt/data/work/1c/82797cec3824d484dccc52b9bb515f]
~> TaskHandler[id: 9; name: NFCORE_RNASEQ:RNASEQ:FASTQ_FASTQC_UMITOOLS_TRIMGALORE:FASTQC (K562_REP2); status: NEW; exit: -; error: -; workDir: /mnt/data/work/d3/96cecdd79957d3e6b533db369ae546]
~> TaskHandler[id: 18; name: NFCORE_RNASEQ:RNASEQ:FASTQ_FASTQC_UMITOOLS_TRIMGALORE:FASTQC (H1_REP2); status: NEW; exit: -; error: -; workDir: /mnt/data/work/dd/d216219b3484f8a0de2f5a3c569e05]
Mar-20 07:10:26.091 [Task monitor] DEBUG n.processor.TaskPollingMonitor - !! executor local > tasks to be completed: 1 -- submitted tasks are shown below
~> TaskHandler[id: 3; name: NFCORE_RNASEQ:RNASEQ:FASTQ_FASTQC_UMITOOLS_TRIMGALORE:TRIMGALORE (GM12878_REP1); status: RUNNING; exit: -; error: -; workDir: /mnt/data/work/4e/2fb1b73d8734de5e793290e4274db9]
Mar-20 07:13:26.442 [Task submitter] DEBUG n.processor.TaskPollingMonitor - %% executor local > tasks in the submission queue: 11 -- tasks to be submitted are shown below
~> TaskHandler[id: 12; name: NFCORE_RNASEQ:RNASEQ:FASTQ_FASTQC_UMITOOLS_TRIMGALORE:TRIMGALORE (MCF7_REP2); status: NEW; exit: -; error: -; workDir: /mnt/data/work/b7/dec6ce4529704f8c9978d21f000a11]
~> TaskHandler[id: 16; name: NFCORE_RNASEQ:RNASEQ:FASTQ_FASTQC_UMITOOLS_TRIMGALORE:FASTQC (MCF7_REP2); status: NEW; exit: -; error: -; workDir: /mnt/data/work/a7/bd9abb4cf6415fe6a2ac2fb3624b82]
~> TaskHandler[id: 6; name: NFCORE_RNASEQ:RNASEQ:FASTQ_FASTQC_UMITOOLS_TRIMGALORE:TRIMGALORE (GM12878_REP2); status: NEW; exit: -; error: -; workDir: /mnt/data/work/dd/61022ecc14eaaf5cfa45d12f6e44fd]
~> TaskHandler[id: 5; name: NFCORE_RNASEQ:RNASEQ:FASTQ_FASTQC_UMITOOLS_TRIMGALORE:FASTQC (GM12878_REP2); status: NEW; exit: -; error: -; workDir: /mnt/data/work/26/1d817f3bce9dda7f92c35f1d5173d8]
~> TaskHandler[id: 15; name: NFCORE_RNASEQ:RNASEQ:FASTQ_FASTQC_UMITOOLS_TRIMGALORE:FASTQC (MCF7_REP1); status: NEW; exit: -; error: -; workDir: /mnt/data/work/fc/a2e7937c48a82ab3a9a50e6358feb7]
~> TaskHandler[id: 11; name: NFCORE_RNASEQ:RNASEQ:FASTQ_FASTQC_UMITOOLS_TRIMGALORE:TRIMGALORE (MCF7_REP1); status: NEW; exit: -; error: -; workDir: /mnt/data/work/80/80a350b035d9f4b05177d1c6dbef48]
~> TaskHandler[id: 2; name: NFCORE_RNASEQ:RNASEQ:PREPARE_GENOME:GTF_FILTER (genome.fa); status: NEW; exit: -; error: -; workDir: /mnt/data/work/ad/d74d39984b25283af17d5032b8d98e]
~> TaskHandler[id: 10; name: NFCORE_RNASEQ:RNASEQ:FASTQ_FASTQC_UMITOOLS_TRIMGALORE:TRIMGALORE (K562_REP2); status: NEW; exit: -; error: -; workDir: /mnt/data/work/1c/82797cec3824d484dccc52b9bb515f]
~> TaskHandler[id: 9; name: NFCORE_RNASEQ:RNASEQ:FASTQ_FASTQC_UMITOOLS_TRIMGALORE:FASTQC (K562_REP2); status: NEW; exit: -; error: -; workDir: /mnt/data/work/d3/96cecdd79957d3e6b533db369ae546]
~> TaskHandler[id: 18; name: NFCORE_RNASEQ:RNASEQ:FASTQ_FASTQC_UMITOOLS_TRIMGALORE:FASTQC (H1_REP2); status: NEW; exit: -; error: -; workDir: /mnt/data/work/dd/d216219b3484f8a0de2f5a3c569e05]
Mar-20 07:15:26.165 [Task monitor] DEBUG n.processor.TaskPollingMonitor - !! executor local > tasks to be completed: 1 -- submitted tasks are shown below
~> TaskHandler[id: 3; name: NFCORE_RNASEQ:RNASEQ:FASTQ_FASTQC_UMITOOLS_TRIMGALORE:TRIMGALORE (GM12878_REP1); status: RUNNING; exit: -; error: -; workDir: /mnt/data/work/4e/2fb1b73d8734de5e793290e4274db9]
Mar-20 07:18:26.522 [Task submitter] DEBUG n.processor.TaskPollingMonitor - %% executor local > tasks in the submission queue: 11 -- tasks to be submitted are shown below
~> TaskHandler[id: 12; name: NFCORE_RNASEQ:RNASEQ:FASTQ_FASTQC_UMITOOLS_TRIMGALORE:TRIMGALORE (MCF7_REP2); status: NEW; exit: -; error: -; workDir: /mnt/data/work/b7/dec6ce4529704f8c9978d21f000a11]
~> TaskHandler[id: 16; name: NFCORE_RNASEQ:RNASEQ:FASTQ_FASTQC_UMITOOLS_TRIMGALORE:FASTQC (MCF7_REP2); status: NEW; exit: -; error: -; workDir: /mnt/data/work/a7/bd9abb4cf6415fe6a2ac2fb3624b82]
~> TaskHandler[id: 6; name: NFCORE_RNASEQ:RNASEQ:FASTQ_FASTQC_UMITOOLS_TRIMGALORE:TRIMGALORE (GM12878_REP2); status: NEW; exit: -; error: -; workDir: /mnt/data/work/dd/61022ecc14eaaf5cfa45d12f6e44fd]
~> TaskHandler[id: 5; name: NFCORE_RNASEQ:RNASEQ:FASTQ_FASTQC_UMITOOLS_TRIMGALORE:FASTQC (GM12878_REP2); status: NEW; exit: -; error: -; workDir: /mnt/data/work/26/1d817f3bce9dda7f92c35f1d5173d8]
~> TaskHandler[id: 15; name: NFCORE_RNASEQ:RNASEQ:FASTQ_FASTQC_UMITOOLS_TRIMGALORE:FASTQC (MCF7_REP1); status: NEW; exit: -; error: -; workDir: /mnt/data/work/fc/a2e7937c48a82ab3a9a50e6358feb7]
~> TaskHandler[id: 11; name: NFCORE_RNASEQ:RNASEQ:FASTQ_FASTQC_UMITOOLS_TRIMGALORE:TRIMGALORE (MCF7_REP1); status: NEW; exit: -; error: -; workDir: /mnt/data/work/80/80a350b035d9f4b05177d1c6dbef48]
~> TaskHandler[id: 2; name: NFCORE_RNASEQ:RNASEQ:PREPARE_GENOME:GTF_FILTER (genome.fa); status: NEW; exit: -; error: -; workDir: /mnt/data/work/ad/d74d39984b25283af17d5032b8d98e]
~> TaskHandler[id: 10; name: NFCORE_RNASEQ:RNASEQ:FASTQ_FASTQC_UMITOOLS_TRIMGALORE:TRIMGALORE (K562_REP2); status: NEW; exit: -; error: -; workDir: /mnt/data/work/1c/82797cec3824d484dccc52b9bb515f]
~> TaskHandler[id: 9; name: NFCORE_RNASEQ:RNASEQ:FASTQ_FASTQC_UMITOOLS_TRIMGALORE:FASTQC (K562_REP2); status: NEW; exit: -; error: -; workDir: /mnt/data/work/d3/96cecdd79957d3e6b533db369ae546]
~> TaskHandler[id: 18; name: NFCORE_RNASEQ:RNASEQ:FASTQ_FASTQC_UMITOOLS_TRIMGALORE:FASTQC (H1_REP2); status: NEW; exit: -; error: -; workDir: /mnt/data/work/dd/d216219b3484f8a0de2f5a3c569e05]
Mar-20 07:20:26.225 [Task monitor] DEBUG n.processor.TaskPollingMonitor - !! executor local > tasks to be completed: 1 -- submitted tasks are shown below
~> TaskHandler[id: 3; name: NFCORE_RNASEQ:RNASEQ:FASTQ_FASTQC_UMITOOLS_TRIMGALORE:TRIMGALORE (GM12878_REP1); status: RUNNING; exit: -; error: -; workDir: /mnt/data/work/4e/2fb1b73d8734de5e793290e4274db9]
Mar-20 07:23:26.569 [Task submitter] DEBUG n.processor.TaskPollingMonitor - %% executor local > tasks in the submission queue: 11 -- tasks to be submitted are shown below
~> TaskHandler[id: 12; name: NFCORE_RNASEQ:RNASEQ:FASTQ_FASTQC_UMITOOLS_TRIMGALORE:TRIMGALORE (MCF7_REP2); status: NEW; exit: -; error: -; workDir: /mnt/data/work/b7/dec6ce4529704f8c9978d21f000a11]
~> TaskHandler[id: 16; name: NFCORE_RNASEQ:RNASEQ:FASTQ_FASTQC_UMITOOLS_TRIMGALORE:FASTQC (MCF7_REP2); status: NEW; exit: -; error: -; workDir: /mnt/data/work/a7/bd9abb4cf6415fe6a2ac2fb3624b82]
~> TaskHandler[id: 6; name: NFCORE_RNASEQ:RNASEQ:FASTQ_FASTQC_UMITOOLS_TRIMGALORE:TRIMGALORE (GM12878_REP2); status: NEW; exit: -; error: -; workDir: /mnt/data/work/dd/61022ecc14eaaf5cfa45d12f6e44fd]
~> TaskHandler[id: 5; name: NFCORE_RNASEQ:RNASEQ:FASTQ_FASTQC_UMITOOLS_TRIMGALORE:FASTQC (GM12878_REP2); status: NEW; exit: -; error: -; workDir: /mnt/data/work/26/1d817f3bce9dda7f92c35f1d5173d8]
~> TaskHandler[id: 15; name: NFCORE_RNASEQ:RNASEQ:FASTQ_FASTQC_UMITOOLS_TRIMGALORE:FASTQC (MCF7_REP1); status: NEW; exit: -; error: -; workDir: /mnt/data/work/fc/a2e7937c48a82ab3a9a50e6358feb7]
~> TaskHandler[id: 11; name: NFCORE_RNASEQ:RNASEQ:FASTQ_FASTQC_UMITOOLS_TRIMGALORE:TRIMGALORE (MCF7_REP1); status: NEW; exit: -; error: -; workDir: /mnt/data/work/80/80a350b035d9f4b05177d1c6dbef48]
~> TaskHandler[id: 2; name: NFCORE_RNASEQ:RNASEQ:PREPARE_GENOME:GTF_FILTER (genome.fa); status: NEW; exit: -; error: -; workDir: /mnt/data/work/ad/d74d39984b25283af17d5032b8d98e]
~> TaskHandler[id: 10; name: NFCORE_RNASEQ:RNASEQ:FASTQ_FASTQC_UMITOOLS_TRIMGALORE:TRIMGALORE (K562_REP2); status: NEW; exit: -; error: -; workDir: /mnt/data/work/1c/82797cec3824d484dccc52b9bb515f]
~> TaskHandler[id: 9; name: NFCORE_RNASEQ:RNASEQ:FASTQ_FASTQC_UMITOOLS_TRIMGALORE:FASTQC (K562_REP2); status: NEW; exit: -; error: -; workDir: /mnt/data/work/d3/96cecdd79957d3e6b533db369ae546]
~> TaskHandler[id: 18; name: NFCORE_RNASEQ:RNASEQ:FASTQ_FASTQC_UMITOOLS_TRIMGALORE:FASTQC (H1_REP2); status: NEW; exit: -; error: -; workDir: /mnt/data/work/dd/d216219b3484f8a0de2f5a3c569e05]
Mar-20 07:25:26.243 [Task monitor] DEBUG n.processor.TaskPollingMonitor - !! executor local > tasks to be completed: 1 -- submitted tasks are shown below
~> TaskHandler[id: 3; name: NFCORE_RNASEQ:RNASEQ:FASTQ_FASTQC_UMITOOLS_TRIMGALORE:TRIMGALORE (GM12878_REP1); status: RUNNING; exit: -; error: -; workDir: /mnt/data/work/4e/2fb1b73d8734de5e793290e4274db9]
Mar-20 07:28:26.615 [Task submitter] DEBUG n.processor.TaskPollingMonitor - %% executor local > tasks in the submission queue: 11 -- tasks to be submitted are shown below
~> TaskHandler[id: 12; name: NFCORE_RNASEQ:RNASEQ:FASTQ_FASTQC_UMITOOLS_TRIMGALORE:TRIMGALORE (MCF7_REP2); status: NEW; exit: -; error: -; workDir: /mnt/data/work/b7/dec6ce4529704f8c9978d21f000a11]
~> TaskHandler[id: 16; name: NFCORE_RNASEQ:RNASEQ:FASTQ_FASTQC_UMITOOLS_TRIMGALORE:FASTQC (MCF7_REP2); status: NEW; exit: -; error: -; workDir: /mnt/data/work/a7/bd9abb4cf6415fe6a2ac2fb3624b82]
~> TaskHandler[id: 6; name: NFCORE_RNASEQ:RNASEQ:FASTQ_FASTQC_UMITOOLS_TRIMGALORE:TRIMGALORE (GM12878_REP2); status: NEW; exit: -; error: -; workDir: /mnt/data/work/dd/61022ecc14eaaf5cfa45d12f6e44fd]
~> TaskHandler[id: 5; name: NFCORE_RNASEQ:RNASEQ:FASTQ_FASTQC_UMITOOLS_TRIMGALORE:FASTQC (GM12878_REP2); status: NEW; exit: -; error: -; workDir: /mnt/data/work/26/1d817f3bce9dda7f92c35f1d5173d8]
~> TaskHandler[id: 15; name: NFCORE_RNASEQ:RNASEQ:FASTQ_FASTQC_UMITOOLS_TRIMGALORE:FASTQC (MCF7_REP1); status: NEW; exit: -; error: -; workDir: /mnt/data/work/fc/a2e7937c48a82ab3a9a50e6358feb7]
~> TaskHandler[id: 11; name: NFCORE_RNASEQ:RNASEQ:FASTQ_FASTQC_UMITOOLS_TRIMGALORE:TRIMGALORE (MCF7_REP1); status: NEW; exit: -; error: -; workDir: /mnt/data/work/80/80a350b035d9f4b05177d1c6dbef48]
~> TaskHandler[id: 2; name: NFCORE_RNASEQ:RNASEQ:PREPARE_GENOME:GTF_FILTER (genome.fa); status: NEW; exit: -; error: -; workDir: /mnt/data/work/ad/d74d39984b25283af17d5032b8d98e]
~> TaskHandler[id: 10; name: NFCORE_RNASEQ:RNASEQ:FASTQ_FASTQC_UMITOOLS_TRIMGALORE:TRIMGALORE (K562_REP2); status: NEW; exit: -; error: -; workDir: /mnt/data/work/1c/82797cec3824d484dccc52b9bb515f]
~> TaskHandler[id: 9; name: NFCORE_RNASEQ:RNASEQ:FASTQ_FASTQC_UMITOOLS_TRIMGALORE:FASTQC (K562_REP2); status: NEW; exit: -; error: -; workDir: /mnt/data/work/d3/96cecdd79957d3e6b533db369ae546]
~> TaskHandler[id: 18; name: NFCORE_RNASEQ:RNASEQ:FASTQ_FASTQC_UMITOOLS_TRIMGALORE:FASTQC (H1_REP2); status: NEW; exit: -; error: -; workDir: /mnt/data/work/dd/d216219b3484f8a0de2f5a3c569e05]
Mar-20 07:30:26.339 [Task monitor] DEBUG n.processor.TaskPollingMonitor - !! executor local > tasks to be completed: 1 -- submitted tasks are shown below
~> TaskHandler[id: 3; name: NFCORE_RNASEQ:RNASEQ:FASTQ_FASTQC_UMITOOLS_TRIMGALORE:TRIMGALORE (GM12878_REP1); status: RUNNING; exit: -; error: -; workDir: /mnt/data/work/4e/2fb1b73d8734de5e793290e4274db9]
Mar-20 07:33:26.676 [Task submitter] DEBUG n.processor.TaskPollingMonitor - %% executor local > tasks in the submission queue: 11 -- tasks to be submitted are shown below
~> TaskHandler[id: 12; name: NFCORE_RNASEQ:RNASEQ:FASTQ_FASTQC_UMITOOLS_TRIMGALORE:TRIMGALORE (MCF7_REP2); status: NEW; exit: -; error: -; workDir: /mnt/data/work/b7/dec6ce4529704f8c9978d21f000a11]
~> TaskHandler[id: 16; name: NFCORE_RNASEQ:RNASEQ:FASTQ_FASTQC_UMITOOLS_TRIMGALORE:FASTQC (MCF7_REP2); status: NEW; exit: -; error: -; workDir: /mnt/data/work/a7/bd9abb4cf6415fe6a2ac2fb3624b82]
~> TaskHandler[id: 6; name: NFCORE_RNASEQ:RNASEQ:FASTQ_FASTQC_UMITOOLS_TRIMGALORE:TRIMGALORE (GM12878_REP2); status: NEW; exit: -; error: -; workDir: /mnt/data/work/dd/61022ecc14eaaf5cfa45d12f6e44fd]
~> TaskHandler[id: 5; name: NFCORE_RNASEQ:RNASEQ:FASTQ_FASTQC_UMITOOLS_TRIMGALORE:FASTQC (GM12878_REP2); status: NEW; exit: -; error: -; workDir: /mnt/data/work/26/1d817f3bce9dda7f92c35f1d5173d8]
~> TaskHandler[id: 15; name: NFCORE_RNASEQ:RNASEQ:FASTQ_FASTQC_UMITOOLS_TRIMGALORE:FASTQC (MCF7_REP1); status: NEW; exit: -; error: -; workDir: /mnt/data/work/fc/a2e7937c48a82ab3a9a50e6358feb7]
~> TaskHandler[id: 11; name: NFCORE_RNASEQ:RNASEQ:FASTQ_FASTQC_UMITOOLS_TRIMGALORE:TRIMGALORE (MCF7_REP1); status: NEW; exit: -; error: -; workDir: /mnt/data/work/80/80a350b035d9f4b05177d1c6dbef48]
~> TaskHandler[id: 2; name: NFCORE_RNASEQ:RNASEQ:PREPARE_GENOME:GTF_FILTER (genome.fa); status: NEW; exit: -; error: -; workDir: /mnt/data/work/ad/d74d39984b25283af17d5032b8d98e]
~> TaskHandler[id: 10; name: NFCORE_RNASEQ:RNASEQ:FASTQ_FASTQC_UMITOOLS_TRIMGALORE:TRIMGALORE (K562_REP2); status: NEW; exit: -; error: -; workDir: /mnt/data/work/1c/82797cec3824d484dccc52b9bb515f]
~> TaskHandler[id: 9; name: NFCORE_RNASEQ:RNASEQ:FASTQ_FASTQC_UMITOOLS_TRIMGALORE:FASTQC (K562_REP2); status: NEW; exit: -; error: -; workDir: /mnt/data/work/d3/96cecdd79957d3e6b533db369ae546]
~> TaskHandler[id: 18; name: NFCORE_RNASEQ:RNASEQ:FASTQ_FASTQC_UMITOOLS_TRIMGALORE:FASTQC (H1_REP2); status: NEW; exit: -; error: -; workDir: /mnt/data/work/dd/d216219b3484f8a0de2f5a3c569e05]
Mar-20 07:35:26.373 [Task monitor] DEBUG n.processor.TaskPollingMonitor - !! executor local > tasks to be completed: 1 -- submitted tasks are shown below
~> TaskHandler[id: 3; name: NFCORE_RNASEQ:RNASEQ:FASTQ_FASTQC_UMITOOLS_TRIMGALORE:TRIMGALORE (GM12878_REP1); status: RUNNING; exit: -; error: -; workDir: /mnt/data/work/4e/2fb1b73d8734de5e793290e4274db9]
Mar-20 07:38:26.754 [Task submitter] DEBUG n.processor.TaskPollingMonitor - %% executor local > tasks in the submission queue: 11 -- tasks to be submitted are shown below
~> TaskHandler[id: 12; name: NFCORE_RNASEQ:RNASEQ:FASTQ_FASTQC_UMITOOLS_TRIMGALORE:TRIMGALORE (MCF7_REP2); status: NEW; exit: -; error: -; workDir: /mnt/data/work/b7/dec6ce4529704f8c9978d21f000a11]
~> TaskHandler[id: 16; name: NFCORE_RNASEQ:RNASEQ:FASTQ_FASTQC_UMITOOLS_TRIMGALORE:FASTQC (MCF7_REP2); status: NEW; exit: -; error: -; workDir: /mnt/data/work/a7/bd9abb4cf6415fe6a2ac2fb3624b82]
~> TaskHandler[id: 6; name: NFCORE_RNASEQ:RNASEQ:FASTQ_FASTQC_UMITOOLS_TRIMGALORE:TRIMGALORE (GM12878_REP2); status: NEW; exit: -; error: -; workDir: /mnt/data/work/dd/61022ecc14eaaf5cfa45d12f6e44fd]
~> TaskHandler[id: 5; name: NFCORE_RNASEQ:RNASEQ:FASTQ_FASTQC_UMITOOLS_TRIMGALORE:FASTQC (GM12878_REP2); status: NEW; exit: -; error: -; workDir: /mnt/data/work/26/1d817f3bce9dda7f92c35f1d5173d8]
~> TaskHandler[id: 15; name: NFCORE_RNASEQ:RNASEQ:FASTQ_FASTQC_UMITOOLS_TRIMGALORE:FASTQC (MCF7_REP1); status: NEW; exit: -; error: -; workDir: /mnt/data/work/fc/a2e7937c48a82ab3a9a50e6358feb7]
~> TaskHandler[id: 11; name: NFCORE_RNASEQ:RNASEQ:FASTQ_FASTQC_UMITOOLS_TRIMGALORE:TRIMGALORE (MCF7_REP1); status: NEW; exit: -; error: -; workDir: /mnt/data/work/80/80a350b035d9f4b05177d1c6dbef48]
~> TaskHandler[id: 2; name: NFCORE_RNASEQ:RNASEQ:PREPARE_GENOME:GTF_FILTER (genome.fa); status: NEW; exit: -; error: -; workDir: /mnt/data/work/ad/d74d39984b25283af17d5032b8d98e]
~> TaskHandler[id: 10; name: NFCORE_RNASEQ:RNASEQ:FASTQ_FASTQC_UMITOOLS_TRIMGALORE:TRIMGALORE (K562_REP2); status: NEW; exit: -; error: -; workDir: /mnt/data/work/1c/82797cec3824d484dccc52b9bb515f]
~> TaskHandler[id: 9; name: NFCORE_RNASEQ:RNASEQ:FASTQ_FASTQC_UMITOOLS_TRIMGALORE:FASTQC (K562_REP2); status: NEW; exit: -; error: -; workDir: /mnt/data/work/d3/96cecdd79957d3e6b533db369ae546]
~> TaskHandler[id: 18; name: NFCORE_RNASEQ:RNASEQ:FASTQ_FASTQC_UMITOOLS_TRIMGALORE:FASTQC (H1_REP2); status: NEW; exit: -; error: -; workDir: /mnt/data/work/dd/d216219b3484f8a0de2f5a3c569e05]
Mar-20 07:40:26.473 [Task monitor] DEBUG n.processor.TaskPollingMonitor - !! executor local > tasks to be completed: 1 -- submitted tasks are shown below
~> TaskHandler[id: 3; name: NFCORE_RNASEQ:RNASEQ:FASTQ_FASTQC_UMITOOLS_TRIMGALORE:TRIMGALORE (GM12878_REP1); status: RUNNING; exit: -; error: -; workDir: /mnt/data/work/4e/2fb1b73d8734de5e793290e4274db9]
Mar-20 07:43:26.830 [Task submitter] DEBUG n.processor.TaskPollingMonitor - %% executor local > tasks in the submission queue: 11 -- tasks to be submitted are shown below
~> TaskHandler[id: 12; name: NFCORE_RNASEQ:RNASEQ:FASTQ_FASTQC_UMITOOLS_TRIMGALORE:TRIMGALORE (MCF7_REP2); status: NEW; exit: -; error: -; workDir: /mnt/data/work/b7/dec6ce4529704f8c9978d21f000a11]
~> TaskHandler[id: 16; name: NFCORE_RNASEQ:RNASEQ:FASTQ_FASTQC_UMITOOLS_TRIMGALORE:FASTQC (MCF7_REP2); status: NEW; exit: -; error: -; workDir: /mnt/data/work/a7/bd9abb4cf6415fe6a2ac2fb3624b82]
~> TaskHandler[id: 6; name: NFCORE_RNASEQ:RNASEQ:FASTQ_FASTQC_UMITOOLS_TRIMGALORE:TRIMGALORE (GM12878_REP2); status: NEW; exit: -; error: -; workDir: /mnt/data/work/dd/61022ecc14eaaf5cfa45d12f6e44fd]
~> TaskHandler[id: 5; name: NFCORE_RNASEQ:RNASEQ:FASTQ_FASTQC_UMITOOLS_TRIMGALORE:FASTQC (GM12878_REP2); status: NEW; exit: -; error: -; workDir: /mnt/data/work/26/1d817f3bce9dda7f92c35f1d5173d8]
~> TaskHandler[id: 15; name: NFCORE_RNASEQ:RNASEQ:FASTQ_FASTQC_UMITOOLS_TRIMGALORE:FASTQC (MCF7_REP1); status: NEW; exit: -; error: -; workDir: /mnt/data/work/fc/a2e7937c48a82ab3a9a50e6358feb7]
~> TaskHandler[id: 11; name: NFCORE_RNASEQ:RNASEQ:FASTQ_FASTQC_UMITOOLS_TRIMGALORE:TRIMGALORE (MCF7_REP1); status: NEW; exit: -; error: -; workDir: /mnt/data/work/80/80a350b035d9f4b05177d1c6dbef48]
~> TaskHandler[id: 2; name: NFCORE_RNASEQ:RNASEQ:PREPARE_GENOME:GTF_FILTER (genome.fa); status: NEW; exit: -; error: -; workDir: /mnt/data/work/ad/d74d39984b25283af17d5032b8d98e]
~> TaskHandler[id: 10; name: NFCORE_RNASEQ:RNASEQ:FASTQ_FASTQC_UMITOOLS_TRIMGALORE:TRIMGALORE (K562_REP2); status: NEW; exit: -; error: -; workDir: /mnt/data/work/1c/82797cec3824d484dccc52b9bb515f]
~> TaskHandler[id: 9; name: NFCORE_RNASEQ:RNASEQ:FASTQ_FASTQC_UMITOOLS_TRIMGALORE:FASTQC (K562_REP2); status: NEW; exit: -; error: -; workDir: /mnt/data/work/d3/96cecdd79957d3e6b533db369ae546]
~> TaskHandler[id: 18; name: NFCORE_RNASEQ:RNASEQ:FASTQ_FASTQC_UMITOOLS_TRIMGALORE:FASTQC (H1_REP2); status: NEW; exit: -; error: -; workDir: /mnt/data/work/dd/d216219b3484f8a0de2f5a3c569e05]
Mar-20 07:44:37.608 [Task monitor] DEBUG n.processor.TaskPollingMonitor - Task completed > TaskHandler[id: 3; name: NFCORE_RNASEQ:RNASEQ:FASTQ_FASTQC_UMITOOLS_TRIMGALORE:TRIMGALORE (GM12878_REP1); status: COMPLETED; exit: 0; error: -; workDir: /mnt/data/work/4e/2fb1b73d8734de5e793290e4274db9]
Mar-20 07:44:37.616 [Task submitter] DEBUG n.executor.local.LocalTaskHandler - Launch cmd line: /bin/bash -ue .command.run
Mar-20 07:44:37.616 [Task submitter] INFO  nextflow.Session - [b7/dec6ce] Submitted process > NFCORE_RNASEQ:RNASEQ:FASTQ_FASTQC_UMITOOLS_TRIMGALORE:TRIMGALORE (MCF7_REP2)
Mar-20 07:44:37.618 [TaskFinalizer-7] DEBUG nextflow.processor.TaskProcessor - Process NFCORE_RNASEQ:RNASEQ:FASTQ_FASTQC_UMITOOLS_TRIMGALORE:TRIMGALORE > Skipping output binding because one or more optional files are missing: fileoutparam<2:1>
Mar-20 07:45:26.515 [Task monitor] DEBUG n.processor.TaskPollingMonitor - !! executor local > tasks to be completed: 1 -- submitted tasks are shown below
~> TaskHandler[id: 12; name: NFCORE_RNASEQ:RNASEQ:FASTQ_FASTQC_UMITOOLS_TRIMGALORE:TRIMGALORE (MCF7_REP2); status: RUNNING; exit: -; error: -; workDir: /mnt/data/work/b7/dec6ce4529704f8c9978d21f000a11]
Mar-20 07:48:27.673 [Task submitter] DEBUG n.processor.TaskPollingMonitor - %% executor local > tasks in the submission queue: 10 -- tasks to be submitted are shown below
~> TaskHandler[id: 16; name: NFCORE_RNASEQ:RNASEQ:FASTQ_FASTQC_UMITOOLS_TRIMGALORE:FASTQC (MCF7_REP2); status: NEW; exit: -; error: -; workDir: /mnt/data/work/a7/bd9abb4cf6415fe6a2ac2fb3624b82]
~> TaskHandler[id: 6; name: NFCORE_RNASEQ:RNASEQ:FASTQ_FASTQC_UMITOOLS_TRIMGALORE:TRIMGALORE (GM12878_REP2); status: NEW; exit: -; error: -; workDir: /mnt/data/work/dd/61022ecc14eaaf5cfa45d12f6e44fd]
~> TaskHandler[id: 5; name: NFCORE_RNASEQ:RNASEQ:FASTQ_FASTQC_UMITOOLS_TRIMGALORE:FASTQC (GM12878_REP2); status: NEW; exit: -; error: -; workDir: /mnt/data/work/26/1d817f3bce9dda7f92c35f1d5173d8]
~> TaskHandler[id: 15; name: NFCORE_RNASEQ:RNASEQ:FASTQ_FASTQC_UMITOOLS_TRIMGALORE:FASTQC (MCF7_REP1); status: NEW; exit: -; error: -; workDir: /mnt/data/work/fc/a2e7937c48a82ab3a9a50e6358feb7]
~> TaskHandler[id: 11; name: NFCORE_RNASEQ:RNASEQ:FASTQ_FASTQC_UMITOOLS_TRIMGALORE:TRIMGALORE (MCF7_REP1); status: NEW; exit: -; error: -; workDir: /mnt/data/work/80/80a350b035d9f4b05177d1c6dbef48]
~> TaskHandler[id: 2; name: NFCORE_RNASEQ:RNASEQ:PREPARE_GENOME:GTF_FILTER (genome.fa); status: NEW; exit: -; error: -; workDir: /mnt/data/work/ad/d74d39984b25283af17d5032b8d98e]
~> TaskHandler[id: 10; name: NFCORE_RNASEQ:RNASEQ:FASTQ_FASTQC_UMITOOLS_TRIMGALORE:TRIMGALORE (K562_REP2); status: NEW; exit: -; error: -; workDir: /mnt/data/work/1c/82797cec3824d484dccc52b9bb515f]
~> TaskHandler[id: 9; name: NFCORE_RNASEQ:RNASEQ:FASTQ_FASTQC_UMITOOLS_TRIMGALORE:FASTQC (K562_REP2); status: NEW; exit: -; error: -; workDir: /mnt/data/work/d3/96cecdd79957d3e6b533db369ae546]
~> TaskHandler[id: 18; name: NFCORE_RNASEQ:RNASEQ:FASTQ_FASTQC_UMITOOLS_TRIMGALORE:FASTQC (H1_REP2); status: NEW; exit: -; error: -; workDir: /mnt/data/work/dd/d216219b3484f8a0de2f5a3c569e05]
~> TaskHandler[id: 14; name: NFCORE_RNASEQ:RNASEQ:FASTQ_FASTQC_UMITOOLS_TRIMGALORE:TRIMGALORE (H1_REP2); status: NEW; exit: -; error: -; workDir: /mnt/data/work/06/ec5c823fa5d467f7743995d0d65bdf]
Mar-20 07:50:26.586 [Task monitor] DEBUG n.processor.TaskPollingMonitor - !! executor local > tasks to be completed: 1 -- submitted tasks are shown below
~> TaskHandler[id: 12; name: NFCORE_RNASEQ:RNASEQ:FASTQ_FASTQC_UMITOOLS_TRIMGALORE:TRIMGALORE (MCF7_REP2); status: RUNNING; exit: -; error: -; workDir: /mnt/data/work/b7/dec6ce4529704f8c9978d21f000a11]
Mar-20 07:53:27.755 [Task submitter] DEBUG n.processor.TaskPollingMonitor - %% executor local > tasks in the submission queue: 10 -- tasks to be submitted are shown below
~> TaskHandler[id: 16; name: NFCORE_RNASEQ:RNASEQ:FASTQ_FASTQC_UMITOOLS_TRIMGALORE:FASTQC (MCF7_REP2); status: NEW; exit: -; error: -; workDir: /mnt/data/work/a7/bd9abb4cf6415fe6a2ac2fb3624b82]
~> TaskHandler[id: 6; name: NFCORE_RNASEQ:RNASEQ:FASTQ_FASTQC_UMITOOLS_TRIMGALORE:TRIMGALORE (GM12878_REP2); status: NEW; exit: -; error: -; workDir: /mnt/data/work/dd/61022ecc14eaaf5cfa45d12f6e44fd]
~> TaskHandler[id: 5; name: NFCORE_RNASEQ:RNASEQ:FASTQ_FASTQC_UMITOOLS_TRIMGALORE:FASTQC (GM12878_REP2); status: NEW; exit: -; error: -; workDir: /mnt/data/work/26/1d817f3bce9dda7f92c35f1d5173d8]
~> TaskHandler[id: 15; name: NFCORE_RNASEQ:RNASEQ:FASTQ_FASTQC_UMITOOLS_TRIMGALORE:FASTQC (MCF7_REP1); status: NEW; exit: -; error: -; workDir: /mnt/data/work/fc/a2e7937c48a82ab3a9a50e6358feb7]
~> TaskHandler[id: 11; name: NFCORE_RNASEQ:RNASEQ:FASTQ_FASTQC_UMITOOLS_TRIMGALORE:TRIMGALORE (MCF7_REP1); status: NEW; exit: -; error: -; workDir: /mnt/data/work/80/80a350b035d9f4b05177d1c6dbef48]
~> TaskHandler[id: 2; name: NFCORE_RNASEQ:RNASEQ:PREPARE_GENOME:GTF_FILTER (genome.fa); status: NEW; exit: -; error: -; workDir: /mnt/data/work/ad/d74d39984b25283af17d5032b8d98e]
~> TaskHandler[id: 10; name: NFCORE_RNASEQ:RNASEQ:FASTQ_FASTQC_UMITOOLS_TRIMGALORE:TRIMGALORE (K562_REP2); status: NEW; exit: -; error: -; workDir: /mnt/data/work/1c/82797cec3824d484dccc52b9bb515f]
~> TaskHandler[id: 9; name: NFCORE_RNASEQ:RNASEQ:FASTQ_FASTQC_UMITOOLS_TRIMGALORE:FASTQC (K562_REP2); status: NEW; exit: -; error: -; workDir: /mnt/data/work/d3/96cecdd79957d3e6b533db369ae546]
~> TaskHandler[id: 18; name: NFCORE_RNASEQ:RNASEQ:FASTQ_FASTQC_UMITOOLS_TRIMGALORE:FASTQC (H1_REP2); status: NEW; exit: -; error: -; workDir: /mnt/data/work/dd/d216219b3484f8a0de2f5a3c569e05]
~> TaskHandler[id: 14; name: NFCORE_RNASEQ:RNASEQ:FASTQ_FASTQC_UMITOOLS_TRIMGALORE:TRIMGALORE (H1_REP2); status: NEW; exit: -; error: -; workDir: /mnt/data/work/06/ec5c823fa5d467f7743995d0d65bdf]
Mar-20 07:55:26.646 [Task monitor] DEBUG n.processor.TaskPollingMonitor - !! executor local > tasks to be completed: 1 -- submitted tasks are shown below
~> TaskHandler[id: 12; name: NFCORE_RNASEQ:RNASEQ:FASTQ_FASTQC_UMITOOLS_TRIMGALORE:TRIMGALORE (MCF7_REP2); status: RUNNING; exit: -; error: -; workDir: /mnt/data/work/b7/dec6ce4529704f8c9978d21f000a11]
Mar-20 07:58:27.858 [Task submitter] DEBUG n.processor.TaskPollingMonitor - %% executor local > tasks in the submission queue: 10 -- tasks to be submitted are shown below
~> TaskHandler[id: 16; name: NFCORE_RNASEQ:RNASEQ:FASTQ_FASTQC_UMITOOLS_TRIMGALORE:FASTQC (MCF7_REP2); status: NEW; exit: -; error: -; workDir: /mnt/data/work/a7/bd9abb4cf6415fe6a2ac2fb3624b82]
~> TaskHandler[id: 6; name: NFCORE_RNASEQ:RNASEQ:FASTQ_FASTQC_UMITOOLS_TRIMGALORE:TRIMGALORE (GM12878_REP2); status: NEW; exit: -; error: -; workDir: /mnt/data/work/dd/61022ecc14eaaf5cfa45d12f6e44fd]
~> TaskHandler[id: 5; name: NFCORE_RNASEQ:RNASEQ:FASTQ_FASTQC_UMITOOLS_TRIMGALORE:FASTQC (GM12878_REP2); status: NEW; exit: -; error: -; workDir: /mnt/data/work/26/1d817f3bce9dda7f92c35f1d5173d8]
~> TaskHandler[id: 15; name: NFCORE_RNASEQ:RNASEQ:FASTQ_FASTQC_UMITOOLS_TRIMGALORE:FASTQC (MCF7_REP1); status: NEW; exit: -; error: -; workDir: /mnt/data/work/fc/a2e7937c48a82ab3a9a50e6358feb7]
~> TaskHandler[id: 11; name: NFCORE_RNASEQ:RNASEQ:FASTQ_FASTQC_UMITOOLS_TRIMGALORE:TRIMGALORE (MCF7_REP1); status: NEW; exit: -; error: -; workDir: /mnt/data/work/80/80a350b035d9f4b05177d1c6dbef48]
~> TaskHandler[id: 2; name: NFCORE_RNASEQ:RNASEQ:PREPARE_GENOME:GTF_FILTER (genome.fa); status: NEW; exit: -; error: -; workDir: /mnt/data/work/ad/d74d39984b25283af17d5032b8d98e]
~> TaskHandler[id: 10; name: NFCORE_RNASEQ:RNASEQ:FASTQ_FASTQC_UMITOOLS_TRIMGALORE:TRIMGALORE (K562_REP2); status: NEW; exit: -; error: -; workDir: /mnt/data/work/1c/82797cec3824d484dccc52b9bb515f]
~> TaskHandler[id: 9; name: NFCORE_RNASEQ:RNASEQ:FASTQ_FASTQC_UMITOOLS_TRIMGALORE:FASTQC (K562_REP2); status: NEW; exit: -; error: -; workDir: /mnt/data/work/d3/96cecdd79957d3e6b533db369ae546]
~> TaskHandler[id: 18; name: NFCORE_RNASEQ:RNASEQ:FASTQ_FASTQC_UMITOOLS_TRIMGALORE:FASTQC (H1_REP2); status: NEW; exit: -; error: -; workDir: /mnt/data/work/dd/d216219b3484f8a0de2f5a3c569e05]
~> TaskHandler[id: 14; name: NFCORE_RNASEQ:RNASEQ:FASTQ_FASTQC_UMITOOLS_TRIMGALORE:TRIMGALORE (H1_REP2); status: NEW; exit: -; error: -; workDir: /mnt/data/work/06/ec5c823fa5d467f7743995d0d65bdf]
Mar-20 08:00:26.684 [Task monitor] DEBUG n.processor.TaskPollingMonitor - !! executor local > tasks to be completed: 1 -- submitted tasks are shown below
~> TaskHandler[id: 12; name: NFCORE_RNASEQ:RNASEQ:FASTQ_FASTQC_UMITOOLS_TRIMGALORE:TRIMGALORE (MCF7_REP2); status: RUNNING; exit: -; error: -; workDir: /mnt/data/work/b7/dec6ce4529704f8c9978d21f000a11]
Mar-20 08:03:27.933 [Task submitter] DEBUG n.processor.TaskPollingMonitor - %% executor local > tasks in the submission queue: 10 -- tasks to be submitted are shown below
~> TaskHandler[id: 16; name: NFCORE_RNASEQ:RNASEQ:FASTQ_FASTQC_UMITOOLS_TRIMGALORE:FASTQC (MCF7_REP2); status: NEW; exit: -; error: -; workDir: /mnt/data/work/a7/bd9abb4cf6415fe6a2ac2fb3624b82]
~> TaskHandler[id: 6; name: NFCORE_RNASEQ:RNASEQ:FASTQ_FASTQC_UMITOOLS_TRIMGALORE:TRIMGALORE (GM12878_REP2); status: NEW; exit: -; error: -; workDir: /mnt/data/work/dd/61022ecc14eaaf5cfa45d12f6e44fd]
~> TaskHandler[id: 5; name: NFCORE_RNASEQ:RNASEQ:FASTQ_FASTQC_UMITOOLS_TRIMGALORE:FASTQC (GM12878_REP2); status: NEW; exit: -; error: -; workDir: /mnt/data/work/26/1d817f3bce9dda7f92c35f1d5173d8]
~> TaskHandler[id: 15; name: NFCORE_RNASEQ:RNASEQ:FASTQ_FASTQC_UMITOOLS_TRIMGALORE:FASTQC (MCF7_REP1); status: NEW; exit: -; error: -; workDir: /mnt/data/work/fc/a2e7937c48a82ab3a9a50e6358feb7]
~> TaskHandler[id: 11; name: NFCORE_RNASEQ:RNASEQ:FASTQ_FASTQC_UMITOOLS_TRIMGALORE:TRIMGALORE (MCF7_REP1); status: NEW; exit: -; error: -; workDir: /mnt/data/work/80/80a350b035d9f4b05177d1c6dbef48]
~> TaskHandler[id: 2; name: NFCORE_RNASEQ:RNASEQ:PREPARE_GENOME:GTF_FILTER (genome.fa); status: NEW; exit: -; error: -; workDir: /mnt/data/work/ad/d74d39984b25283af17d5032b8d98e]
~> TaskHandler[id: 10; name: NFCORE_RNASEQ:RNASEQ:FASTQ_FASTQC_UMITOOLS_TRIMGALORE:TRIMGALORE (K562_REP2); status: NEW; exit: -; error: -; workDir: /mnt/data/work/1c/82797cec3824d484dccc52b9bb515f]
~> TaskHandler[id: 9; name: NFCORE_RNASEQ:RNASEQ:FASTQ_FASTQC_UMITOOLS_TRIMGALORE:FASTQC (K562_REP2); status: NEW; exit: -; error: -; workDir: /mnt/data/work/d3/96cecdd79957d3e6b533db369ae546]
~> TaskHandler[id: 18; name: NFCORE_RNASEQ:RNASEQ:FASTQ_FASTQC_UMITOOLS_TRIMGALORE:FASTQC (H1_REP2); status: NEW; exit: -; error: -; workDir: /mnt/data/work/dd/d216219b3484f8a0de2f5a3c569e05]
~> TaskHandler[id: 14; name: NFCORE_RNASEQ:RNASEQ:FASTQ_FASTQC_UMITOOLS_TRIMGALORE:TRIMGALORE (H1_REP2); status: NEW; exit: -; error: -; workDir: /mnt/data/work/06/ec5c823fa5d467f7743995d0d65bdf]
Mar-20 08:05:26.767 [Task monitor] DEBUG n.processor.TaskPollingMonitor - !! executor local > tasks to be completed: 1 -- submitted tasks are shown below
~> TaskHandler[id: 12; name: NFCORE_RNASEQ:RNASEQ:FASTQ_FASTQC_UMITOOLS_TRIMGALORE:TRIMGALORE (MCF7_REP2); status: RUNNING; exit: -; error: -; workDir: /mnt/data/work/b7/dec6ce4529704f8c9978d21f000a11]
Mar-20 08:08:28.012 [Task submitter] DEBUG n.processor.TaskPollingMonitor - %% executor local > tasks in the submission queue: 10 -- tasks to be submitted are shown below
~> TaskHandler[id: 16; name: NFCORE_RNASEQ:RNASEQ:FASTQ_FASTQC_UMITOOLS_TRIMGALORE:FASTQC (MCF7_REP2); status: NEW; exit: -; error: -; workDir: /mnt/data/work/a7/bd9abb4cf6415fe6a2ac2fb3624b82]
~> TaskHandler[id: 6; name: NFCORE_RNASEQ:RNASEQ:FASTQ_FASTQC_UMITOOLS_TRIMGALORE:TRIMGALORE (GM12878_REP2); status: NEW; exit: -; error: -; workDir: /mnt/data/work/dd/61022ecc14eaaf5cfa45d12f6e44fd]
~> TaskHandler[id: 5; name: NFCORE_RNASEQ:RNASEQ:FASTQ_FASTQC_UMITOOLS_TRIMGALORE:FASTQC (GM12878_REP2); status: NEW; exit: -; error: -; workDir: /mnt/data/work/26/1d817f3bce9dda7f92c35f1d5173d8]
~> TaskHandler[id: 15; name: NFCORE_RNASEQ:RNASEQ:FASTQ_FASTQC_UMITOOLS_TRIMGALORE:FASTQC (MCF7_REP1); status: NEW; exit: -; error: -; workDir: /mnt/data/work/fc/a2e7937c48a82ab3a9a50e6358feb7]
~> TaskHandler[id: 11; name: NFCORE_RNASEQ:RNASEQ:FASTQ_FASTQC_UMITOOLS_TRIMGALORE:TRIMGALORE (MCF7_REP1); status: NEW; exit: -; error: -; workDir: /mnt/data/work/80/80a350b035d9f4b05177d1c6dbef48]
~> TaskHandler[id: 2; name: NFCORE_RNASEQ:RNASEQ:PREPARE_GENOME:GTF_FILTER (genome.fa); status: NEW; exit: -; error: -; workDir: /mnt/data/work/ad/d74d39984b25283af17d5032b8d98e]
~> TaskHandler[id: 10; name: NFCORE_RNASEQ:RNASEQ:FASTQ_FASTQC_UMITOOLS_TRIMGALORE:TRIMGALORE (K562_REP2); status: NEW; exit: -; error: -; workDir: /mnt/data/work/1c/82797cec3824d484dccc52b9bb515f]
~> TaskHandler[id: 9; name: NFCORE_RNASEQ:RNASEQ:FASTQ_FASTQC_UMITOOLS_TRIMGALORE:FASTQC (K562_REP2); status: NEW; exit: -; error: -; workDir: /mnt/data/work/d3/96cecdd79957d3e6b533db369ae546]
~> TaskHandler[id: 18; name: NFCORE_RNASEQ:RNASEQ:FASTQ_FASTQC_UMITOOLS_TRIMGALORE:FASTQC (H1_REP2); status: NEW; exit: -; error: -; workDir: /mnt/data/work/dd/d216219b3484f8a0de2f5a3c569e05]
~> TaskHandler[id: 14; name: NFCORE_RNASEQ:RNASEQ:FASTQ_FASTQC_UMITOOLS_TRIMGALORE:TRIMGALORE (H1_REP2); status: NEW; exit: -; error: -; workDir: /mnt/data/work/06/ec5c823fa5d467f7743995d0d65bdf]
Mar-20 08:10:26.836 [Task monitor] DEBUG n.processor.TaskPollingMonitor - !! executor local > tasks to be completed: 1 -- submitted tasks are shown below
~> TaskHandler[id: 12; name: NFCORE_RNASEQ:RNASEQ:FASTQ_FASTQC_UMITOOLS_TRIMGALORE:TRIMGALORE (MCF7_REP2); status: RUNNING; exit: -; error: -; workDir: /mnt/data/work/b7/dec6ce4529704f8c9978d21f000a11]
Mar-20 08:13:28.058 [Task submitter] DEBUG n.processor.TaskPollingMonitor - %% executor local > tasks in the submission queue: 10 -- tasks to be submitted are shown below
~> TaskHandler[id: 16; name: NFCORE_RNASEQ:RNASEQ:FASTQ_FASTQC_UMITOOLS_TRIMGALORE:FASTQC (MCF7_REP2); status: NEW; exit: -; error: -; workDir: /mnt/data/work/a7/bd9abb4cf6415fe6a2ac2fb3624b82]
~> TaskHandler[id: 6; name: NFCORE_RNASEQ:RNASEQ:FASTQ_FASTQC_UMITOOLS_TRIMGALORE:TRIMGALORE (GM12878_REP2); status: NEW; exit: -; error: -; workDir: /mnt/data/work/dd/61022ecc14eaaf5cfa45d12f6e44fd]
~> TaskHandler[id: 5; name: NFCORE_RNASEQ:RNASEQ:FASTQ_FASTQC_UMITOOLS_TRIMGALORE:FASTQC (GM12878_REP2); status: NEW; exit: -; error: -; workDir: /mnt/data/work/26/1d817f3bce9dda7f92c35f1d5173d8]
~> TaskHandler[id: 15; name: NFCORE_RNASEQ:RNASEQ:FASTQ_FASTQC_UMITOOLS_TRIMGALORE:FASTQC (MCF7_REP1); status: NEW; exit: -; error: -; workDir: /mnt/data/work/fc/a2e7937c48a82ab3a9a50e6358feb7]
~> TaskHandler[id: 11; name: NFCORE_RNASEQ:RNASEQ:FASTQ_FASTQC_UMITOOLS_TRIMGALORE:TRIMGALORE (MCF7_REP1); status: NEW; exit: -; error: -; workDir: /mnt/data/work/80/80a350b035d9f4b05177d1c6dbef48]
~> TaskHandler[id: 2; name: NFCORE_RNASEQ:RNASEQ:PREPARE_GENOME:GTF_FILTER (genome.fa); status: NEW; exit: -; error: -; workDir: /mnt/data/work/ad/d74d39984b25283af17d5032b8d98e]
~> TaskHandler[id: 10; name: NFCORE_RNASEQ:RNASEQ:FASTQ_FASTQC_UMITOOLS_TRIMGALORE:TRIMGALORE (K562_REP2); status: NEW; exit: -; error: -; workDir: /mnt/data/work/1c/82797cec3824d484dccc52b9bb515f]
~> TaskHandler[id: 9; name: NFCORE_RNASEQ:RNASEQ:FASTQ_FASTQC_UMITOOLS_TRIMGALORE:FASTQC (K562_REP2); status: NEW; exit: -; error: -; workDir: /mnt/data/work/d3/96cecdd79957d3e6b533db369ae546]
~> TaskHandler[id: 18; name: NFCORE_RNASEQ:RNASEQ:FASTQ_FASTQC_UMITOOLS_TRIMGALORE:FASTQC (H1_REP2); status: NEW; exit: -; error: -; workDir: /mnt/data/work/dd/d216219b3484f8a0de2f5a3c569e05]
~> TaskHandler[id: 14; name: NFCORE_RNASEQ:RNASEQ:FASTQ_FASTQC_UMITOOLS_TRIMGALORE:TRIMGALORE (H1_REP2); status: NEW; exit: -; error: -; workDir: /mnt/data/work/06/ec5c823fa5d467f7743995d0d65bdf]
Mar-20 08:15:26.934 [Task monitor] DEBUG n.processor.TaskPollingMonitor - !! executor local > tasks to be completed: 1 -- submitted tasks are shown below
~> TaskHandler[id: 12; name: NFCORE_RNASEQ:RNASEQ:FASTQ_FASTQC_UMITOOLS_TRIMGALORE:TRIMGALORE (MCF7_REP2); status: RUNNING; exit: -; error: -; workDir: /mnt/data/work/b7/dec6ce4529704f8c9978d21f000a11]
Mar-20 08:18:28.109 [Task submitter] DEBUG n.processor.TaskPollingMonitor - %% executor local > tasks in the submission queue: 10 -- tasks to be submitted are shown below
~> TaskHandler[id: 16; name: NFCORE_RNASEQ:RNASEQ:FASTQ_FASTQC_UMITOOLS_TRIMGALORE:FASTQC (MCF7_REP2); status: NEW; exit: -; error: -; workDir: /mnt/data/work/a7/bd9abb4cf6415fe6a2ac2fb3624b82]
~> TaskHandler[id: 6; name: NFCORE_RNASEQ:RNASEQ:FASTQ_FASTQC_UMITOOLS_TRIMGALORE:TRIMGALORE (GM12878_REP2); status: NEW; exit: -; error: -; workDir: /mnt/data/work/dd/61022ecc14eaaf5cfa45d12f6e44fd]
~> TaskHandler[id: 5; name: NFCORE_RNASEQ:RNASEQ:FASTQ_FASTQC_UMITOOLS_TRIMGALORE:FASTQC (GM12878_REP2); status: NEW; exit: -; error: -; workDir: /mnt/data/work/26/1d817f3bce9dda7f92c35f1d5173d8]
~> TaskHandler[id: 15; name: NFCORE_RNASEQ:RNASEQ:FASTQ_FASTQC_UMITOOLS_TRIMGALORE:FASTQC (MCF7_REP1); status: NEW; exit: -; error: -; workDir: /mnt/data/work/fc/a2e7937c48a82ab3a9a50e6358feb7]
~> TaskHandler[id: 11; name: NFCORE_RNASEQ:RNASEQ:FASTQ_FASTQC_UMITOOLS_TRIMGALORE:TRIMGALORE (MCF7_REP1); status: NEW; exit: -; error: -; workDir: /mnt/data/work/80/80a350b035d9f4b05177d1c6dbef48]
~> TaskHandler[id: 2; name: NFCORE_RNASEQ:RNASEQ:PREPARE_GENOME:GTF_FILTER (genome.fa); status: NEW; exit: -; error: -; workDir: /mnt/data/work/ad/d74d39984b25283af17d5032b8d98e]
~> TaskHandler[id: 10; name: NFCORE_RNASEQ:RNASEQ:FASTQ_FASTQC_UMITOOLS_TRIMGALORE:TRIMGALORE (K562_REP2); status: NEW; exit: -; error: -; workDir: /mnt/data/work/1c/82797cec3824d484dccc52b9bb515f]
~> TaskHandler[id: 9; name: NFCORE_RNASEQ:RNASEQ:FASTQ_FASTQC_UMITOOLS_TRIMGALORE:FASTQC (K562_REP2); status: NEW; exit: -; error: -; workDir: /mnt/data/work/d3/96cecdd79957d3e6b533db369ae546]
~> TaskHandler[id: 18; name: NFCORE_RNASEQ:RNASEQ:FASTQ_FASTQC_UMITOOLS_TRIMGALORE:FASTQC (H1_REP2); status: NEW; exit: -; error: -; workDir: /mnt/data/work/dd/d216219b3484f8a0de2f5a3c569e05]
~> TaskHandler[id: 14; name: NFCORE_RNASEQ:RNASEQ:FASTQ_FASTQC_UMITOOLS_TRIMGALORE:TRIMGALORE (H1_REP2); status: NEW; exit: -; error: -; workDir: /mnt/data/work/06/ec5c823fa5d467f7743995d0d65bdf]
Mar-20 08:20:27.032 [Task monitor] DEBUG n.processor.TaskPollingMonitor - !! executor local > tasks to be completed: 1 -- submitted tasks are shown below
~> TaskHandler[id: 12; name: NFCORE_RNASEQ:RNASEQ:FASTQ_FASTQC_UMITOOLS_TRIMGALORE:TRIMGALORE (MCF7_REP2); status: RUNNING; exit: -; error: -; workDir: /mnt/data/work/b7/dec6ce4529704f8c9978d21f000a11]
Mar-20 08:23:28.160 [Task submitter] DEBUG n.processor.TaskPollingMonitor - %% executor local > tasks in the submission queue: 10 -- tasks to be submitted are shown below
~> TaskHandler[id: 16; name: NFCORE_RNASEQ:RNASEQ:FASTQ_FASTQC_UMITOOLS_TRIMGALORE:FASTQC (MCF7_REP2); status: NEW; exit: -; error: -; workDir: /mnt/data/work/a7/bd9abb4cf6415fe6a2ac2fb3624b82]
~> TaskHandler[id: 6; name: NFCORE_RNASEQ:RNASEQ:FASTQ_FASTQC_UMITOOLS_TRIMGALORE:TRIMGALORE (GM12878_REP2); status: NEW; exit: -; error: -; workDir: /mnt/data/work/dd/61022ecc14eaaf5cfa45d12f6e44fd]
~> TaskHandler[id: 5; name: NFCORE_RNASEQ:RNASEQ:FASTQ_FASTQC_UMITOOLS_TRIMGALORE:FASTQC (GM12878_REP2); status: NEW; exit: -; error: -; workDir: /mnt/data/work/26/1d817f3bce9dda7f92c35f1d5173d8]
~> TaskHandler[id: 15; name: NFCORE_RNASEQ:RNASEQ:FASTQ_FASTQC_UMITOOLS_TRIMGALORE:FASTQC (MCF7_REP1); status: NEW; exit: -; error: -; workDir: /mnt/data/work/fc/a2e7937c48a82ab3a9a50e6358feb7]
~> TaskHandler[id: 11; name: NFCORE_RNASEQ:RNASEQ:FASTQ_FASTQC_UMITOOLS_TRIMGALORE:TRIMGALORE (MCF7_REP1); status: NEW; exit: -; error: -; workDir: /mnt/data/work/80/80a350b035d9f4b05177d1c6dbef48]
~> TaskHandler[id: 2; name: NFCORE_RNASEQ:RNASEQ:PREPARE_GENOME:GTF_FILTER (genome.fa); status: NEW; exit: -; error: -; workDir: /mnt/data/work/ad/d74d39984b25283af17d5032b8d98e]
~> TaskHandler[id: 10; name: NFCORE_RNASEQ:RNASEQ:FASTQ_FASTQC_UMITOOLS_TRIMGALORE:TRIMGALORE (K562_REP2); status: NEW; exit: -; error: -; workDir: /mnt/data/work/1c/82797cec3824d484dccc52b9bb515f]
~> TaskHandler[id: 9; name: NFCORE_RNASEQ:RNASEQ:FASTQ_FASTQC_UMITOOLS_TRIMGALORE:FASTQC (K562_REP2); status: NEW; exit: -; error: -; workDir: /mnt/data/work/d3/96cecdd79957d3e6b533db369ae546]
~> TaskHandler[id: 18; name: NFCORE_RNASEQ:RNASEQ:FASTQ_FASTQC_UMITOOLS_TRIMGALORE:FASTQC (H1_REP2); status: NEW; exit: -; error: -; workDir: /mnt/data/work/dd/d216219b3484f8a0de2f5a3c569e05]
~> TaskHandler[id: 14; name: NFCORE_RNASEQ:RNASEQ:FASTQ_FASTQC_UMITOOLS_TRIMGALORE:TRIMGALORE (H1_REP2); status: NEW; exit: -; error: -; workDir: /mnt/data/work/06/ec5c823fa5d467f7743995d0d65bdf]
Mar-20 08:25:27.102 [Task monitor] DEBUG n.processor.TaskPollingMonitor - !! executor local > tasks to be completed: 1 -- submitted tasks are shown below
~> TaskHandler[id: 12; name: NFCORE_RNASEQ:RNASEQ:FASTQ_FASTQC_UMITOOLS_TRIMGALORE:TRIMGALORE (MCF7_REP2); status: RUNNING; exit: -; error: -; workDir: /mnt/data/work/b7/dec6ce4529704f8c9978d21f000a11]
Mar-20 08:28:28.232 [Task submitter] DEBUG n.processor.TaskPollingMonitor - %% executor local > tasks in the submission queue: 10 -- tasks to be submitted are shown below
~> TaskHandler[id: 16; name: NFCORE_RNASEQ:RNASEQ:FASTQ_FASTQC_UMITOOLS_TRIMGALORE:FASTQC (MCF7_REP2); status: NEW; exit: -; error: -; workDir: /mnt/data/work/a7/bd9abb4cf6415fe6a2ac2fb3624b82]
~> TaskHandler[id: 6; name: NFCORE_RNASEQ:RNASEQ:FASTQ_FASTQC_UMITOOLS_TRIMGALORE:TRIMGALORE (GM12878_REP2); status: NEW; exit: -; error: -; workDir: /mnt/data/work/dd/61022ecc14eaaf5cfa45d12f6e44fd]
~> TaskHandler[id: 5; name: NFCORE_RNASEQ:RNASEQ:FASTQ_FASTQC_UMITOOLS_TRIMGALORE:FASTQC (GM12878_REP2); status: NEW; exit: -; error: -; workDir: /mnt/data/work/26/1d817f3bce9dda7f92c35f1d5173d8]
~> TaskHandler[id: 15; name: NFCORE_RNASEQ:RNASEQ:FASTQ_FASTQC_UMITOOLS_TRIMGALORE:FASTQC (MCF7_REP1); status: NEW; exit: -; error: -; workDir: /mnt/data/work/fc/a2e7937c48a82ab3a9a50e6358feb7]
~> TaskHandler[id: 11; name: NFCORE_RNASEQ:RNASEQ:FASTQ_FASTQC_UMITOOLS_TRIMGALORE:TRIMGALORE (MCF7_REP1); status: NEW; exit: -; error: -; workDir: /mnt/data/work/80/80a350b035d9f4b05177d1c6dbef48]
~> TaskHandler[id: 2; name: NFCORE_RNASEQ:RNASEQ:PREPARE_GENOME:GTF_FILTER (genome.fa); status: NEW; exit: -; error: -; workDir: /mnt/data/work/ad/d74d39984b25283af17d5032b8d98e]
~> TaskHandler[id: 10; name: NFCORE_RNASEQ:RNASEQ:FASTQ_FASTQC_UMITOOLS_TRIMGALORE:TRIMGALORE (K562_REP2); status: NEW; exit: -; error: -; workDir: /mnt/data/work/1c/82797cec3824d484dccc52b9bb515f]
~> TaskHandler[id: 9; name: NFCORE_RNASEQ:RNASEQ:FASTQ_FASTQC_UMITOOLS_TRIMGALORE:FASTQC (K562_REP2); status: NEW; exit: -; error: -; workDir: /mnt/data/work/d3/96cecdd79957d3e6b533db369ae546]
~> TaskHandler[id: 18; name: NFCORE_RNASEQ:RNASEQ:FASTQ_FASTQC_UMITOOLS_TRIMGALORE:FASTQC (H1_REP2); status: NEW; exit: -; error: -; workDir: /mnt/data/work/dd/d216219b3484f8a0de2f5a3c569e05]
~> TaskHandler[id: 14; name: NFCORE_RNASEQ:RNASEQ:FASTQ_FASTQC_UMITOOLS_TRIMGALORE:TRIMGALORE (H1_REP2); status: NEW; exit: -; error: -; workDir: /mnt/data/work/06/ec5c823fa5d467f7743995d0d65bdf]
Mar-20 08:30:27.160 [Task monitor] DEBUG n.processor.TaskPollingMonitor - !! executor local > tasks to be completed: 1 -- submitted tasks are shown below
~> TaskHandler[id: 12; name: NFCORE_RNASEQ:RNASEQ:FASTQ_FASTQC_UMITOOLS_TRIMGALORE:TRIMGALORE (MCF7_REP2); status: RUNNING; exit: -; error: -; workDir: /mnt/data/work/b7/dec6ce4529704f8c9978d21f000a11]
Mar-20 08:33:28.306 [Task submitter] DEBUG n.processor.TaskPollingMonitor - %% executor local > tasks in the submission queue: 10 -- tasks to be submitted are shown below
~> TaskHandler[id: 16; name: NFCORE_RNASEQ:RNASEQ:FASTQ_FASTQC_UMITOOLS_TRIMGALORE:FASTQC (MCF7_REP2); status: NEW; exit: -; error: -; workDir: /mnt/data/work/a7/bd9abb4cf6415fe6a2ac2fb3624b82]
~> TaskHandler[id: 6; name: NFCORE_RNASEQ:RNASEQ:FASTQ_FASTQC_UMITOOLS_TRIMGALORE:TRIMGALORE (GM12878_REP2); status: NEW; exit: -; error: -; workDir: /mnt/data/work/dd/61022ecc14eaaf5cfa45d12f6e44fd]
~> TaskHandler[id: 5; name: NFCORE_RNASEQ:RNASEQ:FASTQ_FASTQC_UMITOOLS_TRIMGALORE:FASTQC (GM12878_REP2); status: NEW; exit: -; error: -; workDir: /mnt/data/work/26/1d817f3bce9dda7f92c35f1d5173d8]
~> TaskHandler[id: 15; name: NFCORE_RNASEQ:RNASEQ:FASTQ_FASTQC_UMITOOLS_TRIMGALORE:FASTQC (MCF7_REP1); status: NEW; exit: -; error: -; workDir: /mnt/data/work/fc/a2e7937c48a82ab3a9a50e6358feb7]
~> TaskHandler[id: 11; name: NFCORE_RNASEQ:RNASEQ:FASTQ_FASTQC_UMITOOLS_TRIMGALORE:TRIMGALORE (MCF7_REP1); status: NEW; exit: -; error: -; workDir: /mnt/data/work/80/80a350b035d9f4b05177d1c6dbef48]
~> TaskHandler[id: 2; name: NFCORE_RNASEQ:RNASEQ:PREPARE_GENOME:GTF_FILTER (genome.fa); status: NEW; exit: -; error: -; workDir: /mnt/data/work/ad/d74d39984b25283af17d5032b8d98e]
~> TaskHandler[id: 10; name: NFCORE_RNASEQ:RNASEQ:FASTQ_FASTQC_UMITOOLS_TRIMGALORE:TRIMGALORE (K562_REP2); status: NEW; exit: -; error: -; workDir: /mnt/data/work/1c/82797cec3824d484dccc52b9bb515f]
~> TaskHandler[id: 9; name: NFCORE_RNASEQ:RNASEQ:FASTQ_FASTQC_UMITOOLS_TRIMGALORE:FASTQC (K562_REP2); status: NEW; exit: -; error: -; workDir: /mnt/data/work/d3/96cecdd79957d3e6b533db369ae546]
~> TaskHandler[id: 18; name: NFCORE_RNASEQ:RNASEQ:FASTQ_FASTQC_UMITOOLS_TRIMGALORE:FASTQC (H1_REP2); status: NEW; exit: -; error: -; workDir: /mnt/data/work/dd/d216219b3484f8a0de2f5a3c569e05]
~> TaskHandler[id: 14; name: NFCORE_RNASEQ:RNASEQ:FASTQ_FASTQC_UMITOOLS_TRIMGALORE:TRIMGALORE (H1_REP2); status: NEW; exit: -; error: -; workDir: /mnt/data/work/06/ec5c823fa5d467f7743995d0d65bdf]
Mar-20 08:35:27.252 [Task monitor] DEBUG n.processor.TaskPollingMonitor - !! executor local > tasks to be completed: 1 -- submitted tasks are shown below
~> TaskHandler[id: 12; name: NFCORE_RNASEQ:RNASEQ:FASTQ_FASTQC_UMITOOLS_TRIMGALORE:TRIMGALORE (MCF7_REP2); status: RUNNING; exit: -; error: -; workDir: /mnt/data/work/b7/dec6ce4529704f8c9978d21f000a11]
Mar-20 08:36:24.864 [Task monitor] DEBUG n.processor.TaskPollingMonitor - Task completed > TaskHandler[id: 12; name: NFCORE_RNASEQ:RNASEQ:FASTQ_FASTQC_UMITOOLS_TRIMGALORE:TRIMGALORE (MCF7_REP2); status: COMPLETED; exit: 0; error: -; workDir: /mnt/data/work/b7/dec6ce4529704f8c9978d21f000a11]
Mar-20 08:36:24.872 [TaskFinalizer-8] DEBUG nextflow.processor.TaskProcessor - Process NFCORE_RNASEQ:RNASEQ:FASTQ_FASTQC_UMITOOLS_TRIMGALORE:TRIMGALORE > Skipping output binding because one or more optional files are missing: fileoutparam<2:1>
Mar-20 08:36:24.874 [Task submitter] DEBUG n.executor.local.LocalTaskHandler - Launch cmd line: /bin/bash -ue .command.run
Mar-20 08:36:24.875 [Task submitter] INFO  nextflow.Session - [a7/bd9abb] Submitted process > NFCORE_RNASEQ:RNASEQ:FASTQ_FASTQC_UMITOOLS_TRIMGALORE:FASTQC (MCF7_REP2)
Mar-20 08:38:28.904 [Task submitter] DEBUG n.processor.TaskPollingMonitor - %% executor local > tasks in the submission queue: 9 -- tasks to be submitted are shown below
~> TaskHandler[id: 6; name: NFCORE_RNASEQ:RNASEQ:FASTQ_FASTQC_UMITOOLS_TRIMGALORE:TRIMGALORE (GM12878_REP2); status: NEW; exit: -; error: -; workDir: /mnt/data/work/dd/61022ecc14eaaf5cfa45d12f6e44fd]
~> TaskHandler[id: 5; name: NFCORE_RNASEQ:RNASEQ:FASTQ_FASTQC_UMITOOLS_TRIMGALORE:FASTQC (GM12878_REP2); status: NEW; exit: -; error: -; workDir: /mnt/data/work/26/1d817f3bce9dda7f92c35f1d5173d8]
~> TaskHandler[id: 15; name: NFCORE_RNASEQ:RNASEQ:FASTQ_FASTQC_UMITOOLS_TRIMGALORE:FASTQC (MCF7_REP1); status: NEW; exit: -; error: -; workDir: /mnt/data/work/fc/a2e7937c48a82ab3a9a50e6358feb7]
~> TaskHandler[id: 11; name: NFCORE_RNASEQ:RNASEQ:FASTQ_FASTQC_UMITOOLS_TRIMGALORE:TRIMGALORE (MCF7_REP1); status: NEW; exit: -; error: -; workDir: /mnt/data/work/80/80a350b035d9f4b05177d1c6dbef48]
~> TaskHandler[id: 2; name: NFCORE_RNASEQ:RNASEQ:PREPARE_GENOME:GTF_FILTER (genome.fa); status: NEW; exit: -; error: -; workDir: /mnt/data/work/ad/d74d39984b25283af17d5032b8d98e]
~> TaskHandler[id: 10; name: NFCORE_RNASEQ:RNASEQ:FASTQ_FASTQC_UMITOOLS_TRIMGALORE:TRIMGALORE (K562_REP2); status: NEW; exit: -; error: -; workDir: /mnt/data/work/1c/82797cec3824d484dccc52b9bb515f]
~> TaskHandler[id: 9; name: NFCORE_RNASEQ:RNASEQ:FASTQ_FASTQC_UMITOOLS_TRIMGALORE:FASTQC (K562_REP2); status: NEW; exit: -; error: -; workDir: /mnt/data/work/d3/96cecdd79957d3e6b533db369ae546]
~> TaskHandler[id: 18; name: NFCORE_RNASEQ:RNASEQ:FASTQ_FASTQC_UMITOOLS_TRIMGALORE:FASTQC (H1_REP2); status: NEW; exit: -; error: -; workDir: /mnt/data/work/dd/d216219b3484f8a0de2f5a3c569e05]
~> TaskHandler[id: 14; name: NFCORE_RNASEQ:RNASEQ:FASTQ_FASTQC_UMITOOLS_TRIMGALORE:TRIMGALORE (H1_REP2); status: NEW; exit: -; error: -; workDir: /mnt/data/work/06/ec5c823fa5d467f7743995d0d65bdf]
Mar-20 08:40:27.266 [Task monitor] DEBUG n.processor.TaskPollingMonitor - !! executor local > tasks to be completed: 1 -- submitted tasks are shown below
~> TaskHandler[id: 16; name: NFCORE_RNASEQ:RNASEQ:FASTQ_FASTQC_UMITOOLS_TRIMGALORE:FASTQC (MCF7_REP2); status: RUNNING; exit: -; error: -; workDir: /mnt/data/work/a7/bd9abb4cf6415fe6a2ac2fb3624b82]
Mar-20 08:43:28.969 [Task submitter] DEBUG n.processor.TaskPollingMonitor - %% executor local > tasks in the submission queue: 9 -- tasks to be submitted are shown below
~> TaskHandler[id: 6; name: NFCORE_RNASEQ:RNASEQ:FASTQ_FASTQC_UMITOOLS_TRIMGALORE:TRIMGALORE (GM12878_REP2); status: NEW; exit: -; error: -; workDir: /mnt/data/work/dd/61022ecc14eaaf5cfa45d12f6e44fd]
~> TaskHandler[id: 5; name: NFCORE_RNASEQ:RNASEQ:FASTQ_FASTQC_UMITOOLS_TRIMGALORE:FASTQC (GM12878_REP2); status: NEW; exit: -; error: -; workDir: /mnt/data/work/26/1d817f3bce9dda7f92c35f1d5173d8]
~> TaskHandler[id: 15; name: NFCORE_RNASEQ:RNASEQ:FASTQ_FASTQC_UMITOOLS_TRIMGALORE:FASTQC (MCF7_REP1); status: NEW; exit: -; error: -; workDir: /mnt/data/work/fc/a2e7937c48a82ab3a9a50e6358feb7]
~> TaskHandler[id: 11; name: NFCORE_RNASEQ:RNASEQ:FASTQ_FASTQC_UMITOOLS_TRIMGALORE:TRIMGALORE (MCF7_REP1); status: NEW; exit: -; error: -; workDir: /mnt/data/work/80/80a350b035d9f4b05177d1c6dbef48]
~> TaskHandler[id: 2; name: NFCORE_RNASEQ:RNASEQ:PREPARE_GENOME:GTF_FILTER (genome.fa); status: NEW; exit: -; error: -; workDir: /mnt/data/work/ad/d74d39984b25283af17d5032b8d98e]
~> TaskHandler[id: 10; name: NFCORE_RNASEQ:RNASEQ:FASTQ_FASTQC_UMITOOLS_TRIMGALORE:TRIMGALORE (K562_REP2); status: NEW; exit: -; error: -; workDir: /mnt/data/work/1c/82797cec3824d484dccc52b9bb515f]
~> TaskHandler[id: 9; name: NFCORE_RNASEQ:RNASEQ:FASTQ_FASTQC_UMITOOLS_TRIMGALORE:FASTQC (K562_REP2); status: NEW; exit: -; error: -; workDir: /mnt/data/work/d3/96cecdd79957d3e6b533db369ae546]
~> TaskHandler[id: 18; name: NFCORE_RNASEQ:RNASEQ:FASTQ_FASTQC_UMITOOLS_TRIMGALORE:FASTQC (H1_REP2); status: NEW; exit: -; error: -; workDir: /mnt/data/work/dd/d216219b3484f8a0de2f5a3c569e05]
~> TaskHandler[id: 14; name: NFCORE_RNASEQ:RNASEQ:FASTQ_FASTQC_UMITOOLS_TRIMGALORE:TRIMGALORE (H1_REP2); status: NEW; exit: -; error: -; workDir: /mnt/data/work/06/ec5c823fa5d467f7743995d0d65bdf]
Mar-20 08:44:15.518 [Task monitor] DEBUG n.processor.TaskPollingMonitor - Task completed > TaskHandler[id: 16; name: NFCORE_RNASEQ:RNASEQ:FASTQ_FASTQC_UMITOOLS_TRIMGALORE:FASTQC (MCF7_REP2); status: COMPLETED; exit: 0; error: -; workDir: /mnt/data/work/a7/bd9abb4cf6415fe6a2ac2fb3624b82]
Mar-20 08:44:15.530 [Task submitter] DEBUG n.executor.local.LocalTaskHandler - Launch cmd line: /bin/bash -ue .command.run
Mar-20 08:44:15.530 [Task submitter] INFO  nextflow.Session - [dd/61022e] Submitted process > NFCORE_RNASEQ:RNASEQ:FASTQ_FASTQC_UMITOOLS_TRIMGALORE:TRIMGALORE (GM12878_REP2)
Mar-20 08:45:27.342 [Task monitor] DEBUG n.processor.TaskPollingMonitor - !! executor local > tasks to be completed: 1 -- submitted tasks are shown below
~> TaskHandler[id: 6; name: NFCORE_RNASEQ:RNASEQ:FASTQ_FASTQC_UMITOOLS_TRIMGALORE:TRIMGALORE (GM12878_REP2); status: RUNNING; exit: -; error: -; workDir: /mnt/data/work/dd/61022ecc14eaaf5cfa45d12f6e44fd]
Mar-20 08:48:29.600 [Task submitter] DEBUG n.processor.TaskPollingMonitor - %% executor local > tasks in the submission queue: 8 -- tasks to be submitted are shown below
~> TaskHandler[id: 5; name: NFCORE_RNASEQ:RNASEQ:FASTQ_FASTQC_UMITOOLS_TRIMGALORE:FASTQC (GM12878_REP2); status: NEW; exit: -; error: -; workDir: /mnt/data/work/26/1d817f3bce9dda7f92c35f1d5173d8]
~> TaskHandler[id: 15; name: NFCORE_RNASEQ:RNASEQ:FASTQ_FASTQC_UMITOOLS_TRIMGALORE:FASTQC (MCF7_REP1); status: NEW; exit: -; error: -; workDir: /mnt/data/work/fc/a2e7937c48a82ab3a9a50e6358feb7]
~> TaskHandler[id: 11; name: NFCORE_RNASEQ:RNASEQ:FASTQ_FASTQC_UMITOOLS_TRIMGALORE:TRIMGALORE (MCF7_REP1); status: NEW; exit: -; error: -; workDir: /mnt/data/work/80/80a350b035d9f4b05177d1c6dbef48]
~> TaskHandler[id: 2; name: NFCORE_RNASEQ:RNASEQ:PREPARE_GENOME:GTF_FILTER (genome.fa); status: NEW; exit: -; error: -; workDir: /mnt/data/work/ad/d74d39984b25283af17d5032b8d98e]
~> TaskHandler[id: 10; name: NFCORE_RNASEQ:RNASEQ:FASTQ_FASTQC_UMITOOLS_TRIMGALORE:TRIMGALORE (K562_REP2); status: NEW; exit: -; error: -; workDir: /mnt/data/work/1c/82797cec3824d484dccc52b9bb515f]
~> TaskHandler[id: 9; name: NFCORE_RNASEQ:RNASEQ:FASTQ_FASTQC_UMITOOLS_TRIMGALORE:FASTQC (K562_REP2); status: NEW; exit: -; error: -; workDir: /mnt/data/work/d3/96cecdd79957d3e6b533db369ae546]
~> TaskHandler[id: 18; name: NFCORE_RNASEQ:RNASEQ:FASTQ_FASTQC_UMITOOLS_TRIMGALORE:FASTQC (H1_REP2); status: NEW; exit: -; error: -; workDir: /mnt/data/work/dd/d216219b3484f8a0de2f5a3c569e05]
~> TaskHandler[id: 14; name: NFCORE_RNASEQ:RNASEQ:FASTQ_FASTQC_UMITOOLS_TRIMGALORE:TRIMGALORE (H1_REP2); status: NEW; exit: -; error: -; workDir: /mnt/data/work/06/ec5c823fa5d467f7743995d0d65bdf]
Mar-20 08:50:27.395 [Task monitor] DEBUG n.processor.TaskPollingMonitor - !! executor local > tasks to be completed: 1 -- submitted tasks are shown below
~> TaskHandler[id: 6; name: NFCORE_RNASEQ:RNASEQ:FASTQ_FASTQC_UMITOOLS_TRIMGALORE:TRIMGALORE (GM12878_REP2); status: RUNNING; exit: -; error: -; workDir: /mnt/data/work/dd/61022ecc14eaaf5cfa45d12f6e44fd]
Mar-20 08:53:29.672 [Task submitter] DEBUG n.processor.TaskPollingMonitor - %% executor local > tasks in the submission queue: 8 -- tasks to be submitted are shown below
~> TaskHandler[id: 5; name: NFCORE_RNASEQ:RNASEQ:FASTQ_FASTQC_UMITOOLS_TRIMGALORE:FASTQC (GM12878_REP2); status: NEW; exit: -; error: -; workDir: /mnt/data/work/26/1d817f3bce9dda7f92c35f1d5173d8]
~> TaskHandler[id: 15; name: NFCORE_RNASEQ:RNASEQ:FASTQ_FASTQC_UMITOOLS_TRIMGALORE:FASTQC (MCF7_REP1); status: NEW; exit: -; error: -; workDir: /mnt/data/work/fc/a2e7937c48a82ab3a9a50e6358feb7]
~> TaskHandler[id: 11; name: NFCORE_RNASEQ:RNASEQ:FASTQ_FASTQC_UMITOOLS_TRIMGALORE:TRIMGALORE (MCF7_REP1); status: NEW; exit: -; error: -; workDir: /mnt/data/work/80/80a350b035d9f4b05177d1c6dbef48]
~> TaskHandler[id: 2; name: NFCORE_RNASEQ:RNASEQ:PREPARE_GENOME:GTF_FILTER (genome.fa); status: NEW; exit: -; error: -; workDir: /mnt/data/work/ad/d74d39984b25283af17d5032b8d98e]
~> TaskHandler[id: 10; name: NFCORE_RNASEQ:RNASEQ:FASTQ_FASTQC_UMITOOLS_TRIMGALORE:TRIMGALORE (K562_REP2); status: NEW; exit: -; error: -; workDir: /mnt/data/work/1c/82797cec3824d484dccc52b9bb515f]
~> TaskHandler[id: 9; name: NFCORE_RNASEQ:RNASEQ:FASTQ_FASTQC_UMITOOLS_TRIMGALORE:FASTQC (K562_REP2); status: NEW; exit: -; error: -; workDir: /mnt/data/work/d3/96cecdd79957d3e6b533db369ae546]
~> TaskHandler[id: 18; name: NFCORE_RNASEQ:RNASEQ:FASTQ_FASTQC_UMITOOLS_TRIMGALORE:FASTQC (H1_REP2); status: NEW; exit: -; error: -; workDir: /mnt/data/work/dd/d216219b3484f8a0de2f5a3c569e05]
~> TaskHandler[id: 14; name: NFCORE_RNASEQ:RNASEQ:FASTQ_FASTQC_UMITOOLS_TRIMGALORE:TRIMGALORE (H1_REP2); status: NEW; exit: -; error: -; workDir: /mnt/data/work/06/ec5c823fa5d467f7743995d0d65bdf]
Mar-20 08:55:27.485 [Task monitor] DEBUG n.processor.TaskPollingMonitor - !! executor local > tasks to be completed: 1 -- submitted tasks are shown below
~> TaskHandler[id: 6; name: NFCORE_RNASEQ:RNASEQ:FASTQ_FASTQC_UMITOOLS_TRIMGALORE:TRIMGALORE (GM12878_REP2); status: RUNNING; exit: -; error: -; workDir: /mnt/data/work/dd/61022ecc14eaaf5cfa45d12f6e44fd]
Mar-20 08:58:29.759 [Task submitter] DEBUG n.processor.TaskPollingMonitor - %% executor local > tasks in the submission queue: 8 -- tasks to be submitted are shown below
~> TaskHandler[id: 5; name: NFCORE_RNASEQ:RNASEQ:FASTQ_FASTQC_UMITOOLS_TRIMGALORE:FASTQC (GM12878_REP2); status: NEW; exit: -; error: -; workDir: /mnt/data/work/26/1d817f3bce9dda7f92c35f1d5173d8]
~> TaskHandler[id: 15; name: NFCORE_RNASEQ:RNASEQ:FASTQ_FASTQC_UMITOOLS_TRIMGALORE:FASTQC (MCF7_REP1); status: NEW; exit: -; error: -; workDir: /mnt/data/work/fc/a2e7937c48a82ab3a9a50e6358feb7]
~> TaskHandler[id: 11; name: NFCORE_RNASEQ:RNASEQ:FASTQ_FASTQC_UMITOOLS_TRIMGALORE:TRIMGALORE (MCF7_REP1); status: NEW; exit: -; error: -; workDir: /mnt/data/work/80/80a350b035d9f4b05177d1c6dbef48]
~> TaskHandler[id: 2; name: NFCORE_RNASEQ:RNASEQ:PREPARE_GENOME:GTF_FILTER (genome.fa); status: NEW; exit: -; error: -; workDir: /mnt/data/work/ad/d74d39984b25283af17d5032b8d98e]
~> TaskHandler[id: 10; name: NFCORE_RNASEQ:RNASEQ:FASTQ_FASTQC_UMITOOLS_TRIMGALORE:TRIMGALORE (K562_REP2); status: NEW; exit: -; error: -; workDir: /mnt/data/work/1c/82797cec3824d484dccc52b9bb515f]
~> TaskHandler[id: 9; name: NFCORE_RNASEQ:RNASEQ:FASTQ_FASTQC_UMITOOLS_TRIMGALORE:FASTQC (K562_REP2); status: NEW; exit: -; error: -; workDir: /mnt/data/work/d3/96cecdd79957d3e6b533db369ae546]
~> TaskHandler[id: 18; name: NFCORE_RNASEQ:RNASEQ:FASTQ_FASTQC_UMITOOLS_TRIMGALORE:FASTQC (H1_REP2); status: NEW; exit: -; error: -; workDir: /mnt/data/work/dd/d216219b3484f8a0de2f5a3c569e05]
~> TaskHandler[id: 14; name: NFCORE_RNASEQ:RNASEQ:FASTQ_FASTQC_UMITOOLS_TRIMGALORE:TRIMGALORE (H1_REP2); status: NEW; exit: -; error: -; workDir: /mnt/data/work/06/ec5c823fa5d467f7743995d0d65bdf]
Mar-20 09:00:27.490 [Task monitor] DEBUG n.processor.TaskPollingMonitor - !! executor local > tasks to be completed: 1 -- submitted tasks are shown below
~> TaskHandler[id: 6; name: NFCORE_RNASEQ:RNASEQ:FASTQ_FASTQC_UMITOOLS_TRIMGALORE:TRIMGALORE (GM12878_REP2); status: RUNNING; exit: -; error: -; workDir: /mnt/data/work/dd/61022ecc14eaaf5cfa45d12f6e44fd]
Mar-20 09:03:29.827 [Task submitter] DEBUG n.processor.TaskPollingMonitor - %% executor local > tasks in the submission queue: 8 -- tasks to be submitted are shown below
~> TaskHandler[id: 5; name: NFCORE_RNASEQ:RNASEQ:FASTQ_FASTQC_UMITOOLS_TRIMGALORE:FASTQC (GM12878_REP2); status: NEW; exit: -; error: -; workDir: /mnt/data/work/26/1d817f3bce9dda7f92c35f1d5173d8]
~> TaskHandler[id: 15; name: NFCORE_RNASEQ:RNASEQ:FASTQ_FASTQC_UMITOOLS_TRIMGALORE:FASTQC (MCF7_REP1); status: NEW; exit: -; error: -; workDir: /mnt/data/work/fc/a2e7937c48a82ab3a9a50e6358feb7]
~> TaskHandler[id: 11; name: NFCORE_RNASEQ:RNASEQ:FASTQ_FASTQC_UMITOOLS_TRIMGALORE:TRIMGALORE (MCF7_REP1); status: NEW; exit: -; error: -; workDir: /mnt/data/work/80/80a350b035d9f4b05177d1c6dbef48]
~> TaskHandler[id: 2; name: NFCORE_RNASEQ:RNASEQ:PREPARE_GENOME:GTF_FILTER (genome.fa); status: NEW; exit: -; error: -; workDir: /mnt/data/work/ad/d74d39984b25283af17d5032b8d98e]
~> TaskHandler[id: 10; name: NFCORE_RNASEQ:RNASEQ:FASTQ_FASTQC_UMITOOLS_TRIMGALORE:TRIMGALORE (K562_REP2); status: NEW; exit: -; error: -; workDir: /mnt/data/work/1c/82797cec3824d484dccc52b9bb515f]
~> TaskHandler[id: 9; name: NFCORE_RNASEQ:RNASEQ:FASTQ_FASTQC_UMITOOLS_TRIMGALORE:FASTQC (K562_REP2); status: NEW; exit: -; error: -; workDir: /mnt/data/work/d3/96cecdd79957d3e6b533db369ae546]
~> TaskHandler[id: 18; name: NFCORE_RNASEQ:RNASEQ:FASTQ_FASTQC_UMITOOLS_TRIMGALORE:FASTQC (H1_REP2); status: NEW; exit: -; error: -; workDir: /mnt/data/work/dd/d216219b3484f8a0de2f5a3c569e05]
~> TaskHandler[id: 14; name: NFCORE_RNASEQ:RNASEQ:FASTQ_FASTQC_UMITOOLS_TRIMGALORE:TRIMGALORE (H1_REP2); status: NEW; exit: -; error: -; workDir: /mnt/data/work/06/ec5c823fa5d467f7743995d0d65bdf]
Mar-20 09:05:27.535 [Task monitor] DEBUG n.processor.TaskPollingMonitor - !! executor local > tasks to be completed: 1 -- submitted tasks are shown below
~> TaskHandler[id: 6; name: NFCORE_RNASEQ:RNASEQ:FASTQ_FASTQC_UMITOOLS_TRIMGALORE:TRIMGALORE (GM12878_REP2); status: RUNNING; exit: -; error: -; workDir: /mnt/data/work/dd/61022ecc14eaaf5cfa45d12f6e44fd]
Mar-20 09:08:29.889 [Task submitter] DEBUG n.processor.TaskPollingMonitor - %% executor local > tasks in the submission queue: 8 -- tasks to be submitted are shown below
~> TaskHandler[id: 5; name: NFCORE_RNASEQ:RNASEQ:FASTQ_FASTQC_UMITOOLS_TRIMGALORE:FASTQC (GM12878_REP2); status: NEW; exit: -; error: -; workDir: /mnt/data/work/26/1d817f3bce9dda7f92c35f1d5173d8]
~> TaskHandler[id: 15; name: NFCORE_RNASEQ:RNASEQ:FASTQ_FASTQC_UMITOOLS_TRIMGALORE:FASTQC (MCF7_REP1); status: NEW; exit: -; error: -; workDir: /mnt/data/work/fc/a2e7937c48a82ab3a9a50e6358feb7]
~> TaskHandler[id: 11; name: NFCORE_RNASEQ:RNASEQ:FASTQ_FASTQC_UMITOOLS_TRIMGALORE:TRIMGALORE (MCF7_REP1); status: NEW; exit: -; error: -; workDir: /mnt/data/work/80/80a350b035d9f4b05177d1c6dbef48]
~> TaskHandler[id: 2; name: NFCORE_RNASEQ:RNASEQ:PREPARE_GENOME:GTF_FILTER (genome.fa); status: NEW; exit: -; error: -; workDir: /mnt/data/work/ad/d74d39984b25283af17d5032b8d98e]
~> TaskHandler[id: 10; name: NFCORE_RNASEQ:RNASEQ:FASTQ_FASTQC_UMITOOLS_TRIMGALORE:TRIMGALORE (K562_REP2); status: NEW; exit: -; error: -; workDir: /mnt/data/work/1c/82797cec3824d484dccc52b9bb515f]
~> TaskHandler[id: 9; name: NFCORE_RNASEQ:RNASEQ:FASTQ_FASTQC_UMITOOLS_TRIMGALORE:FASTQC (K562_REP2); status: NEW; exit: -; error: -; workDir: /mnt/data/work/d3/96cecdd79957d3e6b533db369ae546]
~> TaskHandler[id: 18; name: NFCORE_RNASEQ:RNASEQ:FASTQ_FASTQC_UMITOOLS_TRIMGALORE:FASTQC (H1_REP2); status: NEW; exit: -; error: -; workDir: /mnt/data/work/dd/d216219b3484f8a0de2f5a3c569e05]
~> TaskHandler[id: 14; name: NFCORE_RNASEQ:RNASEQ:FASTQ_FASTQC_UMITOOLS_TRIMGALORE:TRIMGALORE (H1_REP2); status: NEW; exit: -; error: -; workDir: /mnt/data/work/06/ec5c823fa5d467f7743995d0d65bdf]
Mar-20 09:10:27.578 [Task monitor] DEBUG n.processor.TaskPollingMonitor - !! executor local > tasks to be completed: 1 -- submitted tasks are shown below
~> TaskHandler[id: 6; name: NFCORE_RNASEQ:RNASEQ:FASTQ_FASTQC_UMITOOLS_TRIMGALORE:TRIMGALORE (GM12878_REP2); status: RUNNING; exit: -; error: -; workDir: /mnt/data/work/dd/61022ecc14eaaf5cfa45d12f6e44fd]
Mar-20 09:13:29.942 [Task submitter] DEBUG n.processor.TaskPollingMonitor - %% executor local > tasks in the submission queue: 8 -- tasks to be submitted are shown below
~> TaskHandler[id: 5; name: NFCORE_RNASEQ:RNASEQ:FASTQ_FASTQC_UMITOOLS_TRIMGALORE:FASTQC (GM12878_REP2); status: NEW; exit: -; error: -; workDir: /mnt/data/work/26/1d817f3bce9dda7f92c35f1d5173d8]
~> TaskHandler[id: 15; name: NFCORE_RNASEQ:RNASEQ:FASTQ_FASTQC_UMITOOLS_TRIMGALORE:FASTQC (MCF7_REP1); status: NEW; exit: -; error: -; workDir: /mnt/data/work/fc/a2e7937c48a82ab3a9a50e6358feb7]
~> TaskHandler[id: 11; name: NFCORE_RNASEQ:RNASEQ:FASTQ_FASTQC_UMITOOLS_TRIMGALORE:TRIMGALORE (MCF7_REP1); status: NEW; exit: -; error: -; workDir: /mnt/data/work/80/80a350b035d9f4b05177d1c6dbef48]
~> TaskHandler[id: 2; name: NFCORE_RNASEQ:RNASEQ:PREPARE_GENOME:GTF_FILTER (genome.fa); status: NEW; exit: -; error: -; workDir: /mnt/data/work/ad/d74d39984b25283af17d5032b8d98e]
~> TaskHandler[id: 10; name: NFCORE_RNASEQ:RNASEQ:FASTQ_FASTQC_UMITOOLS_TRIMGALORE:TRIMGALORE (K562_REP2); status: NEW; exit: -; error: -; workDir: /mnt/data/work/1c/82797cec3824d484dccc52b9bb515f]
~> TaskHandler[id: 9; name: NFCORE_RNASEQ:RNASEQ:FASTQ_FASTQC_UMITOOLS_TRIMGALORE:FASTQC (K562_REP2); status: NEW; exit: -; error: -; workDir: /mnt/data/work/d3/96cecdd79957d3e6b533db369ae546]
~> TaskHandler[id: 18; name: NFCORE_RNASEQ:RNASEQ:FASTQ_FASTQC_UMITOOLS_TRIMGALORE:FASTQC (H1_REP2); status: NEW; exit: -; error: -; workDir: /mnt/data/work/dd/d216219b3484f8a0de2f5a3c569e05]
~> TaskHandler[id: 14; name: NFCORE_RNASEQ:RNASEQ:FASTQ_FASTQC_UMITOOLS_TRIMGALORE:TRIMGALORE (H1_REP2); status: NEW; exit: -; error: -; workDir: /mnt/data/work/06/ec5c823fa5d467f7743995d0d65bdf]
Mar-20 09:15:27.587 [Task monitor] DEBUG n.processor.TaskPollingMonitor - !! executor local > tasks to be completed: 1 -- submitted tasks are shown below
~> TaskHandler[id: 6; name: NFCORE_RNASEQ:RNASEQ:FASTQ_FASTQC_UMITOOLS_TRIMGALORE:TRIMGALORE (GM12878_REP2); status: RUNNING; exit: -; error: -; workDir: /mnt/data/work/dd/61022ecc14eaaf5cfa45d12f6e44fd]
Mar-20 09:18:29.993 [Task submitter] DEBUG n.processor.TaskPollingMonitor - %% executor local > tasks in the submission queue: 8 -- tasks to be submitted are shown below
~> TaskHandler[id: 5; name: NFCORE_RNASEQ:RNASEQ:FASTQ_FASTQC_UMITOOLS_TRIMGALORE:FASTQC (GM12878_REP2); status: NEW; exit: -; error: -; workDir: /mnt/data/work/26/1d817f3bce9dda7f92c35f1d5173d8]
~> TaskHandler[id: 15; name: NFCORE_RNASEQ:RNASEQ:FASTQ_FASTQC_UMITOOLS_TRIMGALORE:FASTQC (MCF7_REP1); status: NEW; exit: -; error: -; workDir: /mnt/data/work/fc/a2e7937c48a82ab3a9a50e6358feb7]
~> TaskHandler[id: 11; name: NFCORE_RNASEQ:RNASEQ:FASTQ_FASTQC_UMITOOLS_TRIMGALORE:TRIMGALORE (MCF7_REP1); status: NEW; exit: -; error: -; workDir: /mnt/data/work/80/80a350b035d9f4b05177d1c6dbef48]
~> TaskHandler[id: 2; name: NFCORE_RNASEQ:RNASEQ:PREPARE_GENOME:GTF_FILTER (genome.fa); status: NEW; exit: -; error: -; workDir: /mnt/data/work/ad/d74d39984b25283af17d5032b8d98e]
~> TaskHandler[id: 10; name: NFCORE_RNASEQ:RNASEQ:FASTQ_FASTQC_UMITOOLS_TRIMGALORE:TRIMGALORE (K562_REP2); status: NEW; exit: -; error: -; workDir: /mnt/data/work/1c/82797cec3824d484dccc52b9bb515f]
~> TaskHandler[id: 9; name: NFCORE_RNASEQ:RNASEQ:FASTQ_FASTQC_UMITOOLS_TRIMGALORE:FASTQC (K562_REP2); status: NEW; exit: -; error: -; workDir: /mnt/data/work/d3/96cecdd79957d3e6b533db369ae546]
~> TaskHandler[id: 18; name: NFCORE_RNASEQ:RNASEQ:FASTQ_FASTQC_UMITOOLS_TRIMGALORE:FASTQC (H1_REP2); status: NEW; exit: -; error: -; workDir: /mnt/data/work/dd/d216219b3484f8a0de2f5a3c569e05]
~> TaskHandler[id: 14; name: NFCORE_RNASEQ:RNASEQ:FASTQ_FASTQC_UMITOOLS_TRIMGALORE:TRIMGALORE (H1_REP2); status: NEW; exit: -; error: -; workDir: /mnt/data/work/06/ec5c823fa5d467f7743995d0d65bdf]
Mar-20 09:20:27.588 [Task monitor] DEBUG n.processor.TaskPollingMonitor - !! executor local > tasks to be completed: 1 -- submitted tasks are shown below
~> TaskHandler[id: 6; name: NFCORE_RNASEQ:RNASEQ:FASTQ_FASTQC_UMITOOLS_TRIMGALORE:TRIMGALORE (GM12878_REP2); status: RUNNING; exit: -; error: -; workDir: /mnt/data/work/dd/61022ecc14eaaf5cfa45d12f6e44fd]
Mar-20 09:23:30.066 [Task submitter] DEBUG n.processor.TaskPollingMonitor - %% executor local > tasks in the submission queue: 8 -- tasks to be submitted are shown below
~> TaskHandler[id: 5; name: NFCORE_RNASEQ:RNASEQ:FASTQ_FASTQC_UMITOOLS_TRIMGALORE:FASTQC (GM12878_REP2); status: NEW; exit: -; error: -; workDir: /mnt/data/work/26/1d817f3bce9dda7f92c35f1d5173d8]
~> TaskHandler[id: 15; name: NFCORE_RNASEQ:RNASEQ:FASTQ_FASTQC_UMITOOLS_TRIMGALORE:FASTQC (MCF7_REP1); status: NEW; exit: -; error: -; workDir: /mnt/data/work/fc/a2e7937c48a82ab3a9a50e6358feb7]
~> TaskHandler[id: 11; name: NFCORE_RNASEQ:RNASEQ:FASTQ_FASTQC_UMITOOLS_TRIMGALORE:TRIMGALORE (MCF7_REP1); status: NEW; exit: -; error: -; workDir: /mnt/data/work/80/80a350b035d9f4b05177d1c6dbef48]
~> TaskHandler[id: 2; name: NFCORE_RNASEQ:RNASEQ:PREPARE_GENOME:GTF_FILTER (genome.fa); status: NEW; exit: -; error: -; workDir: /mnt/data/work/ad/d74d39984b25283af17d5032b8d98e]
~> TaskHandler[id: 10; name: NFCORE_RNASEQ:RNASEQ:FASTQ_FASTQC_UMITOOLS_TRIMGALORE:TRIMGALORE (K562_REP2); status: NEW; exit: -; error: -; workDir: /mnt/data/work/1c/82797cec3824d484dccc52b9bb515f]
~> TaskHandler[id: 9; name: NFCORE_RNASEQ:RNASEQ:FASTQ_FASTQC_UMITOOLS_TRIMGALORE:FASTQC (K562_REP2); status: NEW; exit: -; error: -; workDir: /mnt/data/work/d3/96cecdd79957d3e6b533db369ae546]
~> TaskHandler[id: 18; name: NFCORE_RNASEQ:RNASEQ:FASTQ_FASTQC_UMITOOLS_TRIMGALORE:FASTQC (H1_REP2); status: NEW; exit: -; error: -; workDir: /mnt/data/work/dd/d216219b3484f8a0de2f5a3c569e05]
~> TaskHandler[id: 14; name: NFCORE_RNASEQ:RNASEQ:FASTQ_FASTQC_UMITOOLS_TRIMGALORE:TRIMGALORE (H1_REP2); status: NEW; exit: -; error: -; workDir: /mnt/data/work/06/ec5c823fa5d467f7743995d0d65bdf]
Mar-20 09:25:27.654 [Task monitor] DEBUG n.processor.TaskPollingMonitor - !! executor local > tasks to be completed: 1 -- submitted tasks are shown below
~> TaskHandler[id: 6; name: NFCORE_RNASEQ:RNASEQ:FASTQ_FASTQC_UMITOOLS_TRIMGALORE:TRIMGALORE (GM12878_REP2); status: RUNNING; exit: -; error: -; workDir: /mnt/data/work/dd/61022ecc14eaaf5cfa45d12f6e44fd]
Mar-20 09:28:30.145 [Task submitter] DEBUG n.processor.TaskPollingMonitor - %% executor local > tasks in the submission queue: 8 -- tasks to be submitted are shown below
~> TaskHandler[id: 5; name: NFCORE_RNASEQ:RNASEQ:FASTQ_FASTQC_UMITOOLS_TRIMGALORE:FASTQC (GM12878_REP2); status: NEW; exit: -; error: -; workDir: /mnt/data/work/26/1d817f3bce9dda7f92c35f1d5173d8]
~> TaskHandler[id: 15; name: NFCORE_RNASEQ:RNASEQ:FASTQ_FASTQC_UMITOOLS_TRIMGALORE:FASTQC (MCF7_REP1); status: NEW; exit: -; error: -; workDir: /mnt/data/work/fc/a2e7937c48a82ab3a9a50e6358feb7]
~> TaskHandler[id: 11; name: NFCORE_RNASEQ:RNASEQ:FASTQ_FASTQC_UMITOOLS_TRIMGALORE:TRIMGALORE (MCF7_REP1); status: NEW; exit: -; error: -; workDir: /mnt/data/work/80/80a350b035d9f4b05177d1c6dbef48]
~> TaskHandler[id: 2; name: NFCORE_RNASEQ:RNASEQ:PREPARE_GENOME:GTF_FILTER (genome.fa); status: NEW; exit: -; error: -; workDir: /mnt/data/work/ad/d74d39984b25283af17d5032b8d98e]
~> TaskHandler[id: 10; name: NFCORE_RNASEQ:RNASEQ:FASTQ_FASTQC_UMITOOLS_TRIMGALORE:TRIMGALORE (K562_REP2); status: NEW; exit: -; error: -; workDir: /mnt/data/work/1c/82797cec3824d484dccc52b9bb515f]
~> TaskHandler[id: 9; name: NFCORE_RNASEQ:RNASEQ:FASTQ_FASTQC_UMITOOLS_TRIMGALORE:FASTQC (K562_REP2); status: NEW; exit: -; error: -; workDir: /mnt/data/work/d3/96cecdd79957d3e6b533db369ae546]
~> TaskHandler[id: 18; name: NFCORE_RNASEQ:RNASEQ:FASTQ_FASTQC_UMITOOLS_TRIMGALORE:FASTQC (H1_REP2); status: NEW; exit: -; error: -; workDir: /mnt/data/work/dd/d216219b3484f8a0de2f5a3c569e05]
~> TaskHandler[id: 14; name: NFCORE_RNASEQ:RNASEQ:FASTQ_FASTQC_UMITOOLS_TRIMGALORE:TRIMGALORE (H1_REP2); status: NEW; exit: -; error: -; workDir: /mnt/data/work/06/ec5c823fa5d467f7743995d0d65bdf]
Mar-20 09:30:27.698 [Task monitor] DEBUG n.processor.TaskPollingMonitor - !! executor local > tasks to be completed: 1 -- submitted tasks are shown below
~> TaskHandler[id: 6; name: NFCORE_RNASEQ:RNASEQ:FASTQ_FASTQC_UMITOOLS_TRIMGALORE:TRIMGALORE (GM12878_REP2); status: RUNNING; exit: -; error: -; workDir: /mnt/data/work/dd/61022ecc14eaaf5cfa45d12f6e44fd]
Mar-20 09:33:21.383 [Task monitor] DEBUG n.processor.TaskPollingMonitor - Task completed > TaskHandler[id: 6; name: NFCORE_RNASEQ:RNASEQ:FASTQ_FASTQC_UMITOOLS_TRIMGALORE:TRIMGALORE (GM12878_REP2); status: COMPLETED; exit: 0; error: -; workDir: /mnt/data/work/dd/61022ecc14eaaf5cfa45d12f6e44fd]
Mar-20 09:33:21.391 [Task submitter] DEBUG n.executor.local.LocalTaskHandler - Launch cmd line: /bin/bash -ue .command.run
Mar-20 09:33:21.392 [Task submitter] INFO  nextflow.Session - [26/1d817f] Submitted process > NFCORE_RNASEQ:RNASEQ:FASTQ_FASTQC_UMITOOLS_TRIMGALORE:FASTQC (GM12878_REP2)
Mar-20 09:33:21.394 [TaskFinalizer-10] DEBUG nextflow.processor.TaskProcessor - Process NFCORE_RNASEQ:RNASEQ:FASTQ_FASTQC_UMITOOLS_TRIMGALORE:TRIMGALORE > Skipping output binding because one or more optional files are missing: fileoutparam<2:1>
Mar-20 09:33:30.395 [Task submitter] DEBUG n.processor.TaskPollingMonitor - %% executor local > tasks in the submission queue: 7 -- tasks to be submitted are shown below
~> TaskHandler[id: 15; name: NFCORE_RNASEQ:RNASEQ:FASTQ_FASTQC_UMITOOLS_TRIMGALORE:FASTQC (MCF7_REP1); status: NEW; exit: -; error: -; workDir: /mnt/data/work/fc/a2e7937c48a82ab3a9a50e6358feb7]
~> TaskHandler[id: 11; name: NFCORE_RNASEQ:RNASEQ:FASTQ_FASTQC_UMITOOLS_TRIMGALORE:TRIMGALORE (MCF7_REP1); status: NEW; exit: -; error: -; workDir: /mnt/data/work/80/80a350b035d9f4b05177d1c6dbef48]
~> TaskHandler[id: 2; name: NFCORE_RNASEQ:RNASEQ:PREPARE_GENOME:GTF_FILTER (genome.fa); status: NEW; exit: -; error: -; workDir: /mnt/data/work/ad/d74d39984b25283af17d5032b8d98e]
~> TaskHandler[id: 10; name: NFCORE_RNASEQ:RNASEQ:FASTQ_FASTQC_UMITOOLS_TRIMGALORE:TRIMGALORE (K562_REP2); status: NEW; exit: -; error: -; workDir: /mnt/data/work/1c/82797cec3824d484dccc52b9bb515f]
~> TaskHandler[id: 9; name: NFCORE_RNASEQ:RNASEQ:FASTQ_FASTQC_UMITOOLS_TRIMGALORE:FASTQC (K562_REP2); status: NEW; exit: -; error: -; workDir: /mnt/data/work/d3/96cecdd79957d3e6b533db369ae546]
~> TaskHandler[id: 18; name: NFCORE_RNASEQ:RNASEQ:FASTQ_FASTQC_UMITOOLS_TRIMGALORE:FASTQC (H1_REP2); status: NEW; exit: -; error: -; workDir: /mnt/data/work/dd/d216219b3484f8a0de2f5a3c569e05]
~> TaskHandler[id: 14; name: NFCORE_RNASEQ:RNASEQ:FASTQ_FASTQC_UMITOOLS_TRIMGALORE:TRIMGALORE (H1_REP2); status: NEW; exit: -; error: -; workDir: /mnt/data/work/06/ec5c823fa5d467f7743995d0d65bdf]
Mar-20 09:35:27.786 [Task monitor] DEBUG n.processor.TaskPollingMonitor - !! executor local > tasks to be completed: 1 -- submitted tasks are shown below
~> TaskHandler[id: 5; name: NFCORE_RNASEQ:RNASEQ:FASTQ_FASTQC_UMITOOLS_TRIMGALORE:FASTQC (GM12878_REP2); status: RUNNING; exit: -; error: -; workDir: /mnt/data/work/26/1d817f3bce9dda7f92c35f1d5173d8]
Mar-20 09:38:30.463 [Task submitter] DEBUG n.processor.TaskPollingMonitor - %% executor local > tasks in the submission queue: 7 -- tasks to be submitted are shown below
~> TaskHandler[id: 15; name: NFCORE_RNASEQ:RNASEQ:FASTQ_FASTQC_UMITOOLS_TRIMGALORE:FASTQC (MCF7_REP1); status: NEW; exit: -; error: -; workDir: /mnt/data/work/fc/a2e7937c48a82ab3a9a50e6358feb7]
~> TaskHandler[id: 11; name: NFCORE_RNASEQ:RNASEQ:FASTQ_FASTQC_UMITOOLS_TRIMGALORE:TRIMGALORE (MCF7_REP1); status: NEW; exit: -; error: -; workDir: /mnt/data/work/80/80a350b035d9f4b05177d1c6dbef48]
~> TaskHandler[id: 2; name: NFCORE_RNASEQ:RNASEQ:PREPARE_GENOME:GTF_FILTER (genome.fa); status: NEW; exit: -; error: -; workDir: /mnt/data/work/ad/d74d39984b25283af17d5032b8d98e]
~> TaskHandler[id: 10; name: NFCORE_RNASEQ:RNASEQ:FASTQ_FASTQC_UMITOOLS_TRIMGALORE:TRIMGALORE (K562_REP2); status: NEW; exit: -; error: -; workDir: /mnt/data/work/1c/82797cec3824d484dccc52b9bb515f]
~> TaskHandler[id: 9; name: NFCORE_RNASEQ:RNASEQ:FASTQ_FASTQC_UMITOOLS_TRIMGALORE:FASTQC (K562_REP2); status: NEW; exit: -; error: -; workDir: /mnt/data/work/d3/96cecdd79957d3e6b533db369ae546]
~> TaskHandler[id: 18; name: NFCORE_RNASEQ:RNASEQ:FASTQ_FASTQC_UMITOOLS_TRIMGALORE:FASTQC (H1_REP2); status: NEW; exit: -; error: -; workDir: /mnt/data/work/dd/d216219b3484f8a0de2f5a3c569e05]
~> TaskHandler[id: 14; name: NFCORE_RNASEQ:RNASEQ:FASTQ_FASTQC_UMITOOLS_TRIMGALORE:TRIMGALORE (H1_REP2); status: NEW; exit: -; error: -; workDir: /mnt/data/work/06/ec5c823fa5d467f7743995d0d65bdf]
Mar-20 09:40:27.793 [Task monitor] DEBUG n.processor.TaskPollingMonitor - !! executor local > tasks to be completed: 1 -- submitted tasks are shown below
~> TaskHandler[id: 5; name: NFCORE_RNASEQ:RNASEQ:FASTQ_FASTQC_UMITOOLS_TRIMGALORE:FASTQC (GM12878_REP2); status: RUNNING; exit: -; error: -; workDir: /mnt/data/work/26/1d817f3bce9dda7f92c35f1d5173d8]
Mar-20 09:40:44.103 [Task monitor] DEBUG n.processor.TaskPollingMonitor - Task completed > TaskHandler[id: 5; name: NFCORE_RNASEQ:RNASEQ:FASTQ_FASTQC_UMITOOLS_TRIMGALORE:FASTQC (GM12878_REP2); status: COMPLETED; exit: 0; error: -; workDir: /mnt/data/work/26/1d817f3bce9dda7f92c35f1d5173d8]
Mar-20 09:40:44.114 [Task submitter] DEBUG n.executor.local.LocalTaskHandler - Launch cmd line: /bin/bash -ue .command.run
Mar-20 09:40:44.114 [Task submitter] INFO  nextflow.Session - [fc/a2e793] Submitted process > NFCORE_RNASEQ:RNASEQ:FASTQ_FASTQC_UMITOOLS_TRIMGALORE:FASTQC (MCF7_REP1)
Mar-20 09:43:31.151 [Task submitter] DEBUG n.processor.TaskPollingMonitor - %% executor local > tasks in the submission queue: 6 -- tasks to be submitted are shown below
~> TaskHandler[id: 11; name: NFCORE_RNASEQ:RNASEQ:FASTQ_FASTQC_UMITOOLS_TRIMGALORE:TRIMGALORE (MCF7_REP1); status: NEW; exit: -; error: -; workDir: /mnt/data/work/80/80a350b035d9f4b05177d1c6dbef48]
~> TaskHandler[id: 2; name: NFCORE_RNASEQ:RNASEQ:PREPARE_GENOME:GTF_FILTER (genome.fa); status: NEW; exit: -; error: -; workDir: /mnt/data/work/ad/d74d39984b25283af17d5032b8d98e]
~> TaskHandler[id: 10; name: NFCORE_RNASEQ:RNASEQ:FASTQ_FASTQC_UMITOOLS_TRIMGALORE:TRIMGALORE (K562_REP2); status: NEW; exit: -; error: -; workDir: /mnt/data/work/1c/82797cec3824d484dccc52b9bb515f]
~> TaskHandler[id: 9; name: NFCORE_RNASEQ:RNASEQ:FASTQ_FASTQC_UMITOOLS_TRIMGALORE:FASTQC (K562_REP2); status: NEW; exit: -; error: -; workDir: /mnt/data/work/d3/96cecdd79957d3e6b533db369ae546]
~> TaskHandler[id: 18; name: NFCORE_RNASEQ:RNASEQ:FASTQ_FASTQC_UMITOOLS_TRIMGALORE:FASTQC (H1_REP2); status: NEW; exit: -; error: -; workDir: /mnt/data/work/dd/d216219b3484f8a0de2f5a3c569e05]
~> TaskHandler[id: 14; name: NFCORE_RNASEQ:RNASEQ:FASTQ_FASTQC_UMITOOLS_TRIMGALORE:TRIMGALORE (H1_REP2); status: NEW; exit: -; error: -; workDir: /mnt/data/work/06/ec5c823fa5d467f7743995d0d65bdf]
Mar-20 09:45:27.810 [Task monitor] DEBUG n.processor.TaskPollingMonitor - !! executor local > tasks to be completed: 1 -- submitted tasks are shown below
~> TaskHandler[id: 15; name: NFCORE_RNASEQ:RNASEQ:FASTQ_FASTQC_UMITOOLS_TRIMGALORE:FASTQC (MCF7_REP1); status: RUNNING; exit: -; error: -; workDir: /mnt/data/work/fc/a2e7937c48a82ab3a9a50e6358feb7]
Mar-20 09:48:27.440 [Task monitor] DEBUG n.processor.TaskPollingMonitor - Task completed > TaskHandler[id: 15; name: NFCORE_RNASEQ:RNASEQ:FASTQ_FASTQC_UMITOOLS_TRIMGALORE:FASTQC (MCF7_REP1); status: COMPLETED; exit: 0; error: -; workDir: /mnt/data/work/fc/a2e7937c48a82ab3a9a50e6358feb7]
Mar-20 09:48:27.451 [Task submitter] DEBUG n.executor.local.LocalTaskHandler - Launch cmd line: /bin/bash -ue .command.run
Mar-20 09:48:27.451 [Task submitter] INFO  nextflow.Session - [80/80a350] Submitted process > NFCORE_RNASEQ:RNASEQ:FASTQ_FASTQC_UMITOOLS_TRIMGALORE:TRIMGALORE (MCF7_REP1)
Mar-20 09:48:31.453 [Task submitter] DEBUG n.processor.TaskPollingMonitor - %% executor local > tasks in the submission queue: 5 -- tasks to be submitted are shown below
~> TaskHandler[id: 2; name: NFCORE_RNASEQ:RNASEQ:PREPARE_GENOME:GTF_FILTER (genome.fa); status: NEW; exit: -; error: -; workDir: /mnt/data/work/ad/d74d39984b25283af17d5032b8d98e]
~> TaskHandler[id: 10; name: NFCORE_RNASEQ:RNASEQ:FASTQ_FASTQC_UMITOOLS_TRIMGALORE:TRIMGALORE (K562_REP2); status: NEW; exit: -; error: -; workDir: /mnt/data/work/1c/82797cec3824d484dccc52b9bb515f]
~> TaskHandler[id: 9; name: NFCORE_RNASEQ:RNASEQ:FASTQ_FASTQC_UMITOOLS_TRIMGALORE:FASTQC (K562_REP2); status: NEW; exit: -; error: -; workDir: /mnt/data/work/d3/96cecdd79957d3e6b533db369ae546]
~> TaskHandler[id: 18; name: NFCORE_RNASEQ:RNASEQ:FASTQ_FASTQC_UMITOOLS_TRIMGALORE:FASTQC (H1_REP2); status: NEW; exit: -; error: -; workDir: /mnt/data/work/dd/d216219b3484f8a0de2f5a3c569e05]
~> TaskHandler[id: 14; name: NFCORE_RNASEQ:RNASEQ:FASTQ_FASTQC_UMITOOLS_TRIMGALORE:TRIMGALORE (H1_REP2); status: NEW; exit: -; error: -; workDir: /mnt/data/work/06/ec5c823fa5d467f7743995d0d65bdf]
Mar-20 09:50:27.839 [Task monitor] DEBUG n.processor.TaskPollingMonitor - !! executor local > tasks to be completed: 1 -- submitted tasks are shown below
~> TaskHandler[id: 11; name: NFCORE_RNASEQ:RNASEQ:FASTQ_FASTQC_UMITOOLS_TRIMGALORE:TRIMGALORE (MCF7_REP1); status: RUNNING; exit: -; error: -; workDir: /mnt/data/work/80/80a350b035d9f4b05177d1c6dbef48]
Mar-20 09:53:31.541 [Task submitter] DEBUG n.processor.TaskPollingMonitor - %% executor local > tasks in the submission queue: 5 -- tasks to be submitted are shown below
~> TaskHandler[id: 2; name: NFCORE_RNASEQ:RNASEQ:PREPARE_GENOME:GTF_FILTER (genome.fa); status: NEW; exit: -; error: -; workDir: /mnt/data/work/ad/d74d39984b25283af17d5032b8d98e]
~> TaskHandler[id: 10; name: NFCORE_RNASEQ:RNASEQ:FASTQ_FASTQC_UMITOOLS_TRIMGALORE:TRIMGALORE (K562_REP2); status: NEW; exit: -; error: -; workDir: /mnt/data/work/1c/82797cec3824d484dccc52b9bb515f]
~> TaskHandler[id: 9; name: NFCORE_RNASEQ:RNASEQ:FASTQ_FASTQC_UMITOOLS_TRIMGALORE:FASTQC (K562_REP2); status: NEW; exit: -; error: -; workDir: /mnt/data/work/d3/96cecdd79957d3e6b533db369ae546]
~> TaskHandler[id: 18; name: NFCORE_RNASEQ:RNASEQ:FASTQ_FASTQC_UMITOOLS_TRIMGALORE:FASTQC (H1_REP2); status: NEW; exit: -; error: -; workDir: /mnt/data/work/dd/d216219b3484f8a0de2f5a3c569e05]
~> TaskHandler[id: 14; name: NFCORE_RNASEQ:RNASEQ:FASTQ_FASTQC_UMITOOLS_TRIMGALORE:TRIMGALORE (H1_REP2); status: NEW; exit: -; error: -; workDir: /mnt/data/work/06/ec5c823fa5d467f7743995d0d65bdf]
Mar-20 09:55:27.911 [Task monitor] DEBUG n.processor.TaskPollingMonitor - !! executor local > tasks to be completed: 1 -- submitted tasks are shown below
~> TaskHandler[id: 11; name: NFCORE_RNASEQ:RNASEQ:FASTQ_FASTQC_UMITOOLS_TRIMGALORE:TRIMGALORE (MCF7_REP1); status: RUNNING; exit: -; error: -; workDir: /mnt/data/work/80/80a350b035d9f4b05177d1c6dbef48]
Mar-20 09:58:31.635 [Task submitter] DEBUG n.processor.TaskPollingMonitor - %% executor local > tasks in the submission queue: 5 -- tasks to be submitted are shown below
~> TaskHandler[id: 2; name: NFCORE_RNASEQ:RNASEQ:PREPARE_GENOME:GTF_FILTER (genome.fa); status: NEW; exit: -; error: -; workDir: /mnt/data/work/ad/d74d39984b25283af17d5032b8d98e]
~> TaskHandler[id: 10; name: NFCORE_RNASEQ:RNASEQ:FASTQ_FASTQC_UMITOOLS_TRIMGALORE:TRIMGALORE (K562_REP2); status: NEW; exit: -; error: -; workDir: /mnt/data/work/1c/82797cec3824d484dccc52b9bb515f]
~> TaskHandler[id: 9; name: NFCORE_RNASEQ:RNASEQ:FASTQ_FASTQC_UMITOOLS_TRIMGALORE:FASTQC (K562_REP2); status: NEW; exit: -; error: -; workDir: /mnt/data/work/d3/96cecdd79957d3e6b533db369ae546]
~> TaskHandler[id: 18; name: NFCORE_RNASEQ:RNASEQ:FASTQ_FASTQC_UMITOOLS_TRIMGALORE:FASTQC (H1_REP2); status: NEW; exit: -; error: -; workDir: /mnt/data/work/dd/d216219b3484f8a0de2f5a3c569e05]
~> TaskHandler[id: 14; name: NFCORE_RNASEQ:RNASEQ:FASTQ_FASTQC_UMITOOLS_TRIMGALORE:TRIMGALORE (H1_REP2); status: NEW; exit: -; error: -; workDir: /mnt/data/work/06/ec5c823fa5d467f7743995d0d65bdf]
Mar-20 10:00:27.982 [Task monitor] DEBUG n.processor.TaskPollingMonitor - !! executor local > tasks to be completed: 1 -- submitted tasks are shown below
~> TaskHandler[id: 11; name: NFCORE_RNASEQ:RNASEQ:FASTQ_FASTQC_UMITOOLS_TRIMGALORE:TRIMGALORE (MCF7_REP1); status: RUNNING; exit: -; error: -; workDir: /mnt/data/work/80/80a350b035d9f4b05177d1c6dbef48]
Mar-20 10:03:31.742 [Task submitter] DEBUG n.processor.TaskPollingMonitor - %% executor local > tasks in the submission queue: 5 -- tasks to be submitted are shown below
~> TaskHandler[id: 2; name: NFCORE_RNASEQ:RNASEQ:PREPARE_GENOME:GTF_FILTER (genome.fa); status: NEW; exit: -; error: -; workDir: /mnt/data/work/ad/d74d39984b25283af17d5032b8d98e]
~> TaskHandler[id: 10; name: NFCORE_RNASEQ:RNASEQ:FASTQ_FASTQC_UMITOOLS_TRIMGALORE:TRIMGALORE (K562_REP2); status: NEW; exit: -; error: -; workDir: /mnt/data/work/1c/82797cec3824d484dccc52b9bb515f]
~> TaskHandler[id: 9; name: NFCORE_RNASEQ:RNASEQ:FASTQ_FASTQC_UMITOOLS_TRIMGALORE:FASTQC (K562_REP2); status: NEW; exit: -; error: -; workDir: /mnt/data/work/d3/96cecdd79957d3e6b533db369ae546]
~> TaskHandler[id: 18; name: NFCORE_RNASEQ:RNASEQ:FASTQ_FASTQC_UMITOOLS_TRIMGALORE:FASTQC (H1_REP2); status: NEW; exit: -; error: -; workDir: /mnt/data/work/dd/d216219b3484f8a0de2f5a3c569e05]
~> TaskHandler[id: 14; name: NFCORE_RNASEQ:RNASEQ:FASTQ_FASTQC_UMITOOLS_TRIMGALORE:TRIMGALORE (H1_REP2); status: NEW; exit: -; error: -; workDir: /mnt/data/work/06/ec5c823fa5d467f7743995d0d65bdf]
Mar-20 10:05:28.068 [Task monitor] DEBUG n.processor.TaskPollingMonitor - !! executor local > tasks to be completed: 1 -- submitted tasks are shown below
~> TaskHandler[id: 11; name: NFCORE_RNASEQ:RNASEQ:FASTQ_FASTQC_UMITOOLS_TRIMGALORE:TRIMGALORE (MCF7_REP1); status: RUNNING; exit: -; error: -; workDir: /mnt/data/work/80/80a350b035d9f4b05177d1c6dbef48]
Mar-20 10:08:31.850 [Task submitter] DEBUG n.processor.TaskPollingMonitor - %% executor local > tasks in the submission queue: 5 -- tasks to be submitted are shown below
~> TaskHandler[id: 2; name: NFCORE_RNASEQ:RNASEQ:PREPARE_GENOME:GTF_FILTER (genome.fa); status: NEW; exit: -; error: -; workDir: /mnt/data/work/ad/d74d39984b25283af17d5032b8d98e]
~> TaskHandler[id: 10; name: NFCORE_RNASEQ:RNASEQ:FASTQ_FASTQC_UMITOOLS_TRIMGALORE:TRIMGALORE (K562_REP2); status: NEW; exit: -; error: -; workDir: /mnt/data/work/1c/82797cec3824d484dccc52b9bb515f]
~> TaskHandler[id: 9; name: NFCORE_RNASEQ:RNASEQ:FASTQ_FASTQC_UMITOOLS_TRIMGALORE:FASTQC (K562_REP2); status: NEW; exit: -; error: -; workDir: /mnt/data/work/d3/96cecdd79957d3e6b533db369ae546]
~> TaskHandler[id: 18; name: NFCORE_RNASEQ:RNASEQ:FASTQ_FASTQC_UMITOOLS_TRIMGALORE:FASTQC (H1_REP2); status: NEW; exit: -; error: -; workDir: /mnt/data/work/dd/d216219b3484f8a0de2f5a3c569e05]
~> TaskHandler[id: 14; name: NFCORE_RNASEQ:RNASEQ:FASTQ_FASTQC_UMITOOLS_TRIMGALORE:TRIMGALORE (H1_REP2); status: NEW; exit: -; error: -; workDir: /mnt/data/work/06/ec5c823fa5d467f7743995d0d65bdf]
Mar-20 10:10:28.142 [Task monitor] DEBUG n.processor.TaskPollingMonitor - !! executor local > tasks to be completed: 1 -- submitted tasks are shown below
~> TaskHandler[id: 11; name: NFCORE_RNASEQ:RNASEQ:FASTQ_FASTQC_UMITOOLS_TRIMGALORE:TRIMGALORE (MCF7_REP1); status: RUNNING; exit: -; error: -; workDir: /mnt/data/work/80/80a350b035d9f4b05177d1c6dbef48]
Mar-20 10:13:31.917 [Task submitter] DEBUG n.processor.TaskPollingMonitor - %% executor local > tasks in the submission queue: 5 -- tasks to be submitted are shown below
~> TaskHandler[id: 2; name: NFCORE_RNASEQ:RNASEQ:PREPARE_GENOME:GTF_FILTER (genome.fa); status: NEW; exit: -; error: -; workDir: /mnt/data/work/ad/d74d39984b25283af17d5032b8d98e]
~> TaskHandler[id: 10; name: NFCORE_RNASEQ:RNASEQ:FASTQ_FASTQC_UMITOOLS_TRIMGALORE:TRIMGALORE (K562_REP2); status: NEW; exit: -; error: -; workDir: /mnt/data/work/1c/82797cec3824d484dccc52b9bb515f]
~> TaskHandler[id: 9; name: NFCORE_RNASEQ:RNASEQ:FASTQ_FASTQC_UMITOOLS_TRIMGALORE:FASTQC (K562_REP2); status: NEW; exit: -; error: -; workDir: /mnt/data/work/d3/96cecdd79957d3e6b533db369ae546]
~> TaskHandler[id: 18; name: NFCORE_RNASEQ:RNASEQ:FASTQ_FASTQC_UMITOOLS_TRIMGALORE:FASTQC (H1_REP2); status: NEW; exit: -; error: -; workDir: /mnt/data/work/dd/d216219b3484f8a0de2f5a3c569e05]
~> TaskHandler[id: 14; name: NFCORE_RNASEQ:RNASEQ:FASTQ_FASTQC_UMITOOLS_TRIMGALORE:TRIMGALORE (H1_REP2); status: NEW; exit: -; error: -; workDir: /mnt/data/work/06/ec5c823fa5d467f7743995d0d65bdf]
Mar-20 10:15:28.236 [Task monitor] DEBUG n.processor.TaskPollingMonitor - !! executor local > tasks to be completed: 1 -- submitted tasks are shown below
~> TaskHandler[id: 11; name: NFCORE_RNASEQ:RNASEQ:FASTQ_FASTQC_UMITOOLS_TRIMGALORE:TRIMGALORE (MCF7_REP1); status: RUNNING; exit: -; error: -; workDir: /mnt/data/work/80/80a350b035d9f4b05177d1c6dbef48]
Mar-20 10:18:31.965 [Task submitter] DEBUG n.processor.TaskPollingMonitor - %% executor local > tasks in the submission queue: 5 -- tasks to be submitted are shown below
~> TaskHandler[id: 2; name: NFCORE_RNASEQ:RNASEQ:PREPARE_GENOME:GTF_FILTER (genome.fa); status: NEW; exit: -; error: -; workDir: /mnt/data/work/ad/d74d39984b25283af17d5032b8d98e]
~> TaskHandler[id: 10; name: NFCORE_RNASEQ:RNASEQ:FASTQ_FASTQC_UMITOOLS_TRIMGALORE:TRIMGALORE (K562_REP2); status: NEW; exit: -; error: -; workDir: /mnt/data/work/1c/82797cec3824d484dccc52b9bb515f]
~> TaskHandler[id: 9; name: NFCORE_RNASEQ:RNASEQ:FASTQ_FASTQC_UMITOOLS_TRIMGALORE:FASTQC (K562_REP2); status: NEW; exit: -; error: -; workDir: /mnt/data/work/d3/96cecdd79957d3e6b533db369ae546]
~> TaskHandler[id: 18; name: NFCORE_RNASEQ:RNASEQ:FASTQ_FASTQC_UMITOOLS_TRIMGALORE:FASTQC (H1_REP2); status: NEW; exit: -; error: -; workDir: /mnt/data/work/dd/d216219b3484f8a0de2f5a3c569e05]
~> TaskHandler[id: 14; name: NFCORE_RNASEQ:RNASEQ:FASTQ_FASTQC_UMITOOLS_TRIMGALORE:TRIMGALORE (H1_REP2); status: NEW; exit: -; error: -; workDir: /mnt/data/work/06/ec5c823fa5d467f7743995d0d65bdf]
Mar-20 10:20:28.324 [Task monitor] DEBUG n.processor.TaskPollingMonitor - !! executor local > tasks to be completed: 1 -- submitted tasks are shown below
~> TaskHandler[id: 11; name: NFCORE_RNASEQ:RNASEQ:FASTQ_FASTQC_UMITOOLS_TRIMGALORE:TRIMGALORE (MCF7_REP1); status: RUNNING; exit: -; error: -; workDir: /mnt/data/work/80/80a350b035d9f4b05177d1c6dbef48]
Mar-20 10:23:32.008 [Task submitter] DEBUG n.processor.TaskPollingMonitor - %% executor local > tasks in the submission queue: 5 -- tasks to be submitted are shown below
~> TaskHandler[id: 2; name: NFCORE_RNASEQ:RNASEQ:PREPARE_GENOME:GTF_FILTER (genome.fa); status: NEW; exit: -; error: -; workDir: /mnt/data/work/ad/d74d39984b25283af17d5032b8d98e]
~> TaskHandler[id: 10; name: NFCORE_RNASEQ:RNASEQ:FASTQ_FASTQC_UMITOOLS_TRIMGALORE:TRIMGALORE (K562_REP2); status: NEW; exit: -; error: -; workDir: /mnt/data/work/1c/82797cec3824d484dccc52b9bb515f]
~> TaskHandler[id: 9; name: NFCORE_RNASEQ:RNASEQ:FASTQ_FASTQC_UMITOOLS_TRIMGALORE:FASTQC (K562_REP2); status: NEW; exit: -; error: -; workDir: /mnt/data/work/d3/96cecdd79957d3e6b533db369ae546]
~> TaskHandler[id: 18; name: NFCORE_RNASEQ:RNASEQ:FASTQ_FASTQC_UMITOOLS_TRIMGALORE:FASTQC (H1_REP2); status: NEW; exit: -; error: -; workDir: /mnt/data/work/dd/d216219b3484f8a0de2f5a3c569e05]
~> TaskHandler[id: 14; name: NFCORE_RNASEQ:RNASEQ:FASTQ_FASTQC_UMITOOLS_TRIMGALORE:TRIMGALORE (H1_REP2); status: NEW; exit: -; error: -; workDir: /mnt/data/work/06/ec5c823fa5d467f7743995d0d65bdf]
Mar-20 10:25:28.395 [Task monitor] DEBUG n.processor.TaskPollingMonitor - !! executor local > tasks to be completed: 1 -- submitted tasks are shown below
~> TaskHandler[id: 11; name: NFCORE_RNASEQ:RNASEQ:FASTQ_FASTQC_UMITOOLS_TRIMGALORE:TRIMGALORE (MCF7_REP1); status: RUNNING; exit: -; error: -; workDir: /mnt/data/work/80/80a350b035d9f4b05177d1c6dbef48]
Mar-20 10:28:32.077 [Task submitter] DEBUG n.processor.TaskPollingMonitor - %% executor local > tasks in the submission queue: 5 -- tasks to be submitted are shown below
~> TaskHandler[id: 2; name: NFCORE_RNASEQ:RNASEQ:PREPARE_GENOME:GTF_FILTER (genome.fa); status: NEW; exit: -; error: -; workDir: /mnt/data/work/ad/d74d39984b25283af17d5032b8d98e]
~> TaskHandler[id: 10; name: NFCORE_RNASEQ:RNASEQ:FASTQ_FASTQC_UMITOOLS_TRIMGALORE:TRIMGALORE (K562_REP2); status: NEW; exit: -; error: -; workDir: /mnt/data/work/1c/82797cec3824d484dccc52b9bb515f]
~> TaskHandler[id: 9; name: NFCORE_RNASEQ:RNASEQ:FASTQ_FASTQC_UMITOOLS_TRIMGALORE:FASTQC (K562_REP2); status: NEW; exit: -; error: -; workDir: /mnt/data/work/d3/96cecdd79957d3e6b533db369ae546]
~> TaskHandler[id: 18; name: NFCORE_RNASEQ:RNASEQ:FASTQ_FASTQC_UMITOOLS_TRIMGALORE:FASTQC (H1_REP2); status: NEW; exit: -; error: -; workDir: /mnt/data/work/dd/d216219b3484f8a0de2f5a3c569e05]
~> TaskHandler[id: 14; name: NFCORE_RNASEQ:RNASEQ:FASTQ_FASTQC_UMITOOLS_TRIMGALORE:TRIMGALORE (H1_REP2); status: NEW; exit: -; error: -; workDir: /mnt/data/work/06/ec5c823fa5d467f7743995d0d65bdf]
Mar-20 10:30:28.481 [Task monitor] DEBUG n.processor.TaskPollingMonitor - !! executor local > tasks to be completed: 1 -- submitted tasks are shown below
~> TaskHandler[id: 11; name: NFCORE_RNASEQ:RNASEQ:FASTQ_FASTQC_UMITOOLS_TRIMGALORE:TRIMGALORE (MCF7_REP1); status: RUNNING; exit: -; error: -; workDir: /mnt/data/work/80/80a350b035d9f4b05177d1c6dbef48]
Mar-20 10:33:32.152 [Task submitter] DEBUG n.processor.TaskPollingMonitor - %% executor local > tasks in the submission queue: 5 -- tasks to be submitted are shown below
~> TaskHandler[id: 2; name: NFCORE_RNASEQ:RNASEQ:PREPARE_GENOME:GTF_FILTER (genome.fa); status: NEW; exit: -; error: -; workDir: /mnt/data/work/ad/d74d39984b25283af17d5032b8d98e]
~> TaskHandler[id: 10; name: NFCORE_RNASEQ:RNASEQ:FASTQ_FASTQC_UMITOOLS_TRIMGALORE:TRIMGALORE (K562_REP2); status: NEW; exit: -; error: -; workDir: /mnt/data/work/1c/82797cec3824d484dccc52b9bb515f]
~> TaskHandler[id: 9; name: NFCORE_RNASEQ:RNASEQ:FASTQ_FASTQC_UMITOOLS_TRIMGALORE:FASTQC (K562_REP2); status: NEW; exit: -; error: -; workDir: /mnt/data/work/d3/96cecdd79957d3e6b533db369ae546]
~> TaskHandler[id: 18; name: NFCORE_RNASEQ:RNASEQ:FASTQ_FASTQC_UMITOOLS_TRIMGALORE:FASTQC (H1_REP2); status: NEW; exit: -; error: -; workDir: /mnt/data/work/dd/d216219b3484f8a0de2f5a3c569e05]
~> TaskHandler[id: 14; name: NFCORE_RNASEQ:RNASEQ:FASTQ_FASTQC_UMITOOLS_TRIMGALORE:TRIMGALORE (H1_REP2); status: NEW; exit: -; error: -; workDir: /mnt/data/work/06/ec5c823fa5d467f7743995d0d65bdf]
Mar-20 10:35:28.530 [Task monitor] DEBUG n.processor.TaskPollingMonitor - !! executor local > tasks to be completed: 1 -- submitted tasks are shown below
~> TaskHandler[id: 11; name: NFCORE_RNASEQ:RNASEQ:FASTQ_FASTQC_UMITOOLS_TRIMGALORE:TRIMGALORE (MCF7_REP1); status: RUNNING; exit: -; error: -; workDir: /mnt/data/work/80/80a350b035d9f4b05177d1c6dbef48]
Mar-20 10:37:30.570 [Task monitor] DEBUG n.processor.TaskPollingMonitor - Task completed > TaskHandler[id: 11; name: NFCORE_RNASEQ:RNASEQ:FASTQ_FASTQC_UMITOOLS_TRIMGALORE:TRIMGALORE (MCF7_REP1); status: COMPLETED; exit: 0; error: -; workDir: /mnt/data/work/80/80a350b035d9f4b05177d1c6dbef48]
Mar-20 10:37:30.580 [TaskFinalizer-3] DEBUG nextflow.processor.TaskProcessor - Process NFCORE_RNASEQ:RNASEQ:FASTQ_FASTQC_UMITOOLS_TRIMGALORE:TRIMGALORE > Skipping output binding because one or more optional files are missing: fileoutparam<2:1>
Mar-20 10:37:30.582 [Task submitter] DEBUG n.executor.local.LocalTaskHandler - Launch cmd line: /bin/bash -ue .command.run
Mar-20 10:37:30.582 [Task submitter] INFO  nextflow.Session - [ad/d74d39] Submitted process > NFCORE_RNASEQ:RNASEQ:PREPARE_GENOME:GTF_FILTER (genome.fa)
Mar-20 10:38:13.102 [Task monitor] DEBUG n.processor.TaskPollingMonitor - Task completed > TaskHandler[id: 2; name: NFCORE_RNASEQ:RNASEQ:PREPARE_GENOME:GTF_FILTER (genome.fa); status: COMPLETED; exit: 0; error: -; workDir: /mnt/data/work/ad/d74d39984b25283af17d5032b8d98e]
Mar-20 10:38:13.114 [Task submitter] DEBUG n.executor.local.LocalTaskHandler - Launch cmd line: /bin/bash -ue .command.run
Mar-20 10:38:13.115 [Task submitter] INFO  nextflow.Session - [1c/82797c] Submitted process > NFCORE_RNASEQ:RNASEQ:FASTQ_FASTQC_UMITOOLS_TRIMGALORE:TRIMGALORE (K562_REP2)
Mar-20 10:38:33.141 [Task submitter] DEBUG n.processor.TaskPollingMonitor - %% executor local > tasks in the submission queue: 5 -- tasks to be submitted are shown below
~> TaskHandler[id: 9; name: NFCORE_RNASEQ:RNASEQ:FASTQ_FASTQC_UMITOOLS_TRIMGALORE:FASTQC (K562_REP2); status: NEW; exit: -; error: -; workDir: /mnt/data/work/d3/96cecdd79957d3e6b533db369ae546]
~> TaskHandler[id: 18; name: NFCORE_RNASEQ:RNASEQ:FASTQ_FASTQC_UMITOOLS_TRIMGALORE:FASTQC (H1_REP2); status: NEW; exit: -; error: -; workDir: /mnt/data/work/dd/d216219b3484f8a0de2f5a3c569e05]
~> TaskHandler[id: 14; name: NFCORE_RNASEQ:RNASEQ:FASTQ_FASTQC_UMITOOLS_TRIMGALORE:TRIMGALORE (H1_REP2); status: NEW; exit: -; error: -; workDir: /mnt/data/work/06/ec5c823fa5d467f7743995d0d65bdf]
~> TaskHandler[id: 20; name: NFCORE_RNASEQ:RNASEQ:PREPARE_GENOME:HISAT2_EXTRACTSPLICESITES (genome.filtered.gtf); status: NEW; exit: -; error: -; workDir: /mnt/data/work/1a/14d54ca7c5910ca324778a6a271212]
~> TaskHandler[id: 19; name: NFCORE_RNASEQ:RNASEQ:PREPARE_GENOME:MAKE_TRANSCRIPTS_FASTA (rsem/genome.fa); status: NEW; exit: -; error: -; workDir: /mnt/data/work/95/811dda50a4d266e677340ab21b1515]
Mar-20 10:40:28.553 [Task monitor] DEBUG n.processor.TaskPollingMonitor - !! executor local > tasks to be completed: 1 -- submitted tasks are shown below
~> TaskHandler[id: 10; name: NFCORE_RNASEQ:RNASEQ:FASTQ_FASTQC_UMITOOLS_TRIMGALORE:TRIMGALORE (K562_REP2); status: RUNNING; exit: -; error: -; workDir: /mnt/data/work/1c/82797cec3824d484dccc52b9bb515f]
Mar-20 10:43:33.207 [Task submitter] DEBUG n.processor.TaskPollingMonitor - %% executor local > tasks in the submission queue: 5 -- tasks to be submitted are shown below
~> TaskHandler[id: 9; name: NFCORE_RNASEQ:RNASEQ:FASTQ_FASTQC_UMITOOLS_TRIMGALORE:FASTQC (K562_REP2); status: NEW; exit: -; error: -; workDir: /mnt/data/work/d3/96cecdd79957d3e6b533db369ae546]
~> TaskHandler[id: 18; name: NFCORE_RNASEQ:RNASEQ:FASTQ_FASTQC_UMITOOLS_TRIMGALORE:FASTQC (H1_REP2); status: NEW; exit: -; error: -; workDir: /mnt/data/work/dd/d216219b3484f8a0de2f5a3c569e05]
~> TaskHandler[id: 14; name: NFCORE_RNASEQ:RNASEQ:FASTQ_FASTQC_UMITOOLS_TRIMGALORE:TRIMGALORE (H1_REP2); status: NEW; exit: -; error: -; workDir: /mnt/data/work/06/ec5c823fa5d467f7743995d0d65bdf]
~> TaskHandler[id: 20; name: NFCORE_RNASEQ:RNASEQ:PREPARE_GENOME:HISAT2_EXTRACTSPLICESITES (genome.filtered.gtf); status: NEW; exit: -; error: -; workDir: /mnt/data/work/1a/14d54ca7c5910ca324778a6a271212]
~> TaskHandler[id: 19; name: NFCORE_RNASEQ:RNASEQ:PREPARE_GENOME:MAKE_TRANSCRIPTS_FASTA (rsem/genome.fa); status: NEW; exit: -; error: -; workDir: /mnt/data/work/95/811dda50a4d266e677340ab21b1515]
Mar-20 10:45:28.625 [Task monitor] DEBUG n.processor.TaskPollingMonitor - !! executor local > tasks to be completed: 1 -- submitted tasks are shown below
~> TaskHandler[id: 10; name: NFCORE_RNASEQ:RNASEQ:FASTQ_FASTQC_UMITOOLS_TRIMGALORE:TRIMGALORE (K562_REP2); status: RUNNING; exit: -; error: -; workDir: /mnt/data/work/1c/82797cec3824d484dccc52b9bb515f]
Mar-20 10:48:33.278 [Task submitter] DEBUG n.processor.TaskPollingMonitor - %% executor local > tasks in the submission queue: 5 -- tasks to be submitted are shown below
~> TaskHandler[id: 9; name: NFCORE_RNASEQ:RNASEQ:FASTQ_FASTQC_UMITOOLS_TRIMGALORE:FASTQC (K562_REP2); status: NEW; exit: -; error: -; workDir: /mnt/data/work/d3/96cecdd79957d3e6b533db369ae546]
~> TaskHandler[id: 18; name: NFCORE_RNASEQ:RNASEQ:FASTQ_FASTQC_UMITOOLS_TRIMGALORE:FASTQC (H1_REP2); status: NEW; exit: -; error: -; workDir: /mnt/data/work/dd/d216219b3484f8a0de2f5a3c569e05]
~> TaskHandler[id: 14; name: NFCORE_RNASEQ:RNASEQ:FASTQ_FASTQC_UMITOOLS_TRIMGALORE:TRIMGALORE (H1_REP2); status: NEW; exit: -; error: -; workDir: /mnt/data/work/06/ec5c823fa5d467f7743995d0d65bdf]
~> TaskHandler[id: 20; name: NFCORE_RNASEQ:RNASEQ:PREPARE_GENOME:HISAT2_EXTRACTSPLICESITES (genome.filtered.gtf); status: NEW; exit: -; error: -; workDir: /mnt/data/work/1a/14d54ca7c5910ca324778a6a271212]
~> TaskHandler[id: 19; name: NFCORE_RNASEQ:RNASEQ:PREPARE_GENOME:MAKE_TRANSCRIPTS_FASTA (rsem/genome.fa); status: NEW; exit: -; error: -; workDir: /mnt/data/work/95/811dda50a4d266e677340ab21b1515]
Mar-20 10:50:28.683 [Task monitor] DEBUG n.processor.TaskPollingMonitor - !! executor local > tasks to be completed: 1 -- submitted tasks are shown below
~> TaskHandler[id: 10; name: NFCORE_RNASEQ:RNASEQ:FASTQ_FASTQC_UMITOOLS_TRIMGALORE:TRIMGALORE (K562_REP2); status: RUNNING; exit: -; error: -; workDir: /mnt/data/work/1c/82797cec3824d484dccc52b9bb515f]
Mar-20 10:53:33.336 [Task submitter] DEBUG n.processor.TaskPollingMonitor - %% executor local > tasks in the submission queue: 5 -- tasks to be submitted are shown below
~> TaskHandler[id: 9; name: NFCORE_RNASEQ:RNASEQ:FASTQ_FASTQC_UMITOOLS_TRIMGALORE:FASTQC (K562_REP2); status: NEW; exit: -; error: -; workDir: /mnt/data/work/d3/96cecdd79957d3e6b533db369ae546]
~> TaskHandler[id: 18; name: NFCORE_RNASEQ:RNASEQ:FASTQ_FASTQC_UMITOOLS_TRIMGALORE:FASTQC (H1_REP2); status: NEW; exit: -; error: -; workDir: /mnt/data/work/dd/d216219b3484f8a0de2f5a3c569e05]
~> TaskHandler[id: 14; name: NFCORE_RNASEQ:RNASEQ:FASTQ_FASTQC_UMITOOLS_TRIMGALORE:TRIMGALORE (H1_REP2); status: NEW; exit: -; error: -; workDir: /mnt/data/work/06/ec5c823fa5d467f7743995d0d65bdf]
~> TaskHandler[id: 20; name: NFCORE_RNASEQ:RNASEQ:PREPARE_GENOME:HISAT2_EXTRACTSPLICESITES (genome.filtered.gtf); status: NEW; exit: -; error: -; workDir: /mnt/data/work/1a/14d54ca7c5910ca324778a6a271212]
~> TaskHandler[id: 19; name: NFCORE_RNASEQ:RNASEQ:PREPARE_GENOME:MAKE_TRANSCRIPTS_FASTA (rsem/genome.fa); status: NEW; exit: -; error: -; workDir: /mnt/data/work/95/811dda50a4d266e677340ab21b1515]
Mar-20 10:55:28.697 [Task monitor] DEBUG n.processor.TaskPollingMonitor - !! executor local > tasks to be completed: 1 -- submitted tasks are shown below
~> TaskHandler[id: 10; name: NFCORE_RNASEQ:RNASEQ:FASTQ_FASTQC_UMITOOLS_TRIMGALORE:TRIMGALORE (K562_REP2); status: RUNNING; exit: -; error: -; workDir: /mnt/data/work/1c/82797cec3824d484dccc52b9bb515f]
Mar-20 10:58:33.404 [Task submitter] DEBUG n.processor.TaskPollingMonitor - %% executor local > tasks in the submission queue: 5 -- tasks to be submitted are shown below
~> TaskHandler[id: 9; name: NFCORE_RNASEQ:RNASEQ:FASTQ_FASTQC_UMITOOLS_TRIMGALORE:FASTQC (K562_REP2); status: NEW; exit: -; error: -; workDir: /mnt/data/work/d3/96cecdd79957d3e6b533db369ae546]
~> TaskHandler[id: 18; name: NFCORE_RNASEQ:RNASEQ:FASTQ_FASTQC_UMITOOLS_TRIMGALORE:FASTQC (H1_REP2); status: NEW; exit: -; error: -; workDir: /mnt/data/work/dd/d216219b3484f8a0de2f5a3c569e05]
~> TaskHandler[id: 14; name: NFCORE_RNASEQ:RNASEQ:FASTQ_FASTQC_UMITOOLS_TRIMGALORE:TRIMGALORE (H1_REP2); status: NEW; exit: -; error: -; workDir: /mnt/data/work/06/ec5c823fa5d467f7743995d0d65bdf]
~> TaskHandler[id: 20; name: NFCORE_RNASEQ:RNASEQ:PREPARE_GENOME:HISAT2_EXTRACTSPLICESITES (genome.filtered.gtf); status: NEW; exit: -; error: -; workDir: /mnt/data/work/1a/14d54ca7c5910ca324778a6a271212]
~> TaskHandler[id: 19; name: NFCORE_RNASEQ:RNASEQ:PREPARE_GENOME:MAKE_TRANSCRIPTS_FASTA (rsem/genome.fa); status: NEW; exit: -; error: -; workDir: /mnt/data/work/95/811dda50a4d266e677340ab21b1515]
Mar-20 11:00:28.759 [Task monitor] DEBUG n.processor.TaskPollingMonitor - !! executor local > tasks to be completed: 1 -- submitted tasks are shown below
~> TaskHandler[id: 10; name: NFCORE_RNASEQ:RNASEQ:FASTQ_FASTQC_UMITOOLS_TRIMGALORE:TRIMGALORE (K562_REP2); status: RUNNING; exit: -; error: -; workDir: /mnt/data/work/1c/82797cec3824d484dccc52b9bb515f]
Mar-20 11:03:33.465 [Task submitter] DEBUG n.processor.TaskPollingMonitor - %% executor local > tasks in the submission queue: 5 -- tasks to be submitted are shown below
~> TaskHandler[id: 9; name: NFCORE_RNASEQ:RNASEQ:FASTQ_FASTQC_UMITOOLS_TRIMGALORE:FASTQC (K562_REP2); status: NEW; exit: -; error: -; workDir: /mnt/data/work/d3/96cecdd79957d3e6b533db369ae546]
~> TaskHandler[id: 18; name: NFCORE_RNASEQ:RNASEQ:FASTQ_FASTQC_UMITOOLS_TRIMGALORE:FASTQC (H1_REP2); status: NEW; exit: -; error: -; workDir: /mnt/data/work/dd/d216219b3484f8a0de2f5a3c569e05]
~> TaskHandler[id: 14; name: NFCORE_RNASEQ:RNASEQ:FASTQ_FASTQC_UMITOOLS_TRIMGALORE:TRIMGALORE (H1_REP2); status: NEW; exit: -; error: -; workDir: /mnt/data/work/06/ec5c823fa5d467f7743995d0d65bdf]
~> TaskHandler[id: 20; name: NFCORE_RNASEQ:RNASEQ:PREPARE_GENOME:HISAT2_EXTRACTSPLICESITES (genome.filtered.gtf); status: NEW; exit: -; error: -; workDir: /mnt/data/work/1a/14d54ca7c5910ca324778a6a271212]
~> TaskHandler[id: 19; name: NFCORE_RNASEQ:RNASEQ:PREPARE_GENOME:MAKE_TRANSCRIPTS_FASTA (rsem/genome.fa); status: NEW; exit: -; error: -; workDir: /mnt/data/work/95/811dda50a4d266e677340ab21b1515]
Mar-20 11:05:28.851 [Task monitor] DEBUG n.processor.TaskPollingMonitor - !! executor local > tasks to be completed: 1 -- submitted tasks are shown below
~> TaskHandler[id: 10; name: NFCORE_RNASEQ:RNASEQ:FASTQ_FASTQC_UMITOOLS_TRIMGALORE:TRIMGALORE (K562_REP2); status: RUNNING; exit: -; error: -; workDir: /mnt/data/work/1c/82797cec3824d484dccc52b9bb515f]
Mar-20 11:08:33.512 [Task submitter] DEBUG n.processor.TaskPollingMonitor - %% executor local > tasks in the submission queue: 5 -- tasks to be submitted are shown below
~> TaskHandler[id: 9; name: NFCORE_RNASEQ:RNASEQ:FASTQ_FASTQC_UMITOOLS_TRIMGALORE:FASTQC (K562_REP2); status: NEW; exit: -; error: -; workDir: /mnt/data/work/d3/96cecdd79957d3e6b533db369ae546]
~> TaskHandler[id: 18; name: NFCORE_RNASEQ:RNASEQ:FASTQ_FASTQC_UMITOOLS_TRIMGALORE:FASTQC (H1_REP2); status: NEW; exit: -; error: -; workDir: /mnt/data/work/dd/d216219b3484f8a0de2f5a3c569e05]
~> TaskHandler[id: 14; name: NFCORE_RNASEQ:RNASEQ:FASTQ_FASTQC_UMITOOLS_TRIMGALORE:TRIMGALORE (H1_REP2); status: NEW; exit: -; error: -; workDir: /mnt/data/work/06/ec5c823fa5d467f7743995d0d65bdf]
~> TaskHandler[id: 20; name: NFCORE_RNASEQ:RNASEQ:PREPARE_GENOME:HISAT2_EXTRACTSPLICESITES (genome.filtered.gtf); status: NEW; exit: -; error: -; workDir: /mnt/data/work/1a/14d54ca7c5910ca324778a6a271212]
~> TaskHandler[id: 19; name: NFCORE_RNASEQ:RNASEQ:PREPARE_GENOME:MAKE_TRANSCRIPTS_FASTA (rsem/genome.fa); status: NEW; exit: -; error: -; workDir: /mnt/data/work/95/811dda50a4d266e677340ab21b1515]
Mar-20 11:10:28.937 [Task monitor] DEBUG n.processor.TaskPollingMonitor - !! executor local > tasks to be completed: 1 -- submitted tasks are shown below
~> TaskHandler[id: 10; name: NFCORE_RNASEQ:RNASEQ:FASTQ_FASTQC_UMITOOLS_TRIMGALORE:TRIMGALORE (K562_REP2); status: RUNNING; exit: -; error: -; workDir: /mnt/data/work/1c/82797cec3824d484dccc52b9bb515f]
Mar-20 11:13:33.551 [Task submitter] DEBUG n.processor.TaskPollingMonitor - %% executor local > tasks in the submission queue: 5 -- tasks to be submitted are shown below
~> TaskHandler[id: 9; name: NFCORE_RNASEQ:RNASEQ:FASTQ_FASTQC_UMITOOLS_TRIMGALORE:FASTQC (K562_REP2); status: NEW; exit: -; error: -; workDir: /mnt/data/work/d3/96cecdd79957d3e6b533db369ae546]
~> TaskHandler[id: 18; name: NFCORE_RNASEQ:RNASEQ:FASTQ_FASTQC_UMITOOLS_TRIMGALORE:FASTQC (H1_REP2); status: NEW; exit: -; error: -; workDir: /mnt/data/work/dd/d216219b3484f8a0de2f5a3c569e05]
~> TaskHandler[id: 14; name: NFCORE_RNASEQ:RNASEQ:FASTQ_FASTQC_UMITOOLS_TRIMGALORE:TRIMGALORE (H1_REP2); status: NEW; exit: -; error: -; workDir: /mnt/data/work/06/ec5c823fa5d467f7743995d0d65bdf]
~> TaskHandler[id: 20; name: NFCORE_RNASEQ:RNASEQ:PREPARE_GENOME:HISAT2_EXTRACTSPLICESITES (genome.filtered.gtf); status: NEW; exit: -; error: -; workDir: /mnt/data/work/1a/14d54ca7c5910ca324778a6a271212]
~> TaskHandler[id: 19; name: NFCORE_RNASEQ:RNASEQ:PREPARE_GENOME:MAKE_TRANSCRIPTS_FASTA (rsem/genome.fa); status: NEW; exit: -; error: -; workDir: /mnt/data/work/95/811dda50a4d266e677340ab21b1515]
Mar-20 11:15:29.031 [Task monitor] DEBUG n.processor.TaskPollingMonitor - !! executor local > tasks to be completed: 1 -- submitted tasks are shown below
~> TaskHandler[id: 10; name: NFCORE_RNASEQ:RNASEQ:FASTQ_FASTQC_UMITOOLS_TRIMGALORE:TRIMGALORE (K562_REP2); status: RUNNING; exit: -; error: -; workDir: /mnt/data/work/1c/82797cec3824d484dccc52b9bb515f]
Mar-20 11:18:33.590 [Task submitter] DEBUG n.processor.TaskPollingMonitor - %% executor local > tasks in the submission queue: 5 -- tasks to be submitted are shown below
~> TaskHandler[id: 9; name: NFCORE_RNASEQ:RNASEQ:FASTQ_FASTQC_UMITOOLS_TRIMGALORE:FASTQC (K562_REP2); status: NEW; exit: -; error: -; workDir: /mnt/data/work/d3/96cecdd79957d3e6b533db369ae546]
~> TaskHandler[id: 18; name: NFCORE_RNASEQ:RNASEQ:FASTQ_FASTQC_UMITOOLS_TRIMGALORE:FASTQC (H1_REP2); status: NEW; exit: -; error: -; workDir: /mnt/data/work/dd/d216219b3484f8a0de2f5a3c569e05]
~> TaskHandler[id: 14; name: NFCORE_RNASEQ:RNASEQ:FASTQ_FASTQC_UMITOOLS_TRIMGALORE:TRIMGALORE (H1_REP2); status: NEW; exit: -; error: -; workDir: /mnt/data/work/06/ec5c823fa5d467f7743995d0d65bdf]
~> TaskHandler[id: 20; name: NFCORE_RNASEQ:RNASEQ:PREPARE_GENOME:HISAT2_EXTRACTSPLICESITES (genome.filtered.gtf); status: NEW; exit: -; error: -; workDir: /mnt/data/work/1a/14d54ca7c5910ca324778a6a271212]
~> TaskHandler[id: 19; name: NFCORE_RNASEQ:RNASEQ:PREPARE_GENOME:MAKE_TRANSCRIPTS_FASTA (rsem/genome.fa); status: NEW; exit: -; error: -; workDir: /mnt/data/work/95/811dda50a4d266e677340ab21b1515]
Mar-20 11:20:29.052 [Task monitor] DEBUG n.processor.TaskPollingMonitor - !! executor local > tasks to be completed: 1 -- submitted tasks are shown below
~> TaskHandler[id: 10; name: NFCORE_RNASEQ:RNASEQ:FASTQ_FASTQC_UMITOOLS_TRIMGALORE:TRIMGALORE (K562_REP2); status: RUNNING; exit: -; error: -; workDir: /mnt/data/work/1c/82797cec3824d484dccc52b9bb515f]
Mar-20 11:23:33.656 [Task submitter] DEBUG n.processor.TaskPollingMonitor - %% executor local > tasks in the submission queue: 5 -- tasks to be submitted are shown below
~> TaskHandler[id: 9; name: NFCORE_RNASEQ:RNASEQ:FASTQ_FASTQC_UMITOOLS_TRIMGALORE:FASTQC (K562_REP2); status: NEW; exit: -; error: -; workDir: /mnt/data/work/d3/96cecdd79957d3e6b533db369ae546]
~> TaskHandler[id: 18; name: NFCORE_RNASEQ:RNASEQ:FASTQ_FASTQC_UMITOOLS_TRIMGALORE:FASTQC (H1_REP2); status: NEW; exit: -; error: -; workDir: /mnt/data/work/dd/d216219b3484f8a0de2f5a3c569e05]
~> TaskHandler[id: 14; name: NFCORE_RNASEQ:RNASEQ:FASTQ_FASTQC_UMITOOLS_TRIMGALORE:TRIMGALORE (H1_REP2); status: NEW; exit: -; error: -; workDir: /mnt/data/work/06/ec5c823fa5d467f7743995d0d65bdf]
~> TaskHandler[id: 20; name: NFCORE_RNASEQ:RNASEQ:PREPARE_GENOME:HISAT2_EXTRACTSPLICESITES (genome.filtered.gtf); status: NEW; exit: -; error: -; workDir: /mnt/data/work/1a/14d54ca7c5910ca324778a6a271212]
~> TaskHandler[id: 19; name: NFCORE_RNASEQ:RNASEQ:PREPARE_GENOME:MAKE_TRANSCRIPTS_FASTA (rsem/genome.fa); status: NEW; exit: -; error: -; workDir: /mnt/data/work/95/811dda50a4d266e677340ab21b1515]
Mar-20 11:25:29.097 [Task monitor] DEBUG n.processor.TaskPollingMonitor - !! executor local > tasks to be completed: 1 -- submitted tasks are shown below
~> TaskHandler[id: 10; name: NFCORE_RNASEQ:RNASEQ:FASTQ_FASTQC_UMITOOLS_TRIMGALORE:TRIMGALORE (K562_REP2); status: RUNNING; exit: -; error: -; workDir: /mnt/data/work/1c/82797cec3824d484dccc52b9bb515f]
Mar-20 11:28:33.725 [Task submitter] DEBUG n.processor.TaskPollingMonitor - %% executor local > tasks in the submission queue: 5 -- tasks to be submitted are shown below
~> TaskHandler[id: 9; name: NFCORE_RNASEQ:RNASEQ:FASTQ_FASTQC_UMITOOLS_TRIMGALORE:FASTQC (K562_REP2); status: NEW; exit: -; error: -; workDir: /mnt/data/work/d3/96cecdd79957d3e6b533db369ae546]
~> TaskHandler[id: 18; name: NFCORE_RNASEQ:RNASEQ:FASTQ_FASTQC_UMITOOLS_TRIMGALORE:FASTQC (H1_REP2); status: NEW; exit: -; error: -; workDir: /mnt/data/work/dd/d216219b3484f8a0de2f5a3c569e05]
~> TaskHandler[id: 14; name: NFCORE_RNASEQ:RNASEQ:FASTQ_FASTQC_UMITOOLS_TRIMGALORE:TRIMGALORE (H1_REP2); status: NEW; exit: -; error: -; workDir: /mnt/data/work/06/ec5c823fa5d467f7743995d0d65bdf]
~> TaskHandler[id: 20; name: NFCORE_RNASEQ:RNASEQ:PREPARE_GENOME:HISAT2_EXTRACTSPLICESITES (genome.filtered.gtf); status: NEW; exit: -; error: -; workDir: /mnt/data/work/1a/14d54ca7c5910ca324778a6a271212]
~> TaskHandler[id: 19; name: NFCORE_RNASEQ:RNASEQ:PREPARE_GENOME:MAKE_TRANSCRIPTS_FASTA (rsem/genome.fa); status: NEW; exit: -; error: -; workDir: /mnt/data/work/95/811dda50a4d266e677340ab21b1515]
Mar-20 11:30:29.117 [Task monitor] DEBUG n.processor.TaskPollingMonitor - !! executor local > tasks to be completed: 1 -- submitted tasks are shown below
~> TaskHandler[id: 10; name: NFCORE_RNASEQ:RNASEQ:FASTQ_FASTQC_UMITOOLS_TRIMGALORE:TRIMGALORE (K562_REP2); status: RUNNING; exit: -; error: -; workDir: /mnt/data/work/1c/82797cec3824d484dccc52b9bb515f]
Mar-20 11:33:33.793 [Task submitter] DEBUG n.processor.TaskPollingMonitor - %% executor local > tasks in the submission queue: 5 -- tasks to be submitted are shown below
~> TaskHandler[id: 9; name: NFCORE_RNASEQ:RNASEQ:FASTQ_FASTQC_UMITOOLS_TRIMGALORE:FASTQC (K562_REP2); status: NEW; exit: -; error: -; workDir: /mnt/data/work/d3/96cecdd79957d3e6b533db369ae546]
~> TaskHandler[id: 18; name: NFCORE_RNASEQ:RNASEQ:FASTQ_FASTQC_UMITOOLS_TRIMGALORE:FASTQC (H1_REP2); status: NEW; exit: -; error: -; workDir: /mnt/data/work/dd/d216219b3484f8a0de2f5a3c569e05]
~> TaskHandler[id: 14; name: NFCORE_RNASEQ:RNASEQ:FASTQ_FASTQC_UMITOOLS_TRIMGALORE:TRIMGALORE (H1_REP2); status: NEW; exit: -; error: -; workDir: /mnt/data/work/06/ec5c823fa5d467f7743995d0d65bdf]
~> TaskHandler[id: 20; name: NFCORE_RNASEQ:RNASEQ:PREPARE_GENOME:HISAT2_EXTRACTSPLICESITES (genome.filtered.gtf); status: NEW; exit: -; error: -; workDir: /mnt/data/work/1a/14d54ca7c5910ca324778a6a271212]
~> TaskHandler[id: 19; name: NFCORE_RNASEQ:RNASEQ:PREPARE_GENOME:MAKE_TRANSCRIPTS_FASTA (rsem/genome.fa); status: NEW; exit: -; error: -; workDir: /mnt/data/work/95/811dda50a4d266e677340ab21b1515]
Mar-20 11:35:11.258 [Task monitor] DEBUG n.processor.TaskPollingMonitor - Task completed > TaskHandler[id: 10; name: NFCORE_RNASEQ:RNASEQ:FASTQ_FASTQC_UMITOOLS_TRIMGALORE:TRIMGALORE (K562_REP2); status: COMPLETED; exit: 0; error: -; workDir: /mnt/data/work/1c/82797cec3824d484dccc52b9bb515f]
Mar-20 11:35:11.332 [TaskFinalizer-5] DEBUG nextflow.processor.TaskProcessor - Process NFCORE_RNASEQ:RNASEQ:FASTQ_FASTQC_UMITOOLS_TRIMGALORE:TRIMGALORE > Skipping output binding because one or more optional files are missing: fileoutparam<2:1>
Mar-20 11:35:11.338 [Task submitter] DEBUG n.executor.local.LocalTaskHandler - Launch cmd line: /bin/bash -ue .command.run
Mar-20 11:35:11.339 [Task submitter] INFO  nextflow.Session - [d3/96cecd] Submitted process > NFCORE_RNASEQ:RNASEQ:FASTQ_FASTQC_UMITOOLS_TRIMGALORE:FASTQC (K562_REP2)
Mar-20 11:35:29.172 [Task monitor] DEBUG n.processor.TaskPollingMonitor - !! executor local > tasks to be completed: 1 -- submitted tasks are shown below
~> TaskHandler[id: 9; name: NFCORE_RNASEQ:RNASEQ:FASTQ_FASTQC_UMITOOLS_TRIMGALORE:FASTQC (K562_REP2); status: RUNNING; exit: -; error: -; workDir: /mnt/data/work/d3/96cecdd79957d3e6b533db369ae546]
Mar-20 11:38:34.379 [Task submitter] DEBUG n.processor.TaskPollingMonitor - %% executor local > tasks in the submission queue: 4 -- tasks to be submitted are shown below
~> TaskHandler[id: 18; name: NFCORE_RNASEQ:RNASEQ:FASTQ_FASTQC_UMITOOLS_TRIMGALORE:FASTQC (H1_REP2); status: NEW; exit: -; error: -; workDir: /mnt/data/work/dd/d216219b3484f8a0de2f5a3c569e05]
~> TaskHandler[id: 14; name: NFCORE_RNASEQ:RNASEQ:FASTQ_FASTQC_UMITOOLS_TRIMGALORE:TRIMGALORE (H1_REP2); status: NEW; exit: -; error: -; workDir: /mnt/data/work/06/ec5c823fa5d467f7743995d0d65bdf]
~> TaskHandler[id: 20; name: NFCORE_RNASEQ:RNASEQ:PREPARE_GENOME:HISAT2_EXTRACTSPLICESITES (genome.filtered.gtf); status: NEW; exit: -; error: -; workDir: /mnt/data/work/1a/14d54ca7c5910ca324778a6a271212]
~> TaskHandler[id: 19; name: NFCORE_RNASEQ:RNASEQ:PREPARE_GENOME:MAKE_TRANSCRIPTS_FASTA (rsem/genome.fa); status: NEW; exit: -; error: -; workDir: /mnt/data/work/95/811dda50a4d266e677340ab21b1515]
Mar-20 11:40:29.224 [Task monitor] DEBUG n.processor.TaskPollingMonitor - !! executor local > tasks to be completed: 1 -- submitted tasks are shown below
~> TaskHandler[id: 9; name: NFCORE_RNASEQ:RNASEQ:FASTQ_FASTQC_UMITOOLS_TRIMGALORE:FASTQC (K562_REP2); status: RUNNING; exit: -; error: -; workDir: /mnt/data/work/d3/96cecdd79957d3e6b533db369ae546]
Mar-20 11:43:23.758 [Task monitor] DEBUG n.processor.TaskPollingMonitor - Task completed > TaskHandler[id: 9; name: NFCORE_RNASEQ:RNASEQ:FASTQ_FASTQC_UMITOOLS_TRIMGALORE:FASTQC (K562_REP2); status: COMPLETED; exit: 0; error: -; workDir: /mnt/data/work/d3/96cecdd79957d3e6b533db369ae546]
Mar-20 11:43:23.767 [Task submitter] DEBUG n.executor.local.LocalTaskHandler - Launch cmd line: /bin/bash -ue .command.run
Mar-20 11:43:23.767 [Task submitter] INFO  nextflow.Session - [dd/d21621] Submitted process > NFCORE_RNASEQ:RNASEQ:FASTQ_FASTQC_UMITOOLS_TRIMGALORE:FASTQC (H1_REP2)
Mar-20 11:43:34.771 [Task submitter] DEBUG n.processor.TaskPollingMonitor - %% executor local > tasks in the submission queue: 3 -- tasks to be submitted are shown below
~> TaskHandler[id: 14; name: NFCORE_RNASEQ:RNASEQ:FASTQ_FASTQC_UMITOOLS_TRIMGALORE:TRIMGALORE (H1_REP2); status: NEW; exit: -; error: -; workDir: /mnt/data/work/06/ec5c823fa5d467f7743995d0d65bdf]
~> TaskHandler[id: 20; name: NFCORE_RNASEQ:RNASEQ:PREPARE_GENOME:HISAT2_EXTRACTSPLICESITES (genome.filtered.gtf); status: NEW; exit: -; error: -; workDir: /mnt/data/work/1a/14d54ca7c5910ca324778a6a271212]
~> TaskHandler[id: 19; name: NFCORE_RNASEQ:RNASEQ:PREPARE_GENOME:MAKE_TRANSCRIPTS_FASTA (rsem/genome.fa); status: NEW; exit: -; error: -; workDir: /mnt/data/work/95/811dda50a4d266e677340ab21b1515]
Mar-20 11:45:29.251 [Task monitor] DEBUG n.processor.TaskPollingMonitor - !! executor local > tasks to be completed: 1 -- submitted tasks are shown below
~> TaskHandler[id: 18; name: NFCORE_RNASEQ:RNASEQ:FASTQ_FASTQC_UMITOOLS_TRIMGALORE:FASTQC (H1_REP2); status: RUNNING; exit: -; error: -; workDir: /mnt/data/work/dd/d216219b3484f8a0de2f5a3c569e05]
Mar-20 11:48:34.830 [Task submitter] DEBUG n.processor.TaskPollingMonitor - %% executor local > tasks in the submission queue: 3 -- tasks to be submitted are shown below
~> TaskHandler[id: 14; name: NFCORE_RNASEQ:RNASEQ:FASTQ_FASTQC_UMITOOLS_TRIMGALORE:TRIMGALORE (H1_REP2); status: NEW; exit: -; error: -; workDir: /mnt/data/work/06/ec5c823fa5d467f7743995d0d65bdf]
~> TaskHandler[id: 20; name: NFCORE_RNASEQ:RNASEQ:PREPARE_GENOME:HISAT2_EXTRACTSPLICESITES (genome.filtered.gtf); status: NEW; exit: -; error: -; workDir: /mnt/data/work/1a/14d54ca7c5910ca324778a6a271212]
~> TaskHandler[id: 19; name: NFCORE_RNASEQ:RNASEQ:PREPARE_GENOME:MAKE_TRANSCRIPTS_FASTA (rsem/genome.fa); status: NEW; exit: -; error: -; workDir: /mnt/data/work/95/811dda50a4d266e677340ab21b1515]
Mar-20 11:49:41.012 [Task monitor] DEBUG n.processor.TaskPollingMonitor - Task completed > TaskHandler[id: 18; name: NFCORE_RNASEQ:RNASEQ:FASTQ_FASTQC_UMITOOLS_TRIMGALORE:FASTQC (H1_REP2); status: COMPLETED; exit: 0; error: -; workDir: /mnt/data/work/dd/d216219b3484f8a0de2f5a3c569e05]
Mar-20 11:49:41.019 [Task submitter] DEBUG n.executor.local.LocalTaskHandler - Launch cmd line: /bin/bash -ue .command.run
Mar-20 11:49:41.020 [Task submitter] INFO  nextflow.Session - [06/ec5c82] Submitted process > NFCORE_RNASEQ:RNASEQ:FASTQ_FASTQC_UMITOOLS_TRIMGALORE:TRIMGALORE (H1_REP2)
Mar-20 11:50:29.303 [Task monitor] DEBUG n.processor.TaskPollingMonitor - !! executor local > tasks to be completed: 1 -- submitted tasks are shown below
~> TaskHandler[id: 14; name: NFCORE_RNASEQ:RNASEQ:FASTQ_FASTQC_UMITOOLS_TRIMGALORE:TRIMGALORE (H1_REP2); status: RUNNING; exit: -; error: -; workDir: /mnt/data/work/06/ec5c823fa5d467f7743995d0d65bdf]
Mar-20 11:53:35.078 [Task submitter] DEBUG n.processor.TaskPollingMonitor - %% executor local > tasks in the submission queue: 2 -- tasks to be submitted are shown below
~> TaskHandler[id: 20; name: NFCORE_RNASEQ:RNASEQ:PREPARE_GENOME:HISAT2_EXTRACTSPLICESITES (genome.filtered.gtf); status: NEW; exit: -; error: -; workDir: /mnt/data/work/1a/14d54ca7c5910ca324778a6a271212]
~> TaskHandler[id: 19; name: NFCORE_RNASEQ:RNASEQ:PREPARE_GENOME:MAKE_TRANSCRIPTS_FASTA (rsem/genome.fa); status: NEW; exit: -; error: -; workDir: /mnt/data/work/95/811dda50a4d266e677340ab21b1515]
Mar-20 11:55:29.389 [Task monitor] DEBUG n.processor.TaskPollingMonitor - !! executor local > tasks to be completed: 1 -- submitted tasks are shown below
~> TaskHandler[id: 14; name: NFCORE_RNASEQ:RNASEQ:FASTQ_FASTQC_UMITOOLS_TRIMGALORE:TRIMGALORE (H1_REP2); status: RUNNING; exit: -; error: -; workDir: /mnt/data/work/06/ec5c823fa5d467f7743995d0d65bdf]
Mar-20 11:58:35.144 [Task submitter] DEBUG n.processor.TaskPollingMonitor - %% executor local > tasks in the submission queue: 2 -- tasks to be submitted are shown below
~> TaskHandler[id: 20; name: NFCORE_RNASEQ:RNASEQ:PREPARE_GENOME:HISAT2_EXTRACTSPLICESITES (genome.filtered.gtf); status: NEW; exit: -; error: -; workDir: /mnt/data/work/1a/14d54ca7c5910ca324778a6a271212]
~> TaskHandler[id: 19; name: NFCORE_RNASEQ:RNASEQ:PREPARE_GENOME:MAKE_TRANSCRIPTS_FASTA (rsem/genome.fa); status: NEW; exit: -; error: -; workDir: /mnt/data/work/95/811dda50a4d266e677340ab21b1515]
Mar-20 12:00:29.433 [Task monitor] DEBUG n.processor.TaskPollingMonitor - !! executor local > tasks to be completed: 1 -- submitted tasks are shown below
~> TaskHandler[id: 14; name: NFCORE_RNASEQ:RNASEQ:FASTQ_FASTQC_UMITOOLS_TRIMGALORE:TRIMGALORE (H1_REP2); status: RUNNING; exit: -; error: -; workDir: /mnt/data/work/06/ec5c823fa5d467f7743995d0d65bdf]
Mar-20 12:03:35.218 [Task submitter] DEBUG n.processor.TaskPollingMonitor - %% executor local > tasks in the submission queue: 2 -- tasks to be submitted are shown below
~> TaskHandler[id: 20; name: NFCORE_RNASEQ:RNASEQ:PREPARE_GENOME:HISAT2_EXTRACTSPLICESITES (genome.filtered.gtf); status: NEW; exit: -; error: -; workDir: /mnt/data/work/1a/14d54ca7c5910ca324778a6a271212]
~> TaskHandler[id: 19; name: NFCORE_RNASEQ:RNASEQ:PREPARE_GENOME:MAKE_TRANSCRIPTS_FASTA (rsem/genome.fa); status: NEW; exit: -; error: -; workDir: /mnt/data/work/95/811dda50a4d266e677340ab21b1515]
Mar-20 12:05:29.525 [Task monitor] DEBUG n.processor.TaskPollingMonitor - !! executor local > tasks to be completed: 1 -- submitted tasks are shown below
~> TaskHandler[id: 14; name: NFCORE_RNASEQ:RNASEQ:FASTQ_FASTQC_UMITOOLS_TRIMGALORE:TRIMGALORE (H1_REP2); status: RUNNING; exit: -; error: -; workDir: /mnt/data/work/06/ec5c823fa5d467f7743995d0d65bdf]
Mar-20 12:08:35.303 [Task submitter] DEBUG n.processor.TaskPollingMonitor - %% executor local > tasks in the submission queue: 2 -- tasks to be submitted are shown below
~> TaskHandler[id: 20; name: NFCORE_RNASEQ:RNASEQ:PREPARE_GENOME:HISAT2_EXTRACTSPLICESITES (genome.filtered.gtf); status: NEW; exit: -; error: -; workDir: /mnt/data/work/1a/14d54ca7c5910ca324778a6a271212]
~> TaskHandler[id: 19; name: NFCORE_RNASEQ:RNASEQ:PREPARE_GENOME:MAKE_TRANSCRIPTS_FASTA (rsem/genome.fa); status: NEW; exit: -; error: -; workDir: /mnt/data/work/95/811dda50a4d266e677340ab21b1515]
Mar-20 12:10:29.605 [Task monitor] DEBUG n.processor.TaskPollingMonitor - !! executor local > tasks to be completed: 1 -- submitted tasks are shown below
~> TaskHandler[id: 14; name: NFCORE_RNASEQ:RNASEQ:FASTQ_FASTQC_UMITOOLS_TRIMGALORE:TRIMGALORE (H1_REP2); status: RUNNING; exit: -; error: -; workDir: /mnt/data/work/06/ec5c823fa5d467f7743995d0d65bdf]
Mar-20 12:13:35.344 [Task submitter] DEBUG n.processor.TaskPollingMonitor - %% executor local > tasks in the submission queue: 2 -- tasks to be submitted are shown below
~> TaskHandler[id: 20; name: NFCORE_RNASEQ:RNASEQ:PREPARE_GENOME:HISAT2_EXTRACTSPLICESITES (genome.filtered.gtf); status: NEW; exit: -; error: -; workDir: /mnt/data/work/1a/14d54ca7c5910ca324778a6a271212]
~> TaskHandler[id: 19; name: NFCORE_RNASEQ:RNASEQ:PREPARE_GENOME:MAKE_TRANSCRIPTS_FASTA (rsem/genome.fa); status: NEW; exit: -; error: -; workDir: /mnt/data/work/95/811dda50a4d266e677340ab21b1515]
Mar-20 12:15:29.693 [Task monitor] DEBUG n.processor.TaskPollingMonitor - !! executor local > tasks to be completed: 1 -- submitted tasks are shown below
~> TaskHandler[id: 14; name: NFCORE_RNASEQ:RNASEQ:FASTQ_FASTQC_UMITOOLS_TRIMGALORE:TRIMGALORE (H1_REP2); status: RUNNING; exit: -; error: -; workDir: /mnt/data/work/06/ec5c823fa5d467f7743995d0d65bdf]
Mar-20 12:18:35.382 [Task submitter] DEBUG n.processor.TaskPollingMonitor - %% executor local > tasks in the submission queue: 2 -- tasks to be submitted are shown below
~> TaskHandler[id: 20; name: NFCORE_RNASEQ:RNASEQ:PREPARE_GENOME:HISAT2_EXTRACTSPLICESITES (genome.filtered.gtf); status: NEW; exit: -; error: -; workDir: /mnt/data/work/1a/14d54ca7c5910ca324778a6a271212]
~> TaskHandler[id: 19; name: NFCORE_RNASEQ:RNASEQ:PREPARE_GENOME:MAKE_TRANSCRIPTS_FASTA (rsem/genome.fa); status: NEW; exit: -; error: -; workDir: /mnt/data/work/95/811dda50a4d266e677340ab21b1515]
Mar-20 12:20:29.784 [Task monitor] DEBUG n.processor.TaskPollingMonitor - !! executor local > tasks to be completed: 1 -- submitted tasks are shown below
~> TaskHandler[id: 14; name: NFCORE_RNASEQ:RNASEQ:FASTQ_FASTQC_UMITOOLS_TRIMGALORE:TRIMGALORE (H1_REP2); status: RUNNING; exit: -; error: -; workDir: /mnt/data/work/06/ec5c823fa5d467f7743995d0d65bdf]
Mar-20 12:23:35.441 [Task submitter] DEBUG n.processor.TaskPollingMonitor - %% executor local > tasks in the submission queue: 2 -- tasks to be submitted are shown below
~> TaskHandler[id: 20; name: NFCORE_RNASEQ:RNASEQ:PREPARE_GENOME:HISAT2_EXTRACTSPLICESITES (genome.filtered.gtf); status: NEW; exit: -; error: -; workDir: /mnt/data/work/1a/14d54ca7c5910ca324778a6a271212]
~> TaskHandler[id: 19; name: NFCORE_RNASEQ:RNASEQ:PREPARE_GENOME:MAKE_TRANSCRIPTS_FASTA (rsem/genome.fa); status: NEW; exit: -; error: -; workDir: /mnt/data/work/95/811dda50a4d266e677340ab21b1515]
Mar-20 12:25:29.861 [Task monitor] DEBUG n.processor.TaskPollingMonitor - !! executor local > tasks to be completed: 1 -- submitted tasks are shown below
~> TaskHandler[id: 14; name: NFCORE_RNASEQ:RNASEQ:FASTQ_FASTQC_UMITOOLS_TRIMGALORE:TRIMGALORE (H1_REP2); status: RUNNING; exit: -; error: -; workDir: /mnt/data/work/06/ec5c823fa5d467f7743995d0d65bdf]
Mar-20 12:28:35.514 [Task submitter] DEBUG n.processor.TaskPollingMonitor - %% executor local > tasks in the submission queue: 2 -- tasks to be submitted are shown below
~> TaskHandler[id: 20; name: NFCORE_RNASEQ:RNASEQ:PREPARE_GENOME:HISAT2_EXTRACTSPLICESITES (genome.filtered.gtf); status: NEW; exit: -; error: -; workDir: /mnt/data/work/1a/14d54ca7c5910ca324778a6a271212]
~> TaskHandler[id: 19; name: NFCORE_RNASEQ:RNASEQ:PREPARE_GENOME:MAKE_TRANSCRIPTS_FASTA (rsem/genome.fa); status: NEW; exit: -; error: -; workDir: /mnt/data/work/95/811dda50a4d266e677340ab21b1515]
Mar-20 12:30:29.920 [Task monitor] DEBUG n.processor.TaskPollingMonitor - !! executor local > tasks to be completed: 1 -- submitted tasks are shown below
~> TaskHandler[id: 14; name: NFCORE_RNASEQ:RNASEQ:FASTQ_FASTQC_UMITOOLS_TRIMGALORE:TRIMGALORE (H1_REP2); status: RUNNING; exit: -; error: -; workDir: /mnt/data/work/06/ec5c823fa5d467f7743995d0d65bdf]
Mar-20 12:31:56.086 [Task monitor] DEBUG n.processor.TaskPollingMonitor - Task completed > TaskHandler[id: 14; name: NFCORE_RNASEQ:RNASEQ:FASTQ_FASTQC_UMITOOLS_TRIMGALORE:TRIMGALORE (H1_REP2); status: COMPLETED; exit: 0; error: -; workDir: /mnt/data/work/06/ec5c823fa5d467f7743995d0d65bdf]
Mar-20 12:31:56.094 [Task submitter] DEBUG n.executor.local.LocalTaskHandler - Launch cmd line: /bin/bash -ue .command.run
Mar-20 12:31:56.094 [Task submitter] INFO  nextflow.Session - [1a/14d54c] Submitted process > NFCORE_RNASEQ:RNASEQ:PREPARE_GENOME:HISAT2_EXTRACTSPLICESITES (genome.filtered.gtf)
Mar-20 12:31:56.096 [TaskFinalizer-8] DEBUG nextflow.processor.TaskProcessor - Process NFCORE_RNASEQ:RNASEQ:FASTQ_FASTQC_UMITOOLS_TRIMGALORE:TRIMGALORE > Skipping output binding because one or more optional files are missing: fileoutparam<2:1>
Mar-20 12:31:56.111 [Actor Thread 13] DEBUG nextflow.file.SortFileCollector - FileCollector temp dir not removed: null
Mar-20 12:32:30.863 [Task monitor] DEBUG n.processor.TaskPollingMonitor - Task completed > TaskHandler[id: 20; name: NFCORE_RNASEQ:RNASEQ:PREPARE_GENOME:HISAT2_EXTRACTSPLICESITES (genome.filtered.gtf); status: COMPLETED; exit: 0; error: -; workDir: /mnt/data/work/1a/14d54ca7c5910ca324778a6a271212]
Mar-20 12:32:30.870 [Task submitter] DEBUG n.executor.local.LocalTaskHandler - Launch cmd line: /bin/bash -ue .command.run
Mar-20 12:32:30.871 [Task submitter] INFO  nextflow.Session - [95/811dda] Submitted process > NFCORE_RNASEQ:RNASEQ:PREPARE_GENOME:MAKE_TRANSCRIPTS_FASTA (rsem/genome.fa)
Mar-20 12:32:31.114 [Actor Thread 24] INFO  nextflow.Nextflow - [HISAT2 index build] Available memory: 30 GB
Mar-20 12:32:31.116 [Actor Thread 24] INFO  nextflow.Nextflow - [HISAT2 index build] Less than 200 GB available, so NOT using splice sites and exons to build HISAT2 index.
Mar-20 12:32:31.116 [Actor Thread 24] INFO  nextflow.Nextflow - [HISAT2 index build] Use --hisat2_build_memory [small number] to skip this check.
Mar-20 12:33:36.277 [Task submitter] DEBUG n.processor.TaskPollingMonitor - %% executor local > tasks in the submission queue: 1 -- tasks to be submitted are shown below
~> TaskHandler[id: 21; name: NFCORE_RNASEQ:RNASEQ:PREPARE_GENOME:HISAT2_BUILD (genome.fa); status: NEW; exit: -; error: -; workDir: /mnt/data/work/e1/c7e60f5ff82662b70e6a11a2514540]
Mar-20 12:33:57.543 [Task monitor] DEBUG n.processor.TaskPollingMonitor - Task completed > TaskHandler[id: 19; name: NFCORE_RNASEQ:RNASEQ:PREPARE_GENOME:MAKE_TRANSCRIPTS_FASTA (rsem/genome.fa); status: COMPLETED; exit: 0; error: -; workDir: /mnt/data/work/95/811dda50a4d266e677340ab21b1515]
Mar-20 12:33:57.551 [Task submitter] DEBUG n.executor.local.LocalTaskHandler - Launch cmd line: /bin/bash -ue .command.run
Mar-20 12:33:57.551 [Task submitter] INFO  nextflow.Session - [e1/c7e60f] Submitted process > NFCORE_RNASEQ:RNASEQ:PREPARE_GENOME:HISAT2_BUILD (genome.fa)
Mar-20 12:35:29.979 [Task monitor] DEBUG n.processor.TaskPollingMonitor - !! executor local > tasks to be completed: 1 -- submitted tasks are shown below
~> TaskHandler[id: 21; name: NFCORE_RNASEQ:RNASEQ:PREPARE_GENOME:HISAT2_BUILD (genome.fa); status: RUNNING; exit: -; error: -; workDir: /mnt/data/work/e1/c7e60f5ff82662b70e6a11a2514540]
Mar-20 12:38:36.843 [Task submitter] DEBUG n.processor.TaskPollingMonitor - %% executor local > tasks in the submission queue: 1 -- tasks to be submitted are shown below
~> TaskHandler[id: 22; name: NFCORE_RNASEQ:RNASEQ:PREPARE_GENOME:SALMON_INDEX (genome.transcripts.fa); status: NEW; exit: -; error: -; workDir: /mnt/data/work/05/d9a9bb3beadebe35fb8e51a9a5e9e8]
Mar-20 12:40:30.063 [Task monitor] DEBUG n.processor.TaskPollingMonitor - !! executor local > tasks to be completed: 1 -- submitted tasks are shown below
~> TaskHandler[id: 21; name: NFCORE_RNASEQ:RNASEQ:PREPARE_GENOME:HISAT2_BUILD (genome.fa); status: RUNNING; exit: -; error: -; workDir: /mnt/data/work/e1/c7e60f5ff82662b70e6a11a2514540]
Mar-20 12:43:36.880 [Task submitter] DEBUG n.processor.TaskPollingMonitor - %% executor local > tasks in the submission queue: 1 -- tasks to be submitted are shown below
~> TaskHandler[id: 22; name: NFCORE_RNASEQ:RNASEQ:PREPARE_GENOME:SALMON_INDEX (genome.transcripts.fa); status: NEW; exit: -; error: -; workDir: /mnt/data/work/05/d9a9bb3beadebe35fb8e51a9a5e9e8]
Mar-20 12:45:30.069 [Task monitor] DEBUG n.processor.TaskPollingMonitor - !! executor local > tasks to be completed: 1 -- submitted tasks are shown below
~> TaskHandler[id: 21; name: NFCORE_RNASEQ:RNASEQ:PREPARE_GENOME:HISAT2_BUILD (genome.fa); status: RUNNING; exit: -; error: -; workDir: /mnt/data/work/e1/c7e60f5ff82662b70e6a11a2514540]
Mar-20 12:45:50.160 [Task monitor] DEBUG n.processor.TaskPollingMonitor - Task completed > TaskHandler[id: 21; name: NFCORE_RNASEQ:RNASEQ:PREPARE_GENOME:HISAT2_BUILD (genome.fa); status: COMPLETED; exit: 0; error: -; workDir: /mnt/data/work/e1/c7e60f5ff82662b70e6a11a2514540]
Mar-20 12:45:50.169 [Task submitter] DEBUG n.executor.local.LocalTaskHandler - Launch cmd line: /bin/bash -ue .command.run
Mar-20 12:45:50.169 [Task submitter] INFO  nextflow.Session - [05/d9a9bb] Submitted process > NFCORE_RNASEQ:RNASEQ:PREPARE_GENOME:SALMON_INDEX (genome.transcripts.fa)
Mar-20 12:48:37.262 [Task submitter] DEBUG n.processor.TaskPollingMonitor - %% executor local > tasks in the submission queue: 8 -- tasks to be submitted are shown below
~> TaskHandler[id: 25; name: NFCORE_RNASEQ:RNASEQ:FASTQ_ALIGN_HISAT2:HISAT2_ALIGN (GM12878_REP1); status: NEW; exit: -; error: -; workDir: /mnt/data/work/3f/81b7be5ab915c968e3dbda3b661503]
~> TaskHandler[id: 26; name: NFCORE_RNASEQ:RNASEQ:FASTQ_ALIGN_HISAT2:HISAT2_ALIGN (MCF7_REP2); status: NEW; exit: -; error: -; workDir: /mnt/data/work/e7/328c9a739b5af8699633d96174a8e9]
~> TaskHandler[id: 27; name: NFCORE_RNASEQ:RNASEQ:FASTQ_ALIGN_HISAT2:HISAT2_ALIGN (GM12878_REP2); status: NEW; exit: -; error: -; workDir: /mnt/data/work/dc/29dfac82009d78af2f80353ba40f18]
~> TaskHandler[id: 24; name: NFCORE_RNASEQ:RNASEQ:FASTQ_ALIGN_HISAT2:HISAT2_ALIGN (H1_REP1); status: NEW; exit: -; error: -; workDir: /mnt/data/work/56/566e09050ee2bc829389db46290a29]
~> TaskHandler[id: 23; name: NFCORE_RNASEQ:RNASEQ:FASTQ_ALIGN_HISAT2:HISAT2_ALIGN (K562_REP1); status: NEW; exit: -; error: -; workDir: /mnt/data/work/8b/a093a64c5e1cdd18e03dcd1df9b929]
~> TaskHandler[id: 28; name: NFCORE_RNASEQ:RNASEQ:FASTQ_ALIGN_HISAT2:HISAT2_ALIGN (MCF7_REP1); status: NEW; exit: -; error: -; workDir: /mnt/data/work/3e/e424d5d845130265ef274f807bf285]
~> TaskHandler[id: 30; name: NFCORE_RNASEQ:RNASEQ:FASTQ_ALIGN_HISAT2:HISAT2_ALIGN (H1_REP2); status: NEW; exit: -; error: -; workDir: /mnt/data/work/45/bb78be7d80d45537fad3b2567f404e]
~> TaskHandler[id: 29; name: NFCORE_RNASEQ:RNASEQ:FASTQ_ALIGN_HISAT2:HISAT2_ALIGN (K562_REP2); status: NEW; exit: -; error: -; workDir: /mnt/data/work/a3/f7fd818b4a8476689ec7c1e90cdbd5]
Mar-20 12:50:30.071 [Task monitor] DEBUG n.processor.TaskPollingMonitor - !! executor local > tasks to be completed: 1 -- submitted tasks are shown below
~> TaskHandler[id: 22; name: NFCORE_RNASEQ:RNASEQ:PREPARE_GENOME:SALMON_INDEX (genome.transcripts.fa); status: RUNNING; exit: -; error: -; workDir: /mnt/data/work/05/d9a9bb3beadebe35fb8e51a9a5e9e8]
Mar-20 12:53:37.334 [Task submitter] DEBUG n.processor.TaskPollingMonitor - %% executor local > tasks in the submission queue: 8 -- tasks to be submitted are shown below
~> TaskHandler[id: 25; name: NFCORE_RNASEQ:RNASEQ:FASTQ_ALIGN_HISAT2:HISAT2_ALIGN (GM12878_REP1); status: NEW; exit: -; error: -; workDir: /mnt/data/work/3f/81b7be5ab915c968e3dbda3b661503]
~> TaskHandler[id: 26; name: NFCORE_RNASEQ:RNASEQ:FASTQ_ALIGN_HISAT2:HISAT2_ALIGN (MCF7_REP2); status: NEW; exit: -; error: -; workDir: /mnt/data/work/e7/328c9a739b5af8699633d96174a8e9]
~> TaskHandler[id: 27; name: NFCORE_RNASEQ:RNASEQ:FASTQ_ALIGN_HISAT2:HISAT2_ALIGN (GM12878_REP2); status: NEW; exit: -; error: -; workDir: /mnt/data/work/dc/29dfac82009d78af2f80353ba40f18]
~> TaskHandler[id: 24; name: NFCORE_RNASEQ:RNASEQ:FASTQ_ALIGN_HISAT2:HISAT2_ALIGN (H1_REP1); status: NEW; exit: -; error: -; workDir: /mnt/data/work/56/566e09050ee2bc829389db46290a29]
~> TaskHandler[id: 23; name: NFCORE_RNASEQ:RNASEQ:FASTQ_ALIGN_HISAT2:HISAT2_ALIGN (K562_REP1); status: NEW; exit: -; error: -; workDir: /mnt/data/work/8b/a093a64c5e1cdd18e03dcd1df9b929]
~> TaskHandler[id: 28; name: NFCORE_RNASEQ:RNASEQ:FASTQ_ALIGN_HISAT2:HISAT2_ALIGN (MCF7_REP1); status: NEW; exit: -; error: -; workDir: /mnt/data/work/3e/e424d5d845130265ef274f807bf285]
~> TaskHandler[id: 30; name: NFCORE_RNASEQ:RNASEQ:FASTQ_ALIGN_HISAT2:HISAT2_ALIGN (H1_REP2); status: NEW; exit: -; error: -; workDir: /mnt/data/work/45/bb78be7d80d45537fad3b2567f404e]
~> TaskHandler[id: 29; name: NFCORE_RNASEQ:RNASEQ:FASTQ_ALIGN_HISAT2:HISAT2_ALIGN (K562_REP2); status: NEW; exit: -; error: -; workDir: /mnt/data/work/a3/f7fd818b4a8476689ec7c1e90cdbd5]
Mar-20 12:55:30.143 [Task monitor] DEBUG n.processor.TaskPollingMonitor - !! executor local > tasks to be completed: 1 -- submitted tasks are shown below
~> TaskHandler[id: 22; name: NFCORE_RNASEQ:RNASEQ:PREPARE_GENOME:SALMON_INDEX (genome.transcripts.fa); status: RUNNING; exit: -; error: -; workDir: /mnt/data/work/05/d9a9bb3beadebe35fb8e51a9a5e9e8]
Mar-20 12:58:37.390 [Task submitter] DEBUG n.processor.TaskPollingMonitor - %% executor local > tasks in the submission queue: 8 -- tasks to be submitted are shown below
~> TaskHandler[id: 25; name: NFCORE_RNASEQ:RNASEQ:FASTQ_ALIGN_HISAT2:HISAT2_ALIGN (GM12878_REP1); status: NEW; exit: -; error: -; workDir: /mnt/data/work/3f/81b7be5ab915c968e3dbda3b661503]
~> TaskHandler[id: 26; name: NFCORE_RNASEQ:RNASEQ:FASTQ_ALIGN_HISAT2:HISAT2_ALIGN (MCF7_REP2); status: NEW; exit: -; error: -; workDir: /mnt/data/work/e7/328c9a739b5af8699633d96174a8e9]
~> TaskHandler[id: 27; name: NFCORE_RNASEQ:RNASEQ:FASTQ_ALIGN_HISAT2:HISAT2_ALIGN (GM12878_REP2); status: NEW; exit: -; error: -; workDir: /mnt/data/work/dc/29dfac82009d78af2f80353ba40f18]
~> TaskHandler[id: 24; name: NFCORE_RNASEQ:RNASEQ:FASTQ_ALIGN_HISAT2:HISAT2_ALIGN (H1_REP1); status: NEW; exit: -; error: -; workDir: /mnt/data/work/56/566e09050ee2bc829389db46290a29]
~> TaskHandler[id: 23; name: NFCORE_RNASEQ:RNASEQ:FASTQ_ALIGN_HISAT2:HISAT2_ALIGN (K562_REP1); status: NEW; exit: -; error: -; workDir: /mnt/data/work/8b/a093a64c5e1cdd18e03dcd1df9b929]
~> TaskHandler[id: 28; name: NFCORE_RNASEQ:RNASEQ:FASTQ_ALIGN_HISAT2:HISAT2_ALIGN (MCF7_REP1); status: NEW; exit: -; error: -; workDir: /mnt/data/work/3e/e424d5d845130265ef274f807bf285]
~> TaskHandler[id: 30; name: NFCORE_RNASEQ:RNASEQ:FASTQ_ALIGN_HISAT2:HISAT2_ALIGN (H1_REP2); status: NEW; exit: -; error: -; workDir: /mnt/data/work/45/bb78be7d80d45537fad3b2567f404e]
~> TaskHandler[id: 29; name: NFCORE_RNASEQ:RNASEQ:FASTQ_ALIGN_HISAT2:HISAT2_ALIGN (K562_REP2); status: NEW; exit: -; error: -; workDir: /mnt/data/work/a3/f7fd818b4a8476689ec7c1e90cdbd5]
Mar-20 13:00:30.175 [Task monitor] DEBUG n.processor.TaskPollingMonitor - !! executor local > tasks to be completed: 1 -- submitted tasks are shown below
~> TaskHandler[id: 22; name: NFCORE_RNASEQ:RNASEQ:PREPARE_GENOME:SALMON_INDEX (genome.transcripts.fa); status: RUNNING; exit: -; error: -; workDir: /mnt/data/work/05/d9a9bb3beadebe35fb8e51a9a5e9e8]
Mar-20 13:03:37.442 [Task submitter] DEBUG n.processor.TaskPollingMonitor - %% executor local > tasks in the submission queue: 8 -- tasks to be submitted are shown below
~> TaskHandler[id: 25; name: NFCORE_RNASEQ:RNASEQ:FASTQ_ALIGN_HISAT2:HISAT2_ALIGN (GM12878_REP1); status: NEW; exit: -; error: -; workDir: /mnt/data/work/3f/81b7be5ab915c968e3dbda3b661503]
~> TaskHandler[id: 26; name: NFCORE_RNASEQ:RNASEQ:FASTQ_ALIGN_HISAT2:HISAT2_ALIGN (MCF7_REP2); status: NEW; exit: -; error: -; workDir: /mnt/data/work/e7/328c9a739b5af8699633d96174a8e9]
~> TaskHandler[id: 27; name: NFCORE_RNASEQ:RNASEQ:FASTQ_ALIGN_HISAT2:HISAT2_ALIGN (GM12878_REP2); status: NEW; exit: -; error: -; workDir: /mnt/data/work/dc/29dfac82009d78af2f80353ba40f18]
~> TaskHandler[id: 24; name: NFCORE_RNASEQ:RNASEQ:FASTQ_ALIGN_HISAT2:HISAT2_ALIGN (H1_REP1); status: NEW; exit: -; error: -; workDir: /mnt/data/work/56/566e09050ee2bc829389db46290a29]
~> TaskHandler[id: 23; name: NFCORE_RNASEQ:RNASEQ:FASTQ_ALIGN_HISAT2:HISAT2_ALIGN (K562_REP1); status: NEW; exit: -; error: -; workDir: /mnt/data/work/8b/a093a64c5e1cdd18e03dcd1df9b929]
~> TaskHandler[id: 28; name: NFCORE_RNASEQ:RNASEQ:FASTQ_ALIGN_HISAT2:HISAT2_ALIGN (MCF7_REP1); status: NEW; exit: -; error: -; workDir: /mnt/data/work/3e/e424d5d845130265ef274f807bf285]
~> TaskHandler[id: 30; name: NFCORE_RNASEQ:RNASEQ:FASTQ_ALIGN_HISAT2:HISAT2_ALIGN (H1_REP2); status: NEW; exit: -; error: -; workDir: /mnt/data/work/45/bb78be7d80d45537fad3b2567f404e]
~> TaskHandler[id: 29; name: NFCORE_RNASEQ:RNASEQ:FASTQ_ALIGN_HISAT2:HISAT2_ALIGN (K562_REP2); status: NEW; exit: -; error: -; workDir: /mnt/data/work/a3/f7fd818b4a8476689ec7c1e90cdbd5]
Mar-20 13:05:30.190 [Task monitor] DEBUG n.processor.TaskPollingMonitor - !! executor local > tasks to be completed: 1 -- submitted tasks are shown below
~> TaskHandler[id: 22; name: NFCORE_RNASEQ:RNASEQ:PREPARE_GENOME:SALMON_INDEX (genome.transcripts.fa); status: RUNNING; exit: -; error: -; workDir: /mnt/data/work/05/d9a9bb3beadebe35fb8e51a9a5e9e8]
Mar-20 13:08:37.518 [Task submitter] DEBUG n.processor.TaskPollingMonitor - %% executor local > tasks in the submission queue: 8 -- tasks to be submitted are shown below
~> TaskHandler[id: 25; name: NFCORE_RNASEQ:RNASEQ:FASTQ_ALIGN_HISAT2:HISAT2_ALIGN (GM12878_REP1); status: NEW; exit: -; error: -; workDir: /mnt/data/work/3f/81b7be5ab915c968e3dbda3b661503]
~> TaskHandler[id: 26; name: NFCORE_RNASEQ:RNASEQ:FASTQ_ALIGN_HISAT2:HISAT2_ALIGN (MCF7_REP2); status: NEW; exit: -; error: -; workDir: /mnt/data/work/e7/328c9a739b5af8699633d96174a8e9]
~> TaskHandler[id: 27; name: NFCORE_RNASEQ:RNASEQ:FASTQ_ALIGN_HISAT2:HISAT2_ALIGN (GM12878_REP2); status: NEW; exit: -; error: -; workDir: /mnt/data/work/dc/29dfac82009d78af2f80353ba40f18]
~> TaskHandler[id: 24; name: NFCORE_RNASEQ:RNASEQ:FASTQ_ALIGN_HISAT2:HISAT2_ALIGN (H1_REP1); status: NEW; exit: -; error: -; workDir: /mnt/data/work/56/566e09050ee2bc829389db46290a29]
~> TaskHandler[id: 23; name: NFCORE_RNASEQ:RNASEQ:FASTQ_ALIGN_HISAT2:HISAT2_ALIGN (K562_REP1); status: NEW; exit: -; error: -; workDir: /mnt/data/work/8b/a093a64c5e1cdd18e03dcd1df9b929]
~> TaskHandler[id: 28; name: NFCORE_RNASEQ:RNASEQ:FASTQ_ALIGN_HISAT2:HISAT2_ALIGN (MCF7_REP1); status: NEW; exit: -; error: -; workDir: /mnt/data/work/3e/e424d5d845130265ef274f807bf285]
~> TaskHandler[id: 30; name: NFCORE_RNASEQ:RNASEQ:FASTQ_ALIGN_HISAT2:HISAT2_ALIGN (H1_REP2); status: NEW; exit: -; error: -; workDir: /mnt/data/work/45/bb78be7d80d45537fad3b2567f404e]
~> TaskHandler[id: 29; name: NFCORE_RNASEQ:RNASEQ:FASTQ_ALIGN_HISAT2:HISAT2_ALIGN (K562_REP2); status: NEW; exit: -; error: -; workDir: /mnt/data/work/a3/f7fd818b4a8476689ec7c1e90cdbd5]
Mar-20 13:10:30.285 [Task monitor] DEBUG n.processor.TaskPollingMonitor - !! executor local > tasks to be completed: 1 -- submitted tasks are shown below
~> TaskHandler[id: 22; name: NFCORE_RNASEQ:RNASEQ:PREPARE_GENOME:SALMON_INDEX (genome.transcripts.fa); status: RUNNING; exit: -; error: -; workDir: /mnt/data/work/05/d9a9bb3beadebe35fb8e51a9a5e9e8]
Mar-20 13:13:37.585 [Task submitter] DEBUG n.processor.TaskPollingMonitor - %% executor local > tasks in the submission queue: 8 -- tasks to be submitted are shown below
~> TaskHandler[id: 25; name: NFCORE_RNASEQ:RNASEQ:FASTQ_ALIGN_HISAT2:HISAT2_ALIGN (GM12878_REP1); status: NEW; exit: -; error: -; workDir: /mnt/data/work/3f/81b7be5ab915c968e3dbda3b661503]
~> TaskHandler[id: 26; name: NFCORE_RNASEQ:RNASEQ:FASTQ_ALIGN_HISAT2:HISAT2_ALIGN (MCF7_REP2); status: NEW; exit: -; error: -; workDir: /mnt/data/work/e7/328c9a739b5af8699633d96174a8e9]
~> TaskHandler[id: 27; name: NFCORE_RNASEQ:RNASEQ:FASTQ_ALIGN_HISAT2:HISAT2_ALIGN (GM12878_REP2); status: NEW; exit: -; error: -; workDir: /mnt/data/work/dc/29dfac82009d78af2f80353ba40f18]
~> TaskHandler[id: 24; name: NFCORE_RNASEQ:RNASEQ:FASTQ_ALIGN_HISAT2:HISAT2_ALIGN (H1_REP1); status: NEW; exit: -; error: -; workDir: /mnt/data/work/56/566e09050ee2bc829389db46290a29]
~> TaskHandler[id: 23; name: NFCORE_RNASEQ:RNASEQ:FASTQ_ALIGN_HISAT2:HISAT2_ALIGN (K562_REP1); status: NEW; exit: -; error: -; workDir: /mnt/data/work/8b/a093a64c5e1cdd18e03dcd1df9b929]
~> TaskHandler[id: 28; name: NFCORE_RNASEQ:RNASEQ:FASTQ_ALIGN_HISAT2:HISAT2_ALIGN (MCF7_REP1); status: NEW; exit: -; error: -; workDir: /mnt/data/work/3e/e424d5d845130265ef274f807bf285]
~> TaskHandler[id: 30; name: NFCORE_RNASEQ:RNASEQ:FASTQ_ALIGN_HISAT2:HISAT2_ALIGN (H1_REP2); status: NEW; exit: -; error: -; workDir: /mnt/data/work/45/bb78be7d80d45537fad3b2567f404e]
~> TaskHandler[id: 29; name: NFCORE_RNASEQ:RNASEQ:FASTQ_ALIGN_HISAT2:HISAT2_ALIGN (K562_REP2); status: NEW; exit: -; error: -; workDir: /mnt/data/work/a3/f7fd818b4a8476689ec7c1e90cdbd5]
Mar-20 13:15:30.305 [Task monitor] DEBUG n.processor.TaskPollingMonitor - !! executor local > tasks to be completed: 1 -- submitted tasks are shown below
~> TaskHandler[id: 22; name: NFCORE_RNASEQ:RNASEQ:PREPARE_GENOME:SALMON_INDEX (genome.transcripts.fa); status: RUNNING; exit: -; error: -; workDir: /mnt/data/work/05/d9a9bb3beadebe35fb8e51a9a5e9e8]
Mar-20 13:17:26.352 [Task monitor] DEBUG n.processor.TaskPollingMonitor - Task completed > TaskHandler[id: 22; name: NFCORE_RNASEQ:RNASEQ:PREPARE_GENOME:SALMON_INDEX (genome.transcripts.fa); status: COMPLETED; exit: 0; error: -; workDir: /mnt/data/work/05/d9a9bb3beadebe35fb8e51a9a5e9e8]
Mar-20 13:17:26.370 [Task submitter] DEBUG n.executor.local.LocalTaskHandler - Launch cmd line: /bin/bash -ue .command.run
Mar-20 13:17:26.370 [Task submitter] INFO  nextflow.Session - [3f/81b7be] Submitted process > NFCORE_RNASEQ:RNASEQ:FASTQ_ALIGN_HISAT2:HISAT2_ALIGN (GM12878_REP1)
Mar-20 13:17:26.385 [Actor Thread 22] DEBUG nextflow.util.HashBuilder - Hash asset file sha-256: /root/rnaseq-bench/.nextflow/assets/nf-core/rnaseq/assets/dummy_file.txt
Mar-20 13:18:38.390 [Task submitter] DEBUG n.processor.TaskPollingMonitor - %% executor local > tasks in the submission queue: 15 -- tasks to be submitted are shown below
~> TaskHandler[id: 26; name: NFCORE_RNASEQ:RNASEQ:FASTQ_ALIGN_HISAT2:HISAT2_ALIGN (MCF7_REP2); status: NEW; exit: -; error: -; workDir: /mnt/data/work/e7/328c9a739b5af8699633d96174a8e9]
~> TaskHandler[id: 27; name: NFCORE_RNASEQ:RNASEQ:FASTQ_ALIGN_HISAT2:HISAT2_ALIGN (GM12878_REP2); status: NEW; exit: -; error: -; workDir: /mnt/data/work/dc/29dfac82009d78af2f80353ba40f18]
~> TaskHandler[id: 24; name: NFCORE_RNASEQ:RNASEQ:FASTQ_ALIGN_HISAT2:HISAT2_ALIGN (H1_REP1); status: NEW; exit: -; error: -; workDir: /mnt/data/work/56/566e09050ee2bc829389db46290a29]
~> TaskHandler[id: 23; name: NFCORE_RNASEQ:RNASEQ:FASTQ_ALIGN_HISAT2:HISAT2_ALIGN (K562_REP1); status: NEW; exit: -; error: -; workDir: /mnt/data/work/8b/a093a64c5e1cdd18e03dcd1df9b929]
~> TaskHandler[id: 28; name: NFCORE_RNASEQ:RNASEQ:FASTQ_ALIGN_HISAT2:HISAT2_ALIGN (MCF7_REP1); status: NEW; exit: -; error: -; workDir: /mnt/data/work/3e/e424d5d845130265ef274f807bf285]
~> TaskHandler[id: 30; name: NFCORE_RNASEQ:RNASEQ:FASTQ_ALIGN_HISAT2:HISAT2_ALIGN (H1_REP2); status: NEW; exit: -; error: -; workDir: /mnt/data/work/45/bb78be7d80d45537fad3b2567f404e]
~> TaskHandler[id: 29; name: NFCORE_RNASEQ:RNASEQ:FASTQ_ALIGN_HISAT2:HISAT2_ALIGN (K562_REP2); status: NEW; exit: -; error: -; workDir: /mnt/data/work/a3/f7fd818b4a8476689ec7c1e90cdbd5]
~> TaskHandler[id: 33; name: NFCORE_RNASEQ:RNASEQ:QUANTIFY_PSEUDO_ALIGNMENT:SALMON_QUANT (GM12878_REP1); status: NEW; exit: -; error: -; workDir: /mnt/data/work/8e/f89c1f5a3733f97f769bf4886811c1]
~> TaskHandler[id: 37; name: NFCORE_RNASEQ:RNASEQ:QUANTIFY_PSEUDO_ALIGNMENT:SALMON_QUANT (K562_REP2); status: NEW; exit: -; error: -; workDir: /mnt/data/work/86/88b17d7e87d3ba9e6988a00c1d5568]
~> TaskHandler[id: 34; name: NFCORE_RNASEQ:RNASEQ:QUANTIFY_PSEUDO_ALIGNMENT:SALMON_QUANT (MCF7_REP2); status: NEW; exit: -; error: -; workDir: /mnt/data/work/13/34c87e8f71a9982d1abafbd9720260]
.. remaining tasks omitted.
Mar-20 13:20:30.373 [Task monitor] DEBUG n.processor.TaskPollingMonitor - !! executor local > tasks to be completed: 1 -- submitted tasks are shown below
~> TaskHandler[id: 25; name: NFCORE_RNASEQ:RNASEQ:FASTQ_ALIGN_HISAT2:HISAT2_ALIGN (GM12878_REP1); status: RUNNING; exit: -; error: -; workDir: /mnt/data/work/3f/81b7be5ab915c968e3dbda3b661503]
Mar-20 13:23:38.447 [Task submitter] DEBUG n.processor.TaskPollingMonitor - %% executor local > tasks in the submission queue: 15 -- tasks to be submitted are shown below
~> TaskHandler[id: 26; name: NFCORE_RNASEQ:RNASEQ:FASTQ_ALIGN_HISAT2:HISAT2_ALIGN (MCF7_REP2); status: NEW; exit: -; error: -; workDir: /mnt/data/work/e7/328c9a739b5af8699633d96174a8e9]
~> TaskHandler[id: 27; name: NFCORE_RNASEQ:RNASEQ:FASTQ_ALIGN_HISAT2:HISAT2_ALIGN (GM12878_REP2); status: NEW; exit: -; error: -; workDir: /mnt/data/work/dc/29dfac82009d78af2f80353ba40f18]
~> TaskHandler[id: 24; name: NFCORE_RNASEQ:RNASEQ:FASTQ_ALIGN_HISAT2:HISAT2_ALIGN (H1_REP1); status: NEW; exit: -; error: -; workDir: /mnt/data/work/56/566e09050ee2bc829389db46290a29]
~> TaskHandler[id: 23; name: NFCORE_RNASEQ:RNASEQ:FASTQ_ALIGN_HISAT2:HISAT2_ALIGN (K562_REP1); status: NEW; exit: -; error: -; workDir: /mnt/data/work/8b/a093a64c5e1cdd18e03dcd1df9b929]
~> TaskHandler[id: 28; name: NFCORE_RNASEQ:RNASEQ:FASTQ_ALIGN_HISAT2:HISAT2_ALIGN (MCF7_REP1); status: NEW; exit: -; error: -; workDir: /mnt/data/work/3e/e424d5d845130265ef274f807bf285]
~> TaskHandler[id: 30; name: NFCORE_RNASEQ:RNASEQ:FASTQ_ALIGN_HISAT2:HISAT2_ALIGN (H1_REP2); status: NEW; exit: -; error: -; workDir: /mnt/data/work/45/bb78be7d80d45537fad3b2567f404e]
~> TaskHandler[id: 29; name: NFCORE_RNASEQ:RNASEQ:FASTQ_ALIGN_HISAT2:HISAT2_ALIGN (K562_REP2); status: NEW; exit: -; error: -; workDir: /mnt/data/work/a3/f7fd818b4a8476689ec7c1e90cdbd5]
~> TaskHandler[id: 33; name: NFCORE_RNASEQ:RNASEQ:QUANTIFY_PSEUDO_ALIGNMENT:SALMON_QUANT (GM12878_REP1); status: NEW; exit: -; error: -; workDir: /mnt/data/work/8e/f89c1f5a3733f97f769bf4886811c1]
~> TaskHandler[id: 37; name: NFCORE_RNASEQ:RNASEQ:QUANTIFY_PSEUDO_ALIGNMENT:SALMON_QUANT (K562_REP2); status: NEW; exit: -; error: -; workDir: /mnt/data/work/86/88b17d7e87d3ba9e6988a00c1d5568]
~> TaskHandler[id: 34; name: NFCORE_RNASEQ:RNASEQ:QUANTIFY_PSEUDO_ALIGNMENT:SALMON_QUANT (MCF7_REP2); status: NEW; exit: -; error: -; workDir: /mnt/data/work/13/34c87e8f71a9982d1abafbd9720260]
.. remaining tasks omitted.
Mar-20 13:25:30.386 [Task monitor] DEBUG n.processor.TaskPollingMonitor - !! executor local > tasks to be completed: 1 -- submitted tasks are shown below
~> TaskHandler[id: 25; name: NFCORE_RNASEQ:RNASEQ:FASTQ_ALIGN_HISAT2:HISAT2_ALIGN (GM12878_REP1); status: RUNNING; exit: -; error: -; workDir: /mnt/data/work/3f/81b7be5ab915c968e3dbda3b661503]
Mar-20 13:28:38.503 [Task submitter] DEBUG n.processor.TaskPollingMonitor - %% executor local > tasks in the submission queue: 15 -- tasks to be submitted are shown below
~> TaskHandler[id: 26; name: NFCORE_RNASEQ:RNASEQ:FASTQ_ALIGN_HISAT2:HISAT2_ALIGN (MCF7_REP2); status: NEW; exit: -; error: -; workDir: /mnt/data/work/e7/328c9a739b5af8699633d96174a8e9]
~> TaskHandler[id: 27; name: NFCORE_RNASEQ:RNASEQ:FASTQ_ALIGN_HISAT2:HISAT2_ALIGN (GM12878_REP2); status: NEW; exit: -; error: -; workDir: /mnt/data/work/dc/29dfac82009d78af2f80353ba40f18]
~> TaskHandler[id: 24; name: NFCORE_RNASEQ:RNASEQ:FASTQ_ALIGN_HISAT2:HISAT2_ALIGN (H1_REP1); status: NEW; exit: -; error: -; workDir: /mnt/data/work/56/566e09050ee2bc829389db46290a29]
~> TaskHandler[id: 23; name: NFCORE_RNASEQ:RNASEQ:FASTQ_ALIGN_HISAT2:HISAT2_ALIGN (K562_REP1); status: NEW; exit: -; error: -; workDir: /mnt/data/work/8b/a093a64c5e1cdd18e03dcd1df9b929]
~> TaskHandler[id: 28; name: NFCORE_RNASEQ:RNASEQ:FASTQ_ALIGN_HISAT2:HISAT2_ALIGN (MCF7_REP1); status: NEW; exit: -; error: -; workDir: /mnt/data/work/3e/e424d5d845130265ef274f807bf285]
~> TaskHandler[id: 30; name: NFCORE_RNASEQ:RNASEQ:FASTQ_ALIGN_HISAT2:HISAT2_ALIGN (H1_REP2); status: NEW; exit: -; error: -; workDir: /mnt/data/work/45/bb78be7d80d45537fad3b2567f404e]
~> TaskHandler[id: 29; name: NFCORE_RNASEQ:RNASEQ:FASTQ_ALIGN_HISAT2:HISAT2_ALIGN (K562_REP2); status: NEW; exit: -; error: -; workDir: /mnt/data/work/a3/f7fd818b4a8476689ec7c1e90cdbd5]
~> TaskHandler[id: 33; name: NFCORE_RNASEQ:RNASEQ:QUANTIFY_PSEUDO_ALIGNMENT:SALMON_QUANT (GM12878_REP1); status: NEW; exit: -; error: -; workDir: /mnt/data/work/8e/f89c1f5a3733f97f769bf4886811c1]
~> TaskHandler[id: 37; name: NFCORE_RNASEQ:RNASEQ:QUANTIFY_PSEUDO_ALIGNMENT:SALMON_QUANT (K562_REP2); status: NEW; exit: -; error: -; workDir: /mnt/data/work/86/88b17d7e87d3ba9e6988a00c1d5568]
~> TaskHandler[id: 34; name: NFCORE_RNASEQ:RNASEQ:QUANTIFY_PSEUDO_ALIGNMENT:SALMON_QUANT (MCF7_REP2); status: NEW; exit: -; error: -; workDir: /mnt/data/work/13/34c87e8f71a9982d1abafbd9720260]
.. remaining tasks omitted.
Mar-20 13:30:30.416 [Task monitor] DEBUG n.processor.TaskPollingMonitor - !! executor local > tasks to be completed: 1 -- submitted tasks are shown below
~> TaskHandler[id: 25; name: NFCORE_RNASEQ:RNASEQ:FASTQ_ALIGN_HISAT2:HISAT2_ALIGN (GM12878_REP1); status: RUNNING; exit: -; error: -; workDir: /mnt/data/work/3f/81b7be5ab915c968e3dbda3b661503]
Mar-20 13:33:38.567 [Task submitter] DEBUG n.processor.TaskPollingMonitor - %% executor local > tasks in the submission queue: 15 -- tasks to be submitted are shown below
~> TaskHandler[id: 26; name: NFCORE_RNASEQ:RNASEQ:FASTQ_ALIGN_HISAT2:HISAT2_ALIGN (MCF7_REP2); status: NEW; exit: -; error: -; workDir: /mnt/data/work/e7/328c9a739b5af8699633d96174a8e9]
~> TaskHandler[id: 27; name: NFCORE_RNASEQ:RNASEQ:FASTQ_ALIGN_HISAT2:HISAT2_ALIGN (GM12878_REP2); status: NEW; exit: -; error: -; workDir: /mnt/data/work/dc/29dfac82009d78af2f80353ba40f18]
~> TaskHandler[id: 24; name: NFCORE_RNASEQ:RNASEQ:FASTQ_ALIGN_HISAT2:HISAT2_ALIGN (H1_REP1); status: NEW; exit: -; error: -; workDir: /mnt/data/work/56/566e09050ee2bc829389db46290a29]
~> TaskHandler[id: 23; name: NFCORE_RNASEQ:RNASEQ:FASTQ_ALIGN_HISAT2:HISAT2_ALIGN (K562_REP1); status: NEW; exit: -; error: -; workDir: /mnt/data/work/8b/a093a64c5e1cdd18e03dcd1df9b929]
~> TaskHandler[id: 28; name: NFCORE_RNASEQ:RNASEQ:FASTQ_ALIGN_HISAT2:HISAT2_ALIGN (MCF7_REP1); status: NEW; exit: -; error: -; workDir: /mnt/data/work/3e/e424d5d845130265ef274f807bf285]
~> TaskHandler[id: 30; name: NFCORE_RNASEQ:RNASEQ:FASTQ_ALIGN_HISAT2:HISAT2_ALIGN (H1_REP2); status: NEW; exit: -; error: -; workDir: /mnt/data/work/45/bb78be7d80d45537fad3b2567f404e]
~> TaskHandler[id: 29; name: NFCORE_RNASEQ:RNASEQ:FASTQ_ALIGN_HISAT2:HISAT2_ALIGN (K562_REP2); status: NEW; exit: -; error: -; workDir: /mnt/data/work/a3/f7fd818b4a8476689ec7c1e90cdbd5]
~> TaskHandler[id: 33; name: NFCORE_RNASEQ:RNASEQ:QUANTIFY_PSEUDO_ALIGNMENT:SALMON_QUANT (GM12878_REP1); status: NEW; exit: -; error: -; workDir: /mnt/data/work/8e/f89c1f5a3733f97f769bf4886811c1]
~> TaskHandler[id: 37; name: NFCORE_RNASEQ:RNASEQ:QUANTIFY_PSEUDO_ALIGNMENT:SALMON_QUANT (K562_REP2); status: NEW; exit: -; error: -; workDir: /mnt/data/work/86/88b17d7e87d3ba9e6988a00c1d5568]
~> TaskHandler[id: 34; name: NFCORE_RNASEQ:RNASEQ:QUANTIFY_PSEUDO_ALIGNMENT:SALMON_QUANT (MCF7_REP2); status: NEW; exit: -; error: -; workDir: /mnt/data/work/13/34c87e8f71a9982d1abafbd9720260]
.. remaining tasks omitted.
Mar-20 13:35:30.447 [Task monitor] DEBUG n.processor.TaskPollingMonitor - !! executor local > tasks to be completed: 1 -- submitted tasks are shown below
~> TaskHandler[id: 25; name: NFCORE_RNASEQ:RNASEQ:FASTQ_ALIGN_HISAT2:HISAT2_ALIGN (GM12878_REP1); status: RUNNING; exit: -; error: -; workDir: /mnt/data/work/3f/81b7be5ab915c968e3dbda3b661503]
Mar-20 13:38:38.627 [Task submitter] DEBUG n.processor.TaskPollingMonitor - %% executor local > tasks in the submission queue: 15 -- tasks to be submitted are shown below
~> TaskHandler[id: 26; name: NFCORE_RNASEQ:RNASEQ:FASTQ_ALIGN_HISAT2:HISAT2_ALIGN (MCF7_REP2); status: NEW; exit: -; error: -; workDir: /mnt/data/work/e7/328c9a739b5af8699633d96174a8e9]
~> TaskHandler[id: 27; name: NFCORE_RNASEQ:RNASEQ:FASTQ_ALIGN_HISAT2:HISAT2_ALIGN (GM12878_REP2); status: NEW; exit: -; error: -; workDir: /mnt/data/work/dc/29dfac82009d78af2f80353ba40f18]
~> TaskHandler[id: 24; name: NFCORE_RNASEQ:RNASEQ:FASTQ_ALIGN_HISAT2:HISAT2_ALIGN (H1_REP1); status: NEW; exit: -; error: -; workDir: /mnt/data/work/56/566e09050ee2bc829389db46290a29]
~> TaskHandler[id: 23; name: NFCORE_RNASEQ:RNASEQ:FASTQ_ALIGN_HISAT2:HISAT2_ALIGN (K562_REP1); status: NEW; exit: -; error: -; workDir: /mnt/data/work/8b/a093a64c5e1cdd18e03dcd1df9b929]
~> TaskHandler[id: 28; name: NFCORE_RNASEQ:RNASEQ:FASTQ_ALIGN_HISAT2:HISAT2_ALIGN (MCF7_REP1); status: NEW; exit: -; error: -; workDir: /mnt/data/work/3e/e424d5d845130265ef274f807bf285]
~> TaskHandler[id: 30; name: NFCORE_RNASEQ:RNASEQ:FASTQ_ALIGN_HISAT2:HISAT2_ALIGN (H1_REP2); status: NEW; exit: -; error: -; workDir: /mnt/data/work/45/bb78be7d80d45537fad3b2567f404e]
~> TaskHandler[id: 29; name: NFCORE_RNASEQ:RNASEQ:FASTQ_ALIGN_HISAT2:HISAT2_ALIGN (K562_REP2); status: NEW; exit: -; error: -; workDir: /mnt/data/work/a3/f7fd818b4a8476689ec7c1e90cdbd5]
~> TaskHandler[id: 33; name: NFCORE_RNASEQ:RNASEQ:QUANTIFY_PSEUDO_ALIGNMENT:SALMON_QUANT (GM12878_REP1); status: NEW; exit: -; error: -; workDir: /mnt/data/work/8e/f89c1f5a3733f97f769bf4886811c1]
~> TaskHandler[id: 37; name: NFCORE_RNASEQ:RNASEQ:QUANTIFY_PSEUDO_ALIGNMENT:SALMON_QUANT (K562_REP2); status: NEW; exit: -; error: -; workDir: /mnt/data/work/86/88b17d7e87d3ba9e6988a00c1d5568]
~> TaskHandler[id: 34; name: NFCORE_RNASEQ:RNASEQ:QUANTIFY_PSEUDO_ALIGNMENT:SALMON_QUANT (MCF7_REP2); status: NEW; exit: -; error: -; workDir: /mnt/data/work/13/34c87e8f71a9982d1abafbd9720260]
.. remaining tasks omitted.
Mar-20 13:40:30.477 [Task monitor] DEBUG n.processor.TaskPollingMonitor - !! executor local > tasks to be completed: 1 -- submitted tasks are shown below
~> TaskHandler[id: 25; name: NFCORE_RNASEQ:RNASEQ:FASTQ_ALIGN_HISAT2:HISAT2_ALIGN (GM12878_REP1); status: RUNNING; exit: -; error: -; workDir: /mnt/data/work/3f/81b7be5ab915c968e3dbda3b661503]
Mar-20 13:43:38.676 [Task submitter] DEBUG n.processor.TaskPollingMonitor - %% executor local > tasks in the submission queue: 15 -- tasks to be submitted are shown below
~> TaskHandler[id: 26; name: NFCORE_RNASEQ:RNASEQ:FASTQ_ALIGN_HISAT2:HISAT2_ALIGN (MCF7_REP2); status: NEW; exit: -; error: -; workDir: /mnt/data/work/e7/328c9a739b5af8699633d96174a8e9]
~> TaskHandler[id: 27; name: NFCORE_RNASEQ:RNASEQ:FASTQ_ALIGN_HISAT2:HISAT2_ALIGN (GM12878_REP2); status: NEW; exit: -; error: -; workDir: /mnt/data/work/dc/29dfac82009d78af2f80353ba40f18]
~> TaskHandler[id: 24; name: NFCORE_RNASEQ:RNASEQ:FASTQ_ALIGN_HISAT2:HISAT2_ALIGN (H1_REP1); status: NEW; exit: -; error: -; workDir: /mnt/data/work/56/566e09050ee2bc829389db46290a29]
~> TaskHandler[id: 23; name: NFCORE_RNASEQ:RNASEQ:FASTQ_ALIGN_HISAT2:HISAT2_ALIGN (K562_REP1); status: NEW; exit: -; error: -; workDir: /mnt/data/work/8b/a093a64c5e1cdd18e03dcd1df9b929]
~> TaskHandler[id: 28; name: NFCORE_RNASEQ:RNASEQ:FASTQ_ALIGN_HISAT2:HISAT2_ALIGN (MCF7_REP1); status: NEW; exit: -; error: -; workDir: /mnt/data/work/3e/e424d5d845130265ef274f807bf285]
~> TaskHandler[id: 30; name: NFCORE_RNASEQ:RNASEQ:FASTQ_ALIGN_HISAT2:HISAT2_ALIGN (H1_REP2); status: NEW; exit: -; error: -; workDir: /mnt/data/work/45/bb78be7d80d45537fad3b2567f404e]
~> TaskHandler[id: 29; name: NFCORE_RNASEQ:RNASEQ:FASTQ_ALIGN_HISAT2:HISAT2_ALIGN (K562_REP2); status: NEW; exit: -; error: -; workDir: /mnt/data/work/a3/f7fd818b4a8476689ec7c1e90cdbd5]
~> TaskHandler[id: 33; name: NFCORE_RNASEQ:RNASEQ:QUANTIFY_PSEUDO_ALIGNMENT:SALMON_QUANT (GM12878_REP1); status: NEW; exit: -; error: -; workDir: /mnt/data/work/8e/f89c1f5a3733f97f769bf4886811c1]
~> TaskHandler[id: 37; name: NFCORE_RNASEQ:RNASEQ:QUANTIFY_PSEUDO_ALIGNMENT:SALMON_QUANT (K562_REP2); status: NEW; exit: -; error: -; workDir: /mnt/data/work/86/88b17d7e87d3ba9e6988a00c1d5568]
~> TaskHandler[id: 34; name: NFCORE_RNASEQ:RNASEQ:QUANTIFY_PSEUDO_ALIGNMENT:SALMON_QUANT (MCF7_REP2); status: NEW; exit: -; error: -; workDir: /mnt/data/work/13/34c87e8f71a9982d1abafbd9720260]
.. remaining tasks omitted.
Mar-20 13:45:30.494 [Task monitor] DEBUG n.processor.TaskPollingMonitor - !! executor local > tasks to be completed: 1 -- submitted tasks are shown below
~> TaskHandler[id: 25; name: NFCORE_RNASEQ:RNASEQ:FASTQ_ALIGN_HISAT2:HISAT2_ALIGN (GM12878_REP1); status: RUNNING; exit: -; error: -; workDir: /mnt/data/work/3f/81b7be5ab915c968e3dbda3b661503]
Mar-20 13:48:38.727 [Task submitter] DEBUG n.processor.TaskPollingMonitor - %% executor local > tasks in the submission queue: 15 -- tasks to be submitted are shown below
~> TaskHandler[id: 26; name: NFCORE_RNASEQ:RNASEQ:FASTQ_ALIGN_HISAT2:HISAT2_ALIGN (MCF7_REP2); status: NEW; exit: -; error: -; workDir: /mnt/data/work/e7/328c9a739b5af8699633d96174a8e9]
~> TaskHandler[id: 27; name: NFCORE_RNASEQ:RNASEQ:FASTQ_ALIGN_HISAT2:HISAT2_ALIGN (GM12878_REP2); status: NEW; exit: -; error: -; workDir: /mnt/data/work/dc/29dfac82009d78af2f80353ba40f18]
~> TaskHandler[id: 24; name: NFCORE_RNASEQ:RNASEQ:FASTQ_ALIGN_HISAT2:HISAT2_ALIGN (H1_REP1); status: NEW; exit: -; error: -; workDir: /mnt/data/work/56/566e09050ee2bc829389db46290a29]
~> TaskHandler[id: 23; name: NFCORE_RNASEQ:RNASEQ:FASTQ_ALIGN_HISAT2:HISAT2_ALIGN (K562_REP1); status: NEW; exit: -; error: -; workDir: /mnt/data/work/8b/a093a64c5e1cdd18e03dcd1df9b929]
~> TaskHandler[id: 28; name: NFCORE_RNASEQ:RNASEQ:FASTQ_ALIGN_HISAT2:HISAT2_ALIGN (MCF7_REP1); status: NEW; exit: -; error: -; workDir: /mnt/data/work/3e/e424d5d845130265ef274f807bf285]
~> TaskHandler[id: 30; name: NFCORE_RNASEQ:RNASEQ:FASTQ_ALIGN_HISAT2:HISAT2_ALIGN (H1_REP2); status: NEW; exit: -; error: -; workDir: /mnt/data/work/45/bb78be7d80d45537fad3b2567f404e]
~> TaskHandler[id: 29; name: NFCORE_RNASEQ:RNASEQ:FASTQ_ALIGN_HISAT2:HISAT2_ALIGN (K562_REP2); status: NEW; exit: -; error: -; workDir: /mnt/data/work/a3/f7fd818b4a8476689ec7c1e90cdbd5]
~> TaskHandler[id: 33; name: NFCORE_RNASEQ:RNASEQ:QUANTIFY_PSEUDO_ALIGNMENT:SALMON_QUANT (GM12878_REP1); status: NEW; exit: -; error: -; workDir: /mnt/data/work/8e/f89c1f5a3733f97f769bf4886811c1]
~> TaskHandler[id: 37; name: NFCORE_RNASEQ:RNASEQ:QUANTIFY_PSEUDO_ALIGNMENT:SALMON_QUANT (K562_REP2); status: NEW; exit: -; error: -; workDir: /mnt/data/work/86/88b17d7e87d3ba9e6988a00c1d5568]
~> TaskHandler[id: 34; name: NFCORE_RNASEQ:RNASEQ:QUANTIFY_PSEUDO_ALIGNMENT:SALMON_QUANT (MCF7_REP2); status: NEW; exit: -; error: -; workDir: /mnt/data/work/13/34c87e8f71a9982d1abafbd9720260]
.. remaining tasks omitted.
Mar-20 13:49:10.961 [Task monitor] DEBUG n.processor.TaskPollingMonitor - Task completed > TaskHandler[id: 25; name: NFCORE_RNASEQ:RNASEQ:FASTQ_ALIGN_HISAT2:HISAT2_ALIGN (GM12878_REP1); status: COMPLETED; exit: 0; error: -; workDir: /mnt/data/work/3f/81b7be5ab915c968e3dbda3b661503]
Mar-20 13:49:10.968 [Task submitter] DEBUG n.executor.local.LocalTaskHandler - Launch cmd line: /bin/bash -ue .command.run
Mar-20 13:49:10.968 [Task submitter] INFO  nextflow.Session - [e7/328c9a] Submitted process > NFCORE_RNASEQ:RNASEQ:FASTQ_ALIGN_HISAT2:HISAT2_ALIGN (MCF7_REP2)
Mar-20 13:49:10.969 [TaskFinalizer-3] DEBUG nextflow.processor.TaskProcessor - Process NFCORE_RNASEQ:RNASEQ:FASTQ_ALIGN_HISAT2:HISAT2_ALIGN > Skipping output binding because one or more optional files are missing: fileoutparam<2:1>
Mar-20 13:50:30.564 [Task monitor] DEBUG n.processor.TaskPollingMonitor - !! executor local > tasks to be completed: 1 -- submitted tasks are shown below
~> TaskHandler[id: 26; name: NFCORE_RNASEQ:RNASEQ:FASTQ_ALIGN_HISAT2:HISAT2_ALIGN (MCF7_REP2); status: RUNNING; exit: -; error: -; workDir: /mnt/data/work/e7/328c9a739b5af8699633d96174a8e9]
Mar-20 13:53:39.019 [Task submitter] DEBUG n.processor.TaskPollingMonitor - %% executor local > tasks in the submission queue: 15 -- tasks to be submitted are shown below
~> TaskHandler[id: 27; name: NFCORE_RNASEQ:RNASEQ:FASTQ_ALIGN_HISAT2:HISAT2_ALIGN (GM12878_REP2); status: NEW; exit: -; error: -; workDir: /mnt/data/work/dc/29dfac82009d78af2f80353ba40f18]
~> TaskHandler[id: 24; name: NFCORE_RNASEQ:RNASEQ:FASTQ_ALIGN_HISAT2:HISAT2_ALIGN (H1_REP1); status: NEW; exit: -; error: -; workDir: /mnt/data/work/56/566e09050ee2bc829389db46290a29]
~> TaskHandler[id: 23; name: NFCORE_RNASEQ:RNASEQ:FASTQ_ALIGN_HISAT2:HISAT2_ALIGN (K562_REP1); status: NEW; exit: -; error: -; workDir: /mnt/data/work/8b/a093a64c5e1cdd18e03dcd1df9b929]
~> TaskHandler[id: 28; name: NFCORE_RNASEQ:RNASEQ:FASTQ_ALIGN_HISAT2:HISAT2_ALIGN (MCF7_REP1); status: NEW; exit: -; error: -; workDir: /mnt/data/work/3e/e424d5d845130265ef274f807bf285]
~> TaskHandler[id: 30; name: NFCORE_RNASEQ:RNASEQ:FASTQ_ALIGN_HISAT2:HISAT2_ALIGN (H1_REP2); status: NEW; exit: -; error: -; workDir: /mnt/data/work/45/bb78be7d80d45537fad3b2567f404e]
~> TaskHandler[id: 29; name: NFCORE_RNASEQ:RNASEQ:FASTQ_ALIGN_HISAT2:HISAT2_ALIGN (K562_REP2); status: NEW; exit: -; error: -; workDir: /mnt/data/work/a3/f7fd818b4a8476689ec7c1e90cdbd5]
~> TaskHandler[id: 33; name: NFCORE_RNASEQ:RNASEQ:QUANTIFY_PSEUDO_ALIGNMENT:SALMON_QUANT (GM12878_REP1); status: NEW; exit: -; error: -; workDir: /mnt/data/work/8e/f89c1f5a3733f97f769bf4886811c1]
~> TaskHandler[id: 37; name: NFCORE_RNASEQ:RNASEQ:QUANTIFY_PSEUDO_ALIGNMENT:SALMON_QUANT (K562_REP2); status: NEW; exit: -; error: -; workDir: /mnt/data/work/86/88b17d7e87d3ba9e6988a00c1d5568]
~> TaskHandler[id: 34; name: NFCORE_RNASEQ:RNASEQ:QUANTIFY_PSEUDO_ALIGNMENT:SALMON_QUANT (MCF7_REP2); status: NEW; exit: -; error: -; workDir: /mnt/data/work/13/34c87e8f71a9982d1abafbd9720260]
~> TaskHandler[id: 36; name: NFCORE_RNASEQ:RNASEQ:QUANTIFY_PSEUDO_ALIGNMENT:SALMON_QUANT (MCF7_REP1); status: NEW; exit: -; error: -; workDir: /mnt/data/work/08/2d11617ec8aa1ceacbf842a7b08227]
.. remaining tasks omitted.
Mar-20 13:55:30.630 [Task monitor] DEBUG n.processor.TaskPollingMonitor - !! executor local > tasks to be completed: 1 -- submitted tasks are shown below
~> TaskHandler[id: 26; name: NFCORE_RNASEQ:RNASEQ:FASTQ_ALIGN_HISAT2:HISAT2_ALIGN (MCF7_REP2); status: RUNNING; exit: -; error: -; workDir: /mnt/data/work/e7/328c9a739b5af8699633d96174a8e9]
Mar-20 13:58:39.070 [Task submitter] DEBUG n.processor.TaskPollingMonitor - %% executor local > tasks in the submission queue: 15 -- tasks to be submitted are shown below
~> TaskHandler[id: 27; name: NFCORE_RNASEQ:RNASEQ:FASTQ_ALIGN_HISAT2:HISAT2_ALIGN (GM12878_REP2); status: NEW; exit: -; error: -; workDir: /mnt/data/work/dc/29dfac82009d78af2f80353ba40f18]
~> TaskHandler[id: 24; name: NFCORE_RNASEQ:RNASEQ:FASTQ_ALIGN_HISAT2:HISAT2_ALIGN (H1_REP1); status: NEW; exit: -; error: -; workDir: /mnt/data/work/56/566e09050ee2bc829389db46290a29]
~> TaskHandler[id: 23; name: NFCORE_RNASEQ:RNASEQ:FASTQ_ALIGN_HISAT2:HISAT2_ALIGN (K562_REP1); status: NEW; exit: -; error: -; workDir: /mnt/data/work/8b/a093a64c5e1cdd18e03dcd1df9b929]
~> TaskHandler[id: 28; name: NFCORE_RNASEQ:RNASEQ:FASTQ_ALIGN_HISAT2:HISAT2_ALIGN (MCF7_REP1); status: NEW; exit: -; error: -; workDir: /mnt/data/work/3e/e424d5d845130265ef274f807bf285]
~> TaskHandler[id: 30; name: NFCORE_RNASEQ:RNASEQ:FASTQ_ALIGN_HISAT2:HISAT2_ALIGN (H1_REP2); status: NEW; exit: -; error: -; workDir: /mnt/data/work/45/bb78be7d80d45537fad3b2567f404e]
~> TaskHandler[id: 29; name: NFCORE_RNASEQ:RNASEQ:FASTQ_ALIGN_HISAT2:HISAT2_ALIGN (K562_REP2); status: NEW; exit: -; error: -; workDir: /mnt/data/work/a3/f7fd818b4a8476689ec7c1e90cdbd5]
~> TaskHandler[id: 33; name: NFCORE_RNASEQ:RNASEQ:QUANTIFY_PSEUDO_ALIGNMENT:SALMON_QUANT (GM12878_REP1); status: NEW; exit: -; error: -; workDir: /mnt/data/work/8e/f89c1f5a3733f97f769bf4886811c1]
~> TaskHandler[id: 37; name: NFCORE_RNASEQ:RNASEQ:QUANTIFY_PSEUDO_ALIGNMENT:SALMON_QUANT (K562_REP2); status: NEW; exit: -; error: -; workDir: /mnt/data/work/86/88b17d7e87d3ba9e6988a00c1d5568]
~> TaskHandler[id: 34; name: NFCORE_RNASEQ:RNASEQ:QUANTIFY_PSEUDO_ALIGNMENT:SALMON_QUANT (MCF7_REP2); status: NEW; exit: -; error: -; workDir: /mnt/data/work/13/34c87e8f71a9982d1abafbd9720260]
~> TaskHandler[id: 36; name: NFCORE_RNASEQ:RNASEQ:QUANTIFY_PSEUDO_ALIGNMENT:SALMON_QUANT (MCF7_REP1); status: NEW; exit: -; error: -; workDir: /mnt/data/work/08/2d11617ec8aa1ceacbf842a7b08227]
.. remaining tasks omitted.
Mar-20 14:00:30.680 [Task monitor] DEBUG n.processor.TaskPollingMonitor - !! executor local > tasks to be completed: 1 -- submitted tasks are shown below
~> TaskHandler[id: 26; name: NFCORE_RNASEQ:RNASEQ:FASTQ_ALIGN_HISAT2:HISAT2_ALIGN (MCF7_REP2); status: RUNNING; exit: -; error: -; workDir: /mnt/data/work/e7/328c9a739b5af8699633d96174a8e9]
Mar-20 14:03:39.122 [Task submitter] DEBUG n.processor.TaskPollingMonitor - %% executor local > tasks in the submission queue: 15 -- tasks to be submitted are shown below
~> TaskHandler[id: 27; name: NFCORE_RNASEQ:RNASEQ:FASTQ_ALIGN_HISAT2:HISAT2_ALIGN (GM12878_REP2); status: NEW; exit: -; error: -; workDir: /mnt/data/work/dc/29dfac82009d78af2f80353ba40f18]
~> TaskHandler[id: 24; name: NFCORE_RNASEQ:RNASEQ:FASTQ_ALIGN_HISAT2:HISAT2_ALIGN (H1_REP1); status: NEW; exit: -; error: -; workDir: /mnt/data/work/56/566e09050ee2bc829389db46290a29]
~> TaskHandler[id: 23; name: NFCORE_RNASEQ:RNASEQ:FASTQ_ALIGN_HISAT2:HISAT2_ALIGN (K562_REP1); status: NEW; exit: -; error: -; workDir: /mnt/data/work/8b/a093a64c5e1cdd18e03dcd1df9b929]
~> TaskHandler[id: 28; name: NFCORE_RNASEQ:RNASEQ:FASTQ_ALIGN_HISAT2:HISAT2_ALIGN (MCF7_REP1); status: NEW; exit: -; error: -; workDir: /mnt/data/work/3e/e424d5d845130265ef274f807bf285]
~> TaskHandler[id: 30; name: NFCORE_RNASEQ:RNASEQ:FASTQ_ALIGN_HISAT2:HISAT2_ALIGN (H1_REP2); status: NEW; exit: -; error: -; workDir: /mnt/data/work/45/bb78be7d80d45537fad3b2567f404e]
~> TaskHandler[id: 29; name: NFCORE_RNASEQ:RNASEQ:FASTQ_ALIGN_HISAT2:HISAT2_ALIGN (K562_REP2); status: NEW; exit: -; error: -; workDir: /mnt/data/work/a3/f7fd818b4a8476689ec7c1e90cdbd5]
~> TaskHandler[id: 33; name: NFCORE_RNASEQ:RNASEQ:QUANTIFY_PSEUDO_ALIGNMENT:SALMON_QUANT (GM12878_REP1); status: NEW; exit: -; error: -; workDir: /mnt/data/work/8e/f89c1f5a3733f97f769bf4886811c1]
~> TaskHandler[id: 37; name: NFCORE_RNASEQ:RNASEQ:QUANTIFY_PSEUDO_ALIGNMENT:SALMON_QUANT (K562_REP2); status: NEW; exit: -; error: -; workDir: /mnt/data/work/86/88b17d7e87d3ba9e6988a00c1d5568]
~> TaskHandler[id: 34; name: NFCORE_RNASEQ:RNASEQ:QUANTIFY_PSEUDO_ALIGNMENT:SALMON_QUANT (MCF7_REP2); status: NEW; exit: -; error: -; workDir: /mnt/data/work/13/34c87e8f71a9982d1abafbd9720260]
~> TaskHandler[id: 36; name: NFCORE_RNASEQ:RNASEQ:QUANTIFY_PSEUDO_ALIGNMENT:SALMON_QUANT (MCF7_REP1); status: NEW; exit: -; error: -; workDir: /mnt/data/work/08/2d11617ec8aa1ceacbf842a7b08227]
.. remaining tasks omitted.
Mar-20 14:05:30.721 [Task monitor] DEBUG n.processor.TaskPollingMonitor - !! executor local > tasks to be completed: 1 -- submitted tasks are shown below
~> TaskHandler[id: 26; name: NFCORE_RNASEQ:RNASEQ:FASTQ_ALIGN_HISAT2:HISAT2_ALIGN (MCF7_REP2); status: RUNNING; exit: -; error: -; workDir: /mnt/data/work/e7/328c9a739b5af8699633d96174a8e9]
Mar-20 14:08:39.175 [Task submitter] DEBUG n.processor.TaskPollingMonitor - %% executor local > tasks in the submission queue: 15 -- tasks to be submitted are shown below
~> TaskHandler[id: 27; name: NFCORE_RNASEQ:RNASEQ:FASTQ_ALIGN_HISAT2:HISAT2_ALIGN (GM12878_REP2); status: NEW; exit: -; error: -; workDir: /mnt/data/work/dc/29dfac82009d78af2f80353ba40f18]
~> TaskHandler[id: 24; name: NFCORE_RNASEQ:RNASEQ:FASTQ_ALIGN_HISAT2:HISAT2_ALIGN (H1_REP1); status: NEW; exit: -; error: -; workDir: /mnt/data/work/56/566e09050ee2bc829389db46290a29]
~> TaskHandler[id: 23; name: NFCORE_RNASEQ:RNASEQ:FASTQ_ALIGN_HISAT2:HISAT2_ALIGN (K562_REP1); status: NEW; exit: -; error: -; workDir: /mnt/data/work/8b/a093a64c5e1cdd18e03dcd1df9b929]
~> TaskHandler[id: 28; name: NFCORE_RNASEQ:RNASEQ:FASTQ_ALIGN_HISAT2:HISAT2_ALIGN (MCF7_REP1); status: NEW; exit: -; error: -; workDir: /mnt/data/work/3e/e424d5d845130265ef274f807bf285]
~> TaskHandler[id: 30; name: NFCORE_RNASEQ:RNASEQ:FASTQ_ALIGN_HISAT2:HISAT2_ALIGN (H1_REP2); status: NEW; exit: -; error: -; workDir: /mnt/data/work/45/bb78be7d80d45537fad3b2567f404e]
~> TaskHandler[id: 29; name: NFCORE_RNASEQ:RNASEQ:FASTQ_ALIGN_HISAT2:HISAT2_ALIGN (K562_REP2); status: NEW; exit: -; error: -; workDir: /mnt/data/work/a3/f7fd818b4a8476689ec7c1e90cdbd5]
~> TaskHandler[id: 33; name: NFCORE_RNASEQ:RNASEQ:QUANTIFY_PSEUDO_ALIGNMENT:SALMON_QUANT (GM12878_REP1); status: NEW; exit: -; error: -; workDir: /mnt/data/work/8e/f89c1f5a3733f97f769bf4886811c1]
~> TaskHandler[id: 37; name: NFCORE_RNASEQ:RNASEQ:QUANTIFY_PSEUDO_ALIGNMENT:SALMON_QUANT (K562_REP2); status: NEW; exit: -; error: -; workDir: /mnt/data/work/86/88b17d7e87d3ba9e6988a00c1d5568]
~> TaskHandler[id: 34; name: NFCORE_RNASEQ:RNASEQ:QUANTIFY_PSEUDO_ALIGNMENT:SALMON_QUANT (MCF7_REP2); status: NEW; exit: -; error: -; workDir: /mnt/data/work/13/34c87e8f71a9982d1abafbd9720260]
~> TaskHandler[id: 36; name: NFCORE_RNASEQ:RNASEQ:QUANTIFY_PSEUDO_ALIGNMENT:SALMON_QUANT (MCF7_REP1); status: NEW; exit: -; error: -; workDir: /mnt/data/work/08/2d11617ec8aa1ceacbf842a7b08227]
.. remaining tasks omitted.
Mar-20 14:10:30.773 [Task monitor] DEBUG n.processor.TaskPollingMonitor - !! executor local > tasks to be completed: 1 -- submitted tasks are shown below
~> TaskHandler[id: 26; name: NFCORE_RNASEQ:RNASEQ:FASTQ_ALIGN_HISAT2:HISAT2_ALIGN (MCF7_REP2); status: RUNNING; exit: -; error: -; workDir: /mnt/data/work/e7/328c9a739b5af8699633d96174a8e9]
Mar-20 14:13:39.225 [Task submitter] DEBUG n.processor.TaskPollingMonitor - %% executor local > tasks in the submission queue: 15 -- tasks to be submitted are shown below
~> TaskHandler[id: 27; name: NFCORE_RNASEQ:RNASEQ:FASTQ_ALIGN_HISAT2:HISAT2_ALIGN (GM12878_REP2); status: NEW; exit: -; error: -; workDir: /mnt/data/work/dc/29dfac82009d78af2f80353ba40f18]
~> TaskHandler[id: 24; name: NFCORE_RNASEQ:RNASEQ:FASTQ_ALIGN_HISAT2:HISAT2_ALIGN (H1_REP1); status: NEW; exit: -; error: -; workDir: /mnt/data/work/56/566e09050ee2bc829389db46290a29]
~> TaskHandler[id: 23; name: NFCORE_RNASEQ:RNASEQ:FASTQ_ALIGN_HISAT2:HISAT2_ALIGN (K562_REP1); status: NEW; exit: -; error: -; workDir: /mnt/data/work/8b/a093a64c5e1cdd18e03dcd1df9b929]
~> TaskHandler[id: 28; name: NFCORE_RNASEQ:RNASEQ:FASTQ_ALIGN_HISAT2:HISAT2_ALIGN (MCF7_REP1); status: NEW; exit: -; error: -; workDir: /mnt/data/work/3e/e424d5d845130265ef274f807bf285]
~> TaskHandler[id: 30; name: NFCORE_RNASEQ:RNASEQ:FASTQ_ALIGN_HISAT2:HISAT2_ALIGN (H1_REP2); status: NEW; exit: -; error: -; workDir: /mnt/data/work/45/bb78be7d80d45537fad3b2567f404e]
~> TaskHandler[id: 29; name: NFCORE_RNASEQ:RNASEQ:FASTQ_ALIGN_HISAT2:HISAT2_ALIGN (K562_REP2); status: NEW; exit: -; error: -; workDir: /mnt/data/work/a3/f7fd818b4a8476689ec7c1e90cdbd5]
~> TaskHandler[id: 33; name: NFCORE_RNASEQ:RNASEQ:QUANTIFY_PSEUDO_ALIGNMENT:SALMON_QUANT (GM12878_REP1); status: NEW; exit: -; error: -; workDir: /mnt/data/work/8e/f89c1f5a3733f97f769bf4886811c1]
~> TaskHandler[id: 37; name: NFCORE_RNASEQ:RNASEQ:QUANTIFY_PSEUDO_ALIGNMENT:SALMON_QUANT (K562_REP2); status: NEW; exit: -; error: -; workDir: /mnt/data/work/86/88b17d7e87d3ba9e6988a00c1d5568]
~> TaskHandler[id: 34; name: NFCORE_RNASEQ:RNASEQ:QUANTIFY_PSEUDO_ALIGNMENT:SALMON_QUANT (MCF7_REP2); status: NEW; exit: -; error: -; workDir: /mnt/data/work/13/34c87e8f71a9982d1abafbd9720260]
~> TaskHandler[id: 36; name: NFCORE_RNASEQ:RNASEQ:QUANTIFY_PSEUDO_ALIGNMENT:SALMON_QUANT (MCF7_REP1); status: NEW; exit: -; error: -; workDir: /mnt/data/work/08/2d11617ec8aa1ceacbf842a7b08227]
.. remaining tasks omitted.
Mar-20 14:15:30.828 [Task monitor] DEBUG n.processor.TaskPollingMonitor - !! executor local > tasks to be completed: 1 -- submitted tasks are shown below
~> TaskHandler[id: 26; name: NFCORE_RNASEQ:RNASEQ:FASTQ_ALIGN_HISAT2:HISAT2_ALIGN (MCF7_REP2); status: RUNNING; exit: -; error: -; workDir: /mnt/data/work/e7/328c9a739b5af8699633d96174a8e9]
Mar-20 14:18:39.277 [Task submitter] DEBUG n.processor.TaskPollingMonitor - %% executor local > tasks in the submission queue: 15 -- tasks to be submitted are shown below
~> TaskHandler[id: 27; name: NFCORE_RNASEQ:RNASEQ:FASTQ_ALIGN_HISAT2:HISAT2_ALIGN (GM12878_REP2); status: NEW; exit: -; error: -; workDir: /mnt/data/work/dc/29dfac82009d78af2f80353ba40f18]
~> TaskHandler[id: 24; name: NFCORE_RNASEQ:RNASEQ:FASTQ_ALIGN_HISAT2:HISAT2_ALIGN (H1_REP1); status: NEW; exit: -; error: -; workDir: /mnt/data/work/56/566e09050ee2bc829389db46290a29]
~> TaskHandler[id: 23; name: NFCORE_RNASEQ:RNASEQ:FASTQ_ALIGN_HISAT2:HISAT2_ALIGN (K562_REP1); status: NEW; exit: -; error: -; workDir: /mnt/data/work/8b/a093a64c5e1cdd18e03dcd1df9b929]
~> TaskHandler[id: 28; name: NFCORE_RNASEQ:RNASEQ:FASTQ_ALIGN_HISAT2:HISAT2_ALIGN (MCF7_REP1); status: NEW; exit: -; error: -; workDir: /mnt/data/work/3e/e424d5d845130265ef274f807bf285]
~> TaskHandler[id: 30; name: NFCORE_RNASEQ:RNASEQ:FASTQ_ALIGN_HISAT2:HISAT2_ALIGN (H1_REP2); status: NEW; exit: -; error: -; workDir: /mnt/data/work/45/bb78be7d80d45537fad3b2567f404e]
~> TaskHandler[id: 29; name: NFCORE_RNASEQ:RNASEQ:FASTQ_ALIGN_HISAT2:HISAT2_ALIGN (K562_REP2); status: NEW; exit: -; error: -; workDir: /mnt/data/work/a3/f7fd818b4a8476689ec7c1e90cdbd5]
~> TaskHandler[id: 33; name: NFCORE_RNASEQ:RNASEQ:QUANTIFY_PSEUDO_ALIGNMENT:SALMON_QUANT (GM12878_REP1); status: NEW; exit: -; error: -; workDir: /mnt/data/work/8e/f89c1f5a3733f97f769bf4886811c1]
~> TaskHandler[id: 37; name: NFCORE_RNASEQ:RNASEQ:QUANTIFY_PSEUDO_ALIGNMENT:SALMON_QUANT (K562_REP2); status: NEW; exit: -; error: -; workDir: /mnt/data/work/86/88b17d7e87d3ba9e6988a00c1d5568]
~> TaskHandler[id: 34; name: NFCORE_RNASEQ:RNASEQ:QUANTIFY_PSEUDO_ALIGNMENT:SALMON_QUANT (MCF7_REP2); status: NEW; exit: -; error: -; workDir: /mnt/data/work/13/34c87e8f71a9982d1abafbd9720260]
~> TaskHandler[id: 36; name: NFCORE_RNASEQ:RNASEQ:QUANTIFY_PSEUDO_ALIGNMENT:SALMON_QUANT (MCF7_REP1); status: NEW; exit: -; error: -; workDir: /mnt/data/work/08/2d11617ec8aa1ceacbf842a7b08227]
.. remaining tasks omitted.
Mar-20 14:20:30.887 [Task monitor] DEBUG n.processor.TaskPollingMonitor - !! executor local > tasks to be completed: 1 -- submitted tasks are shown below
~> TaskHandler[id: 26; name: NFCORE_RNASEQ:RNASEQ:FASTQ_ALIGN_HISAT2:HISAT2_ALIGN (MCF7_REP2); status: RUNNING; exit: -; error: -; workDir: /mnt/data/work/e7/328c9a739b5af8699633d96174a8e9]
Mar-20 14:23:39.332 [Task submitter] DEBUG n.processor.TaskPollingMonitor - %% executor local > tasks in the submission queue: 15 -- tasks to be submitted are shown below
~> TaskHandler[id: 27; name: NFCORE_RNASEQ:RNASEQ:FASTQ_ALIGN_HISAT2:HISAT2_ALIGN (GM12878_REP2); status: NEW; exit: -; error: -; workDir: /mnt/data/work/dc/29dfac82009d78af2f80353ba40f18]
~> TaskHandler[id: 24; name: NFCORE_RNASEQ:RNASEQ:FASTQ_ALIGN_HISAT2:HISAT2_ALIGN (H1_REP1); status: NEW; exit: -; error: -; workDir: /mnt/data/work/56/566e09050ee2bc829389db46290a29]
~> TaskHandler[id: 23; name: NFCORE_RNASEQ:RNASEQ:FASTQ_ALIGN_HISAT2:HISAT2_ALIGN (K562_REP1); status: NEW; exit: -; error: -; workDir: /mnt/data/work/8b/a093a64c5e1cdd18e03dcd1df9b929]
~> TaskHandler[id: 28; name: NFCORE_RNASEQ:RNASEQ:FASTQ_ALIGN_HISAT2:HISAT2_ALIGN (MCF7_REP1); status: NEW; exit: -; error: -; workDir: /mnt/data/work/3e/e424d5d845130265ef274f807bf285]
~> TaskHandler[id: 30; name: NFCORE_RNASEQ:RNASEQ:FASTQ_ALIGN_HISAT2:HISAT2_ALIGN (H1_REP2); status: NEW; exit: -; error: -; workDir: /mnt/data/work/45/bb78be7d80d45537fad3b2567f404e]
~> TaskHandler[id: 29; name: NFCORE_RNASEQ:RNASEQ:FASTQ_ALIGN_HISAT2:HISAT2_ALIGN (K562_REP2); status: NEW; exit: -; error: -; workDir: /mnt/data/work/a3/f7fd818b4a8476689ec7c1e90cdbd5]
~> TaskHandler[id: 33; name: NFCORE_RNASEQ:RNASEQ:QUANTIFY_PSEUDO_ALIGNMENT:SALMON_QUANT (GM12878_REP1); status: NEW; exit: -; error: -; workDir: /mnt/data/work/8e/f89c1f5a3733f97f769bf4886811c1]
~> TaskHandler[id: 37; name: NFCORE_RNASEQ:RNASEQ:QUANTIFY_PSEUDO_ALIGNMENT:SALMON_QUANT (K562_REP2); status: NEW; exit: -; error: -; workDir: /mnt/data/work/86/88b17d7e87d3ba9e6988a00c1d5568]
~> TaskHandler[id: 34; name: NFCORE_RNASEQ:RNASEQ:QUANTIFY_PSEUDO_ALIGNMENT:SALMON_QUANT (MCF7_REP2); status: NEW; exit: -; error: -; workDir: /mnt/data/work/13/34c87e8f71a9982d1abafbd9720260]
~> TaskHandler[id: 36; name: NFCORE_RNASEQ:RNASEQ:QUANTIFY_PSEUDO_ALIGNMENT:SALMON_QUANT (MCF7_REP1); status: NEW; exit: -; error: -; workDir: /mnt/data/work/08/2d11617ec8aa1ceacbf842a7b08227]
.. remaining tasks omitted.
Mar-20 14:24:44.107 [Task monitor] DEBUG n.processor.TaskPollingMonitor - Task completed > TaskHandler[id: 26; name: NFCORE_RNASEQ:RNASEQ:FASTQ_ALIGN_HISAT2:HISAT2_ALIGN (MCF7_REP2); status: COMPLETED; exit: 0; error: -; workDir: /mnt/data/work/e7/328c9a739b5af8699633d96174a8e9]
Mar-20 14:24:44.113 [TaskFinalizer-4] DEBUG nextflow.processor.TaskProcessor - Process NFCORE_RNASEQ:RNASEQ:FASTQ_ALIGN_HISAT2:HISAT2_ALIGN > Skipping output binding because one or more optional files are missing: fileoutparam<2:1>
Mar-20 14:24:44.119 [Task submitter] DEBUG n.executor.local.LocalTaskHandler - Launch cmd line: /bin/bash -ue .command.run
Mar-20 14:24:44.119 [Task submitter] INFO  nextflow.Session - [dc/29dfac] Submitted process > NFCORE_RNASEQ:RNASEQ:FASTQ_ALIGN_HISAT2:HISAT2_ALIGN (GM12878_REP2)
Mar-20 14:25:30.977 [Task monitor] DEBUG n.processor.TaskPollingMonitor - !! executor local > tasks to be completed: 1 -- submitted tasks are shown below
~> TaskHandler[id: 27; name: NFCORE_RNASEQ:RNASEQ:FASTQ_ALIGN_HISAT2:HISAT2_ALIGN (GM12878_REP2); status: RUNNING; exit: -; error: -; workDir: /mnt/data/work/dc/29dfac82009d78af2f80353ba40f18]
Mar-20 14:28:40.164 [Task submitter] DEBUG n.processor.TaskPollingMonitor - %% executor local > tasks in the submission queue: 15 -- tasks to be submitted are shown below
~> TaskHandler[id: 24; name: NFCORE_RNASEQ:RNASEQ:FASTQ_ALIGN_HISAT2:HISAT2_ALIGN (H1_REP1); status: NEW; exit: -; error: -; workDir: /mnt/data/work/56/566e09050ee2bc829389db46290a29]
~> TaskHandler[id: 23; name: NFCORE_RNASEQ:RNASEQ:FASTQ_ALIGN_HISAT2:HISAT2_ALIGN (K562_REP1); status: NEW; exit: -; error: -; workDir: /mnt/data/work/8b/a093a64c5e1cdd18e03dcd1df9b929]
~> TaskHandler[id: 28; name: NFCORE_RNASEQ:RNASEQ:FASTQ_ALIGN_HISAT2:HISAT2_ALIGN (MCF7_REP1); status: NEW; exit: -; error: -; workDir: /mnt/data/work/3e/e424d5d845130265ef274f807bf285]
~> TaskHandler[id: 30; name: NFCORE_RNASEQ:RNASEQ:FASTQ_ALIGN_HISAT2:HISAT2_ALIGN (H1_REP2); status: NEW; exit: -; error: -; workDir: /mnt/data/work/45/bb78be7d80d45537fad3b2567f404e]
~> TaskHandler[id: 29; name: NFCORE_RNASEQ:RNASEQ:FASTQ_ALIGN_HISAT2:HISAT2_ALIGN (K562_REP2); status: NEW; exit: -; error: -; workDir: /mnt/data/work/a3/f7fd818b4a8476689ec7c1e90cdbd5]
~> TaskHandler[id: 33; name: NFCORE_RNASEQ:RNASEQ:QUANTIFY_PSEUDO_ALIGNMENT:SALMON_QUANT (GM12878_REP1); status: NEW; exit: -; error: -; workDir: /mnt/data/work/8e/f89c1f5a3733f97f769bf4886811c1]
~> TaskHandler[id: 37; name: NFCORE_RNASEQ:RNASEQ:QUANTIFY_PSEUDO_ALIGNMENT:SALMON_QUANT (K562_REP2); status: NEW; exit: -; error: -; workDir: /mnt/data/work/86/88b17d7e87d3ba9e6988a00c1d5568]
~> TaskHandler[id: 34; name: NFCORE_RNASEQ:RNASEQ:QUANTIFY_PSEUDO_ALIGNMENT:SALMON_QUANT (MCF7_REP2); status: NEW; exit: -; error: -; workDir: /mnt/data/work/13/34c87e8f71a9982d1abafbd9720260]
~> TaskHandler[id: 36; name: NFCORE_RNASEQ:RNASEQ:QUANTIFY_PSEUDO_ALIGNMENT:SALMON_QUANT (MCF7_REP1); status: NEW; exit: -; error: -; workDir: /mnt/data/work/08/2d11617ec8aa1ceacbf842a7b08227]
~> TaskHandler[id: 35; name: NFCORE_RNASEQ:RNASEQ:QUANTIFY_PSEUDO_ALIGNMENT:SALMON_QUANT (GM12878_REP2); status: NEW; exit: -; error: -; workDir: /mnt/data/work/bd/2b71fbf949ee361a363fc55fdcd18d]
.. remaining tasks omitted.
Mar-20 14:30:31.025 [Task monitor] DEBUG n.processor.TaskPollingMonitor - !! executor local > tasks to be completed: 1 -- submitted tasks are shown below
~> TaskHandler[id: 27; name: NFCORE_RNASEQ:RNASEQ:FASTQ_ALIGN_HISAT2:HISAT2_ALIGN (GM12878_REP2); status: RUNNING; exit: -; error: -; workDir: /mnt/data/work/dc/29dfac82009d78af2f80353ba40f18]
Mar-20 14:33:40.216 [Task submitter] DEBUG n.processor.TaskPollingMonitor - %% executor local > tasks in the submission queue: 15 -- tasks to be submitted are shown below
~> TaskHandler[id: 24; name: NFCORE_RNASEQ:RNASEQ:FASTQ_ALIGN_HISAT2:HISAT2_ALIGN (H1_REP1); status: NEW; exit: -; error: -; workDir: /mnt/data/work/56/566e09050ee2bc829389db46290a29]
~> TaskHandler[id: 23; name: NFCORE_RNASEQ:RNASEQ:FASTQ_ALIGN_HISAT2:HISAT2_ALIGN (K562_REP1); status: NEW; exit: -; error: -; workDir: /mnt/data/work/8b/a093a64c5e1cdd18e03dcd1df9b929]
~> TaskHandler[id: 28; name: NFCORE_RNASEQ:RNASEQ:FASTQ_ALIGN_HISAT2:HISAT2_ALIGN (MCF7_REP1); status: NEW; exit: -; error: -; workDir: /mnt/data/work/3e/e424d5d845130265ef274f807bf285]
~> TaskHandler[id: 30; name: NFCORE_RNASEQ:RNASEQ:FASTQ_ALIGN_HISAT2:HISAT2_ALIGN (H1_REP2); status: NEW; exit: -; error: -; workDir: /mnt/data/work/45/bb78be7d80d45537fad3b2567f404e]
~> TaskHandler[id: 29; name: NFCORE_RNASEQ:RNASEQ:FASTQ_ALIGN_HISAT2:HISAT2_ALIGN (K562_REP2); status: NEW; exit: -; error: -; workDir: /mnt/data/work/a3/f7fd818b4a8476689ec7c1e90cdbd5]
~> TaskHandler[id: 33; name: NFCORE_RNASEQ:RNASEQ:QUANTIFY_PSEUDO_ALIGNMENT:SALMON_QUANT (GM12878_REP1); status: NEW; exit: -; error: -; workDir: /mnt/data/work/8e/f89c1f5a3733f97f769bf4886811c1]
~> TaskHandler[id: 37; name: NFCORE_RNASEQ:RNASEQ:QUANTIFY_PSEUDO_ALIGNMENT:SALMON_QUANT (K562_REP2); status: NEW; exit: -; error: -; workDir: /mnt/data/work/86/88b17d7e87d3ba9e6988a00c1d5568]
~> TaskHandler[id: 34; name: NFCORE_RNASEQ:RNASEQ:QUANTIFY_PSEUDO_ALIGNMENT:SALMON_QUANT (MCF7_REP2); status: NEW; exit: -; error: -; workDir: /mnt/data/work/13/34c87e8f71a9982d1abafbd9720260]
~> TaskHandler[id: 36; name: NFCORE_RNASEQ:RNASEQ:QUANTIFY_PSEUDO_ALIGNMENT:SALMON_QUANT (MCF7_REP1); status: NEW; exit: -; error: -; workDir: /mnt/data/work/08/2d11617ec8aa1ceacbf842a7b08227]
~> TaskHandler[id: 35; name: NFCORE_RNASEQ:RNASEQ:QUANTIFY_PSEUDO_ALIGNMENT:SALMON_QUANT (GM12878_REP2); status: NEW; exit: -; error: -; workDir: /mnt/data/work/bd/2b71fbf949ee361a363fc55fdcd18d]
.. remaining tasks omitted.
Mar-20 14:35:31.088 [Task monitor] DEBUG n.processor.TaskPollingMonitor - !! executor local > tasks to be completed: 1 -- submitted tasks are shown below
~> TaskHandler[id: 27; name: NFCORE_RNASEQ:RNASEQ:FASTQ_ALIGN_HISAT2:HISAT2_ALIGN (GM12878_REP2); status: RUNNING; exit: -; error: -; workDir: /mnt/data/work/dc/29dfac82009d78af2f80353ba40f18]
Mar-20 14:38:40.272 [Task submitter] DEBUG n.processor.TaskPollingMonitor - %% executor local > tasks in the submission queue: 15 -- tasks to be submitted are shown below
~> TaskHandler[id: 24; name: NFCORE_RNASEQ:RNASEQ:FASTQ_ALIGN_HISAT2:HISAT2_ALIGN (H1_REP1); status: NEW; exit: -; error: -; workDir: /mnt/data/work/56/566e09050ee2bc829389db46290a29]
~> TaskHandler[id: 23; name: NFCORE_RNASEQ:RNASEQ:FASTQ_ALIGN_HISAT2:HISAT2_ALIGN (K562_REP1); status: NEW; exit: -; error: -; workDir: /mnt/data/work/8b/a093a64c5e1cdd18e03dcd1df9b929]
~> TaskHandler[id: 28; name: NFCORE_RNASEQ:RNASEQ:FASTQ_ALIGN_HISAT2:HISAT2_ALIGN (MCF7_REP1); status: NEW; exit: -; error: -; workDir: /mnt/data/work/3e/e424d5d845130265ef274f807bf285]
~> TaskHandler[id: 30; name: NFCORE_RNASEQ:RNASEQ:FASTQ_ALIGN_HISAT2:HISAT2_ALIGN (H1_REP2); status: NEW; exit: -; error: -; workDir: /mnt/data/work/45/bb78be7d80d45537fad3b2567f404e]
~> TaskHandler[id: 29; name: NFCORE_RNASEQ:RNASEQ:FASTQ_ALIGN_HISAT2:HISAT2_ALIGN (K562_REP2); status: NEW; exit: -; error: -; workDir: /mnt/data/work/a3/f7fd818b4a8476689ec7c1e90cdbd5]
~> TaskHandler[id: 33; name: NFCORE_RNASEQ:RNASEQ:QUANTIFY_PSEUDO_ALIGNMENT:SALMON_QUANT (GM12878_REP1); status: NEW; exit: -; error: -; workDir: /mnt/data/work/8e/f89c1f5a3733f97f769bf4886811c1]
~> TaskHandler[id: 37; name: NFCORE_RNASEQ:RNASEQ:QUANTIFY_PSEUDO_ALIGNMENT:SALMON_QUANT (K562_REP2); status: NEW; exit: -; error: -; workDir: /mnt/data/work/86/88b17d7e87d3ba9e6988a00c1d5568]
~> TaskHandler[id: 34; name: NFCORE_RNASEQ:RNASEQ:QUANTIFY_PSEUDO_ALIGNMENT:SALMON_QUANT (MCF7_REP2); status: NEW; exit: -; error: -; workDir: /mnt/data/work/13/34c87e8f71a9982d1abafbd9720260]
~> TaskHandler[id: 36; name: NFCORE_RNASEQ:RNASEQ:QUANTIFY_PSEUDO_ALIGNMENT:SALMON_QUANT (MCF7_REP1); status: NEW; exit: -; error: -; workDir: /mnt/data/work/08/2d11617ec8aa1ceacbf842a7b08227]
~> TaskHandler[id: 35; name: NFCORE_RNASEQ:RNASEQ:QUANTIFY_PSEUDO_ALIGNMENT:SALMON_QUANT (GM12878_REP2); status: NEW; exit: -; error: -; workDir: /mnt/data/work/bd/2b71fbf949ee361a363fc55fdcd18d]
.. remaining tasks omitted.
Mar-20 14:40:31.138 [Task monitor] DEBUG n.processor.TaskPollingMonitor - !! executor local > tasks to be completed: 1 -- submitted tasks are shown below
~> TaskHandler[id: 27; name: NFCORE_RNASEQ:RNASEQ:FASTQ_ALIGN_HISAT2:HISAT2_ALIGN (GM12878_REP2); status: RUNNING; exit: -; error: -; workDir: /mnt/data/work/dc/29dfac82009d78af2f80353ba40f18]
Mar-20 14:43:40.323 [Task submitter] DEBUG n.processor.TaskPollingMonitor - %% executor local > tasks in the submission queue: 15 -- tasks to be submitted are shown below
~> TaskHandler[id: 24; name: NFCORE_RNASEQ:RNASEQ:FASTQ_ALIGN_HISAT2:HISAT2_ALIGN (H1_REP1); status: NEW; exit: -; error: -; workDir: /mnt/data/work/56/566e09050ee2bc829389db46290a29]
~> TaskHandler[id: 23; name: NFCORE_RNASEQ:RNASEQ:FASTQ_ALIGN_HISAT2:HISAT2_ALIGN (K562_REP1); status: NEW; exit: -; error: -; workDir: /mnt/data/work/8b/a093a64c5e1cdd18e03dcd1df9b929]
~> TaskHandler[id: 28; name: NFCORE_RNASEQ:RNASEQ:FASTQ_ALIGN_HISAT2:HISAT2_ALIGN (MCF7_REP1); status: NEW; exit: -; error: -; workDir: /mnt/data/work/3e/e424d5d845130265ef274f807bf285]
~> TaskHandler[id: 30; name: NFCORE_RNASEQ:RNASEQ:FASTQ_ALIGN_HISAT2:HISAT2_ALIGN (H1_REP2); status: NEW; exit: -; error: -; workDir: /mnt/data/work/45/bb78be7d80d45537fad3b2567f404e]
~> TaskHandler[id: 29; name: NFCORE_RNASEQ:RNASEQ:FASTQ_ALIGN_HISAT2:HISAT2_ALIGN (K562_REP2); status: NEW; exit: -; error: -; workDir: /mnt/data/work/a3/f7fd818b4a8476689ec7c1e90cdbd5]
~> TaskHandler[id: 33; name: NFCORE_RNASEQ:RNASEQ:QUANTIFY_PSEUDO_ALIGNMENT:SALMON_QUANT (GM12878_REP1); status: NEW; exit: -; error: -; workDir: /mnt/data/work/8e/f89c1f5a3733f97f769bf4886811c1]
~> TaskHandler[id: 37; name: NFCORE_RNASEQ:RNASEQ:QUANTIFY_PSEUDO_ALIGNMENT:SALMON_QUANT (K562_REP2); status: NEW; exit: -; error: -; workDir: /mnt/data/work/86/88b17d7e87d3ba9e6988a00c1d5568]
~> TaskHandler[id: 34; name: NFCORE_RNASEQ:RNASEQ:QUANTIFY_PSEUDO_ALIGNMENT:SALMON_QUANT (MCF7_REP2); status: NEW; exit: -; error: -; workDir: /mnt/data/work/13/34c87e8f71a9982d1abafbd9720260]
~> TaskHandler[id: 36; name: NFCORE_RNASEQ:RNASEQ:QUANTIFY_PSEUDO_ALIGNMENT:SALMON_QUANT (MCF7_REP1); status: NEW; exit: -; error: -; workDir: /mnt/data/work/08/2d11617ec8aa1ceacbf842a7b08227]
~> TaskHandler[id: 35; name: NFCORE_RNASEQ:RNASEQ:QUANTIFY_PSEUDO_ALIGNMENT:SALMON_QUANT (GM12878_REP2); status: NEW; exit: -; error: -; workDir: /mnt/data/work/bd/2b71fbf949ee361a363fc55fdcd18d]
.. remaining tasks omitted.
Mar-20 14:45:31.201 [Task monitor] DEBUG n.processor.TaskPollingMonitor - !! executor local > tasks to be completed: 1 -- submitted tasks are shown below
~> TaskHandler[id: 27; name: NFCORE_RNASEQ:RNASEQ:FASTQ_ALIGN_HISAT2:HISAT2_ALIGN (GM12878_REP2); status: RUNNING; exit: -; error: -; workDir: /mnt/data/work/dc/29dfac82009d78af2f80353ba40f18]
Mar-20 14:48:40.376 [Task submitter] DEBUG n.processor.TaskPollingMonitor - %% executor local > tasks in the submission queue: 15 -- tasks to be submitted are shown below
~> TaskHandler[id: 24; name: NFCORE_RNASEQ:RNASEQ:FASTQ_ALIGN_HISAT2:HISAT2_ALIGN (H1_REP1); status: NEW; exit: -; error: -; workDir: /mnt/data/work/56/566e09050ee2bc829389db46290a29]
~> TaskHandler[id: 23; name: NFCORE_RNASEQ:RNASEQ:FASTQ_ALIGN_HISAT2:HISAT2_ALIGN (K562_REP1); status: NEW; exit: -; error: -; workDir: /mnt/data/work/8b/a093a64c5e1cdd18e03dcd1df9b929]
~> TaskHandler[id: 28; name: NFCORE_RNASEQ:RNASEQ:FASTQ_ALIGN_HISAT2:HISAT2_ALIGN (MCF7_REP1); status: NEW; exit: -; error: -; workDir: /mnt/data/work/3e/e424d5d845130265ef274f807bf285]
~> TaskHandler[id: 30; name: NFCORE_RNASEQ:RNASEQ:FASTQ_ALIGN_HISAT2:HISAT2_ALIGN (H1_REP2); status: NEW; exit: -; error: -; workDir: /mnt/data/work/45/bb78be7d80d45537fad3b2567f404e]
~> TaskHandler[id: 29; name: NFCORE_RNASEQ:RNASEQ:FASTQ_ALIGN_HISAT2:HISAT2_ALIGN (K562_REP2); status: NEW; exit: -; error: -; workDir: /mnt/data/work/a3/f7fd818b4a8476689ec7c1e90cdbd5]
~> TaskHandler[id: 33; name: NFCORE_RNASEQ:RNASEQ:QUANTIFY_PSEUDO_ALIGNMENT:SALMON_QUANT (GM12878_REP1); status: NEW; exit: -; error: -; workDir: /mnt/data/work/8e/f89c1f5a3733f97f769bf4886811c1]
~> TaskHandler[id: 37; name: NFCORE_RNASEQ:RNASEQ:QUANTIFY_PSEUDO_ALIGNMENT:SALMON_QUANT (K562_REP2); status: NEW; exit: -; error: -; workDir: /mnt/data/work/86/88b17d7e87d3ba9e6988a00c1d5568]
~> TaskHandler[id: 34; name: NFCORE_RNASEQ:RNASEQ:QUANTIFY_PSEUDO_ALIGNMENT:SALMON_QUANT (MCF7_REP2); status: NEW; exit: -; error: -; workDir: /mnt/data/work/13/34c87e8f71a9982d1abafbd9720260]
~> TaskHandler[id: 36; name: NFCORE_RNASEQ:RNASEQ:QUANTIFY_PSEUDO_ALIGNMENT:SALMON_QUANT (MCF7_REP1); status: NEW; exit: -; error: -; workDir: /mnt/data/work/08/2d11617ec8aa1ceacbf842a7b08227]
~> TaskHandler[id: 35; name: NFCORE_RNASEQ:RNASEQ:QUANTIFY_PSEUDO_ALIGNMENT:SALMON_QUANT (GM12878_REP2); status: NEW; exit: -; error: -; workDir: /mnt/data/work/bd/2b71fbf949ee361a363fc55fdcd18d]
.. remaining tasks omitted.
Mar-20 14:50:31.260 [Task monitor] DEBUG n.processor.TaskPollingMonitor - !! executor local > tasks to be completed: 1 -- submitted tasks are shown below
~> TaskHandler[id: 27; name: NFCORE_RNASEQ:RNASEQ:FASTQ_ALIGN_HISAT2:HISAT2_ALIGN (GM12878_REP2); status: RUNNING; exit: -; error: -; workDir: /mnt/data/work/dc/29dfac82009d78af2f80353ba40f18]
Mar-20 14:53:40.432 [Task submitter] DEBUG n.processor.TaskPollingMonitor - %% executor local > tasks in the submission queue: 15 -- tasks to be submitted are shown below
~> TaskHandler[id: 24; name: NFCORE_RNASEQ:RNASEQ:FASTQ_ALIGN_HISAT2:HISAT2_ALIGN (H1_REP1); status: NEW; exit: -; error: -; workDir: /mnt/data/work/56/566e09050ee2bc829389db46290a29]
~> TaskHandler[id: 23; name: NFCORE_RNASEQ:RNASEQ:FASTQ_ALIGN_HISAT2:HISAT2_ALIGN (K562_REP1); status: NEW; exit: -; error: -; workDir: /mnt/data/work/8b/a093a64c5e1cdd18e03dcd1df9b929]
~> TaskHandler[id: 28; name: NFCORE_RNASEQ:RNASEQ:FASTQ_ALIGN_HISAT2:HISAT2_ALIGN (MCF7_REP1); status: NEW; exit: -; error: -; workDir: /mnt/data/work/3e/e424d5d845130265ef274f807bf285]
~> TaskHandler[id: 30; name: NFCORE_RNASEQ:RNASEQ:FASTQ_ALIGN_HISAT2:HISAT2_ALIGN (H1_REP2); status: NEW; exit: -; error: -; workDir: /mnt/data/work/45/bb78be7d80d45537fad3b2567f404e]
~> TaskHandler[id: 29; name: NFCORE_RNASEQ:RNASEQ:FASTQ_ALIGN_HISAT2:HISAT2_ALIGN (K562_REP2); status: NEW; exit: -; error: -; workDir: /mnt/data/work/a3/f7fd818b4a8476689ec7c1e90cdbd5]
~> TaskHandler[id: 33; name: NFCORE_RNASEQ:RNASEQ:QUANTIFY_PSEUDO_ALIGNMENT:SALMON_QUANT (GM12878_REP1); status: NEW; exit: -; error: -; workDir: /mnt/data/work/8e/f89c1f5a3733f97f769bf4886811c1]
~> TaskHandler[id: 37; name: NFCORE_RNASEQ:RNASEQ:QUANTIFY_PSEUDO_ALIGNMENT:SALMON_QUANT (K562_REP2); status: NEW; exit: -; error: -; workDir: /mnt/data/work/86/88b17d7e87d3ba9e6988a00c1d5568]
~> TaskHandler[id: 34; name: NFCORE_RNASEQ:RNASEQ:QUANTIFY_PSEUDO_ALIGNMENT:SALMON_QUANT (MCF7_REP2); status: NEW; exit: -; error: -; workDir: /mnt/data/work/13/34c87e8f71a9982d1abafbd9720260]
~> TaskHandler[id: 36; name: NFCORE_RNASEQ:RNASEQ:QUANTIFY_PSEUDO_ALIGNMENT:SALMON_QUANT (MCF7_REP1); status: NEW; exit: -; error: -; workDir: /mnt/data/work/08/2d11617ec8aa1ceacbf842a7b08227]
~> TaskHandler[id: 35; name: NFCORE_RNASEQ:RNASEQ:QUANTIFY_PSEUDO_ALIGNMENT:SALMON_QUANT (GM12878_REP2); status: NEW; exit: -; error: -; workDir: /mnt/data/work/bd/2b71fbf949ee361a363fc55fdcd18d]
.. remaining tasks omitted.
Mar-20 14:55:31.310 [Task monitor] DEBUG n.processor.TaskPollingMonitor - !! executor local > tasks to be completed: 1 -- submitted tasks are shown below
~> TaskHandler[id: 27; name: NFCORE_RNASEQ:RNASEQ:FASTQ_ALIGN_HISAT2:HISAT2_ALIGN (GM12878_REP2); status: RUNNING; exit: -; error: -; workDir: /mnt/data/work/dc/29dfac82009d78af2f80353ba40f18]
Mar-20 14:56:49.413 [Task monitor] DEBUG n.processor.TaskPollingMonitor - Task completed > TaskHandler[id: 27; name: NFCORE_RNASEQ:RNASEQ:FASTQ_ALIGN_HISAT2:HISAT2_ALIGN (GM12878_REP2); status: COMPLETED; exit: 0; error: -; workDir: /mnt/data/work/dc/29dfac82009d78af2f80353ba40f18]
Mar-20 14:56:49.420 [TaskFinalizer-5] DEBUG nextflow.processor.TaskProcessor - Process NFCORE_RNASEQ:RNASEQ:FASTQ_ALIGN_HISAT2:HISAT2_ALIGN > Skipping output binding because one or more optional files are missing: fileoutparam<2:1>
Mar-20 14:56:49.423 [Task submitter] DEBUG n.executor.local.LocalTaskHandler - Launch cmd line: /bin/bash -ue .command.run
Mar-20 14:56:49.423 [Task submitter] INFO  nextflow.Session - [56/566e09] Submitted process > NFCORE_RNASEQ:RNASEQ:FASTQ_ALIGN_HISAT2:HISAT2_ALIGN (H1_REP1)
Mar-20 14:58:40.446 [Task submitter] DEBUG n.processor.TaskPollingMonitor - %% executor local > tasks in the submission queue: 15 -- tasks to be submitted are shown below
~> TaskHandler[id: 23; name: NFCORE_RNASEQ:RNASEQ:FASTQ_ALIGN_HISAT2:HISAT2_ALIGN (K562_REP1); status: NEW; exit: -; error: -; workDir: /mnt/data/work/8b/a093a64c5e1cdd18e03dcd1df9b929]
~> TaskHandler[id: 28; name: NFCORE_RNASEQ:RNASEQ:FASTQ_ALIGN_HISAT2:HISAT2_ALIGN (MCF7_REP1); status: NEW; exit: -; error: -; workDir: /mnt/data/work/3e/e424d5d845130265ef274f807bf285]
~> TaskHandler[id: 30; name: NFCORE_RNASEQ:RNASEQ:FASTQ_ALIGN_HISAT2:HISAT2_ALIGN (H1_REP2); status: NEW; exit: -; error: -; workDir: /mnt/data/work/45/bb78be7d80d45537fad3b2567f404e]
~> TaskHandler[id: 29; name: NFCORE_RNASEQ:RNASEQ:FASTQ_ALIGN_HISAT2:HISAT2_ALIGN (K562_REP2); status: NEW; exit: -; error: -; workDir: /mnt/data/work/a3/f7fd818b4a8476689ec7c1e90cdbd5]
~> TaskHandler[id: 33; name: NFCORE_RNASEQ:RNASEQ:QUANTIFY_PSEUDO_ALIGNMENT:SALMON_QUANT (GM12878_REP1); status: NEW; exit: -; error: -; workDir: /mnt/data/work/8e/f89c1f5a3733f97f769bf4886811c1]
~> TaskHandler[id: 37; name: NFCORE_RNASEQ:RNASEQ:QUANTIFY_PSEUDO_ALIGNMENT:SALMON_QUANT (K562_REP2); status: NEW; exit: -; error: -; workDir: /mnt/data/work/86/88b17d7e87d3ba9e6988a00c1d5568]
~> TaskHandler[id: 34; name: NFCORE_RNASEQ:RNASEQ:QUANTIFY_PSEUDO_ALIGNMENT:SALMON_QUANT (MCF7_REP2); status: NEW; exit: -; error: -; workDir: /mnt/data/work/13/34c87e8f71a9982d1abafbd9720260]
~> TaskHandler[id: 36; name: NFCORE_RNASEQ:RNASEQ:QUANTIFY_PSEUDO_ALIGNMENT:SALMON_QUANT (MCF7_REP1); status: NEW; exit: -; error: -; workDir: /mnt/data/work/08/2d11617ec8aa1ceacbf842a7b08227]
~> TaskHandler[id: 35; name: NFCORE_RNASEQ:RNASEQ:QUANTIFY_PSEUDO_ALIGNMENT:SALMON_QUANT (GM12878_REP2); status: NEW; exit: -; error: -; workDir: /mnt/data/work/bd/2b71fbf949ee361a363fc55fdcd18d]
~> TaskHandler[id: 31; name: NFCORE_RNASEQ:RNASEQ:QUANTIFY_PSEUDO_ALIGNMENT:SALMON_QUANT (K562_REP1); status: NEW; exit: -; error: -; workDir: /mnt/data/work/27/93b22bf797a51552a89ee1b47ced0c]
.. remaining tasks omitted.
Mar-20 15:00:31.381 [Task monitor] DEBUG n.processor.TaskPollingMonitor - !! executor local > tasks to be completed: 1 -- submitted tasks are shown below
~> TaskHandler[id: 24; name: NFCORE_RNASEQ:RNASEQ:FASTQ_ALIGN_HISAT2:HISAT2_ALIGN (H1_REP1); status: RUNNING; exit: -; error: -; workDir: /mnt/data/work/56/566e09050ee2bc829389db46290a29]
Mar-20 15:03:40.498 [Task submitter] DEBUG n.processor.TaskPollingMonitor - %% executor local > tasks in the submission queue: 15 -- tasks to be submitted are shown below
~> TaskHandler[id: 23; name: NFCORE_RNASEQ:RNASEQ:FASTQ_ALIGN_HISAT2:HISAT2_ALIGN (K562_REP1); status: NEW; exit: -; error: -; workDir: /mnt/data/work/8b/a093a64c5e1cdd18e03dcd1df9b929]
~> TaskHandler[id: 28; name: NFCORE_RNASEQ:RNASEQ:FASTQ_ALIGN_HISAT2:HISAT2_ALIGN (MCF7_REP1); status: NEW; exit: -; error: -; workDir: /mnt/data/work/3e/e424d5d845130265ef274f807bf285]
~> TaskHandler[id: 30; name: NFCORE_RNASEQ:RNASEQ:FASTQ_ALIGN_HISAT2:HISAT2_ALIGN (H1_REP2); status: NEW; exit: -; error: -; workDir: /mnt/data/work/45/bb78be7d80d45537fad3b2567f404e]
~> TaskHandler[id: 29; name: NFCORE_RNASEQ:RNASEQ:FASTQ_ALIGN_HISAT2:HISAT2_ALIGN (K562_REP2); status: NEW; exit: -; error: -; workDir: /mnt/data/work/a3/f7fd818b4a8476689ec7c1e90cdbd5]
~> TaskHandler[id: 33; name: NFCORE_RNASEQ:RNASEQ:QUANTIFY_PSEUDO_ALIGNMENT:SALMON_QUANT (GM12878_REP1); status: NEW; exit: -; error: -; workDir: /mnt/data/work/8e/f89c1f5a3733f97f769bf4886811c1]
~> TaskHandler[id: 37; name: NFCORE_RNASEQ:RNASEQ:QUANTIFY_PSEUDO_ALIGNMENT:SALMON_QUANT (K562_REP2); status: NEW; exit: -; error: -; workDir: /mnt/data/work/86/88b17d7e87d3ba9e6988a00c1d5568]
~> TaskHandler[id: 34; name: NFCORE_RNASEQ:RNASEQ:QUANTIFY_PSEUDO_ALIGNMENT:SALMON_QUANT (MCF7_REP2); status: NEW; exit: -; error: -; workDir: /mnt/data/work/13/34c87e8f71a9982d1abafbd9720260]
~> TaskHandler[id: 36; name: NFCORE_RNASEQ:RNASEQ:QUANTIFY_PSEUDO_ALIGNMENT:SALMON_QUANT (MCF7_REP1); status: NEW; exit: -; error: -; workDir: /mnt/data/work/08/2d11617ec8aa1ceacbf842a7b08227]
~> TaskHandler[id: 35; name: NFCORE_RNASEQ:RNASEQ:QUANTIFY_PSEUDO_ALIGNMENT:SALMON_QUANT (GM12878_REP2); status: NEW; exit: -; error: -; workDir: /mnt/data/work/bd/2b71fbf949ee361a363fc55fdcd18d]
~> TaskHandler[id: 31; name: NFCORE_RNASEQ:RNASEQ:QUANTIFY_PSEUDO_ALIGNMENT:SALMON_QUANT (K562_REP1); status: NEW; exit: -; error: -; workDir: /mnt/data/work/27/93b22bf797a51552a89ee1b47ced0c]
.. remaining tasks omitted.
Mar-20 15:05:31.425 [Task monitor] DEBUG n.processor.TaskPollingMonitor - !! executor local > tasks to be completed: 1 -- submitted tasks are shown below
~> TaskHandler[id: 24; name: NFCORE_RNASEQ:RNASEQ:FASTQ_ALIGN_HISAT2:HISAT2_ALIGN (H1_REP1); status: RUNNING; exit: -; error: -; workDir: /mnt/data/work/56/566e09050ee2bc829389db46290a29]
Mar-20 15:08:40.552 [Task submitter] DEBUG n.processor.TaskPollingMonitor - %% executor local > tasks in the submission queue: 15 -- tasks to be submitted are shown below
~> TaskHandler[id: 23; name: NFCORE_RNASEQ:RNASEQ:FASTQ_ALIGN_HISAT2:HISAT2_ALIGN (K562_REP1); status: NEW; exit: -; error: -; workDir: /mnt/data/work/8b/a093a64c5e1cdd18e03dcd1df9b929]
~> TaskHandler[id: 28; name: NFCORE_RNASEQ:RNASEQ:FASTQ_ALIGN_HISAT2:HISAT2_ALIGN (MCF7_REP1); status: NEW; exit: -; error: -; workDir: /mnt/data/work/3e/e424d5d845130265ef274f807bf285]
~> TaskHandler[id: 30; name: NFCORE_RNASEQ:RNASEQ:FASTQ_ALIGN_HISAT2:HISAT2_ALIGN (H1_REP2); status: NEW; exit: -; error: -; workDir: /mnt/data/work/45/bb78be7d80d45537fad3b2567f404e]
~> TaskHandler[id: 29; name: NFCORE_RNASEQ:RNASEQ:FASTQ_ALIGN_HISAT2:HISAT2_ALIGN (K562_REP2); status: NEW; exit: -; error: -; workDir: /mnt/data/work/a3/f7fd818b4a8476689ec7c1e90cdbd5]
~> TaskHandler[id: 33; name: NFCORE_RNASEQ:RNASEQ:QUANTIFY_PSEUDO_ALIGNMENT:SALMON_QUANT (GM12878_REP1); status: NEW; exit: -; error: -; workDir: /mnt/data/work/8e/f89c1f5a3733f97f769bf4886811c1]
~> TaskHandler[id: 37; name: NFCORE_RNASEQ:RNASEQ:QUANTIFY_PSEUDO_ALIGNMENT:SALMON_QUANT (K562_REP2); status: NEW; exit: -; error: -; workDir: /mnt/data/work/86/88b17d7e87d3ba9e6988a00c1d5568]
~> TaskHandler[id: 34; name: NFCORE_RNASEQ:RNASEQ:QUANTIFY_PSEUDO_ALIGNMENT:SALMON_QUANT (MCF7_REP2); status: NEW; exit: -; error: -; workDir: /mnt/data/work/13/34c87e8f71a9982d1abafbd9720260]
~> TaskHandler[id: 36; name: NFCORE_RNASEQ:RNASEQ:QUANTIFY_PSEUDO_ALIGNMENT:SALMON_QUANT (MCF7_REP1); status: NEW; exit: -; error: -; workDir: /mnt/data/work/08/2d11617ec8aa1ceacbf842a7b08227]
~> TaskHandler[id: 35; name: NFCORE_RNASEQ:RNASEQ:QUANTIFY_PSEUDO_ALIGNMENT:SALMON_QUANT (GM12878_REP2); status: NEW; exit: -; error: -; workDir: /mnt/data/work/bd/2b71fbf949ee361a363fc55fdcd18d]
~> TaskHandler[id: 31; name: NFCORE_RNASEQ:RNASEQ:QUANTIFY_PSEUDO_ALIGNMENT:SALMON_QUANT (K562_REP1); status: NEW; exit: -; error: -; workDir: /mnt/data/work/27/93b22bf797a51552a89ee1b47ced0c]
.. remaining tasks omitted.
Mar-20 15:10:31.475 [Task monitor] DEBUG n.processor.TaskPollingMonitor - !! executor local > tasks to be completed: 1 -- submitted tasks are shown below
~> TaskHandler[id: 24; name: NFCORE_RNASEQ:RNASEQ:FASTQ_ALIGN_HISAT2:HISAT2_ALIGN (H1_REP1); status: RUNNING; exit: -; error: -; workDir: /mnt/data/work/56/566e09050ee2bc829389db46290a29]
Mar-20 15:13:40.604 [Task submitter] DEBUG n.processor.TaskPollingMonitor - %% executor local > tasks in the submission queue: 15 -- tasks to be submitted are shown below
~> TaskHandler[id: 23; name: NFCORE_RNASEQ:RNASEQ:FASTQ_ALIGN_HISAT2:HISAT2_ALIGN (K562_REP1); status: NEW; exit: -; error: -; workDir: /mnt/data/work/8b/a093a64c5e1cdd18e03dcd1df9b929]
~> TaskHandler[id: 28; name: NFCORE_RNASEQ:RNASEQ:FASTQ_ALIGN_HISAT2:HISAT2_ALIGN (MCF7_REP1); status: NEW; exit: -; error: -; workDir: /mnt/data/work/3e/e424d5d845130265ef274f807bf285]
~> TaskHandler[id: 30; name: NFCORE_RNASEQ:RNASEQ:FASTQ_ALIGN_HISAT2:HISAT2_ALIGN (H1_REP2); status: NEW; exit: -; error: -; workDir: /mnt/data/work/45/bb78be7d80d45537fad3b2567f404e]
~> TaskHandler[id: 29; name: NFCORE_RNASEQ:RNASEQ:FASTQ_ALIGN_HISAT2:HISAT2_ALIGN (K562_REP2); status: NEW; exit: -; error: -; workDir: /mnt/data/work/a3/f7fd818b4a8476689ec7c1e90cdbd5]
~> TaskHandler[id: 33; name: NFCORE_RNASEQ:RNASEQ:QUANTIFY_PSEUDO_ALIGNMENT:SALMON_QUANT (GM12878_REP1); status: NEW; exit: -; error: -; workDir: /mnt/data/work/8e/f89c1f5a3733f97f769bf4886811c1]
~> TaskHandler[id: 37; name: NFCORE_RNASEQ:RNASEQ:QUANTIFY_PSEUDO_ALIGNMENT:SALMON_QUANT (K562_REP2); status: NEW; exit: -; error: -; workDir: /mnt/data/work/86/88b17d7e87d3ba9e6988a00c1d5568]
~> TaskHandler[id: 34; name: NFCORE_RNASEQ:RNASEQ:QUANTIFY_PSEUDO_ALIGNMENT:SALMON_QUANT (MCF7_REP2); status: NEW; exit: -; error: -; workDir: /mnt/data/work/13/34c87e8f71a9982d1abafbd9720260]
~> TaskHandler[id: 36; name: NFCORE_RNASEQ:RNASEQ:QUANTIFY_PSEUDO_ALIGNMENT:SALMON_QUANT (MCF7_REP1); status: NEW; exit: -; error: -; workDir: /mnt/data/work/08/2d11617ec8aa1ceacbf842a7b08227]
~> TaskHandler[id: 35; name: NFCORE_RNASEQ:RNASEQ:QUANTIFY_PSEUDO_ALIGNMENT:SALMON_QUANT (GM12878_REP2); status: NEW; exit: -; error: -; workDir: /mnt/data/work/bd/2b71fbf949ee361a363fc55fdcd18d]
~> TaskHandler[id: 31; name: NFCORE_RNASEQ:RNASEQ:QUANTIFY_PSEUDO_ALIGNMENT:SALMON_QUANT (K562_REP1); status: NEW; exit: -; error: -; workDir: /mnt/data/work/27/93b22bf797a51552a89ee1b47ced0c]
.. remaining tasks omitted.
Mar-20 15:15:31.520 [Task monitor] DEBUG n.processor.TaskPollingMonitor - !! executor local > tasks to be completed: 1 -- submitted tasks are shown below
~> TaskHandler[id: 24; name: NFCORE_RNASEQ:RNASEQ:FASTQ_ALIGN_HISAT2:HISAT2_ALIGN (H1_REP1); status: RUNNING; exit: -; error: -; workDir: /mnt/data/work/56/566e09050ee2bc829389db46290a29]
Mar-20 15:18:40.657 [Task submitter] DEBUG n.processor.TaskPollingMonitor - %% executor local > tasks in the submission queue: 15 -- tasks to be submitted are shown below
~> TaskHandler[id: 23; name: NFCORE_RNASEQ:RNASEQ:FASTQ_ALIGN_HISAT2:HISAT2_ALIGN (K562_REP1); status: NEW; exit: -; error: -; workDir: /mnt/data/work/8b/a093a64c5e1cdd18e03dcd1df9b929]
~> TaskHandler[id: 28; name: NFCORE_RNASEQ:RNASEQ:FASTQ_ALIGN_HISAT2:HISAT2_ALIGN (MCF7_REP1); status: NEW; exit: -; error: -; workDir: /mnt/data/work/3e/e424d5d845130265ef274f807bf285]
~> TaskHandler[id: 30; name: NFCORE_RNASEQ:RNASEQ:FASTQ_ALIGN_HISAT2:HISAT2_ALIGN (H1_REP2); status: NEW; exit: -; error: -; workDir: /mnt/data/work/45/bb78be7d80d45537fad3b2567f404e]
~> TaskHandler[id: 29; name: NFCORE_RNASEQ:RNASEQ:FASTQ_ALIGN_HISAT2:HISAT2_ALIGN (K562_REP2); status: NEW; exit: -; error: -; workDir: /mnt/data/work/a3/f7fd818b4a8476689ec7c1e90cdbd5]
~> TaskHandler[id: 33; name: NFCORE_RNASEQ:RNASEQ:QUANTIFY_PSEUDO_ALIGNMENT:SALMON_QUANT (GM12878_REP1); status: NEW; exit: -; error: -; workDir: /mnt/data/work/8e/f89c1f5a3733f97f769bf4886811c1]
~> TaskHandler[id: 37; name: NFCORE_RNASEQ:RNASEQ:QUANTIFY_PSEUDO_ALIGNMENT:SALMON_QUANT (K562_REP2); status: NEW; exit: -; error: -; workDir: /mnt/data/work/86/88b17d7e87d3ba9e6988a00c1d5568]
~> TaskHandler[id: 34; name: NFCORE_RNASEQ:RNASEQ:QUANTIFY_PSEUDO_ALIGNMENT:SALMON_QUANT (MCF7_REP2); status: NEW; exit: -; error: -; workDir: /mnt/data/work/13/34c87e8f71a9982d1abafbd9720260]
~> TaskHandler[id: 36; name: NFCORE_RNASEQ:RNASEQ:QUANTIFY_PSEUDO_ALIGNMENT:SALMON_QUANT (MCF7_REP1); status: NEW; exit: -; error: -; workDir: /mnt/data/work/08/2d11617ec8aa1ceacbf842a7b08227]
~> TaskHandler[id: 35; name: NFCORE_RNASEQ:RNASEQ:QUANTIFY_PSEUDO_ALIGNMENT:SALMON_QUANT (GM12878_REP2); status: NEW; exit: -; error: -; workDir: /mnt/data/work/bd/2b71fbf949ee361a363fc55fdcd18d]
~> TaskHandler[id: 31; name: NFCORE_RNASEQ:RNASEQ:QUANTIFY_PSEUDO_ALIGNMENT:SALMON_QUANT (K562_REP1); status: NEW; exit: -; error: -; workDir: /mnt/data/work/27/93b22bf797a51552a89ee1b47ced0c]
.. remaining tasks omitted.
Mar-20 15:20:31.566 [Task monitor] DEBUG n.processor.TaskPollingMonitor - !! executor local > tasks to be completed: 1 -- submitted tasks are shown below
~> TaskHandler[id: 24; name: NFCORE_RNASEQ:RNASEQ:FASTQ_ALIGN_HISAT2:HISAT2_ALIGN (H1_REP1); status: RUNNING; exit: -; error: -; workDir: /mnt/data/work/56/566e09050ee2bc829389db46290a29]
Mar-20 15:23:40.706 [Task submitter] DEBUG n.processor.TaskPollingMonitor - %% executor local > tasks in the submission queue: 15 -- tasks to be submitted are shown below
~> TaskHandler[id: 23; name: NFCORE_RNASEQ:RNASEQ:FASTQ_ALIGN_HISAT2:HISAT2_ALIGN (K562_REP1); status: NEW; exit: -; error: -; workDir: /mnt/data/work/8b/a093a64c5e1cdd18e03dcd1df9b929]
~> TaskHandler[id: 28; name: NFCORE_RNASEQ:RNASEQ:FASTQ_ALIGN_HISAT2:HISAT2_ALIGN (MCF7_REP1); status: NEW; exit: -; error: -; workDir: /mnt/data/work/3e/e424d5d845130265ef274f807bf285]
~> TaskHandler[id: 30; name: NFCORE_RNASEQ:RNASEQ:FASTQ_ALIGN_HISAT2:HISAT2_ALIGN (H1_REP2); status: NEW; exit: -; error: -; workDir: /mnt/data/work/45/bb78be7d80d45537fad3b2567f404e]
~> TaskHandler[id: 29; name: NFCORE_RNASEQ:RNASEQ:FASTQ_ALIGN_HISAT2:HISAT2_ALIGN (K562_REP2); status: NEW; exit: -; error: -; workDir: /mnt/data/work/a3/f7fd818b4a8476689ec7c1e90cdbd5]
~> TaskHandler[id: 33; name: NFCORE_RNASEQ:RNASEQ:QUANTIFY_PSEUDO_ALIGNMENT:SALMON_QUANT (GM12878_REP1); status: NEW; exit: -; error: -; workDir: /mnt/data/work/8e/f89c1f5a3733f97f769bf4886811c1]
~> TaskHandler[id: 37; name: NFCORE_RNASEQ:RNASEQ:QUANTIFY_PSEUDO_ALIGNMENT:SALMON_QUANT (K562_REP2); status: NEW; exit: -; error: -; workDir: /mnt/data/work/86/88b17d7e87d3ba9e6988a00c1d5568]
~> TaskHandler[id: 34; name: NFCORE_RNASEQ:RNASEQ:QUANTIFY_PSEUDO_ALIGNMENT:SALMON_QUANT (MCF7_REP2); status: NEW; exit: -; error: -; workDir: /mnt/data/work/13/34c87e8f71a9982d1abafbd9720260]
~> TaskHandler[id: 36; name: NFCORE_RNASEQ:RNASEQ:QUANTIFY_PSEUDO_ALIGNMENT:SALMON_QUANT (MCF7_REP1); status: NEW; exit: -; error: -; workDir: /mnt/data/work/08/2d11617ec8aa1ceacbf842a7b08227]
~> TaskHandler[id: 35; name: NFCORE_RNASEQ:RNASEQ:QUANTIFY_PSEUDO_ALIGNMENT:SALMON_QUANT (GM12878_REP2); status: NEW; exit: -; error: -; workDir: /mnt/data/work/bd/2b71fbf949ee361a363fc55fdcd18d]
~> TaskHandler[id: 31; name: NFCORE_RNASEQ:RNASEQ:QUANTIFY_PSEUDO_ALIGNMENT:SALMON_QUANT (K562_REP1); status: NEW; exit: -; error: -; workDir: /mnt/data/work/27/93b22bf797a51552a89ee1b47ced0c]
.. remaining tasks omitted.
Mar-20 15:25:31.604 [Task monitor] DEBUG n.processor.TaskPollingMonitor - !! executor local > tasks to be completed: 1 -- submitted tasks are shown below
~> TaskHandler[id: 24; name: NFCORE_RNASEQ:RNASEQ:FASTQ_ALIGN_HISAT2:HISAT2_ALIGN (H1_REP1); status: RUNNING; exit: -; error: -; workDir: /mnt/data/work/56/566e09050ee2bc829389db46290a29]
Mar-20 15:28:40.756 [Task submitter] DEBUG n.processor.TaskPollingMonitor - %% executor local > tasks in the submission queue: 15 -- tasks to be submitted are shown below
~> TaskHandler[id: 23; name: NFCORE_RNASEQ:RNASEQ:FASTQ_ALIGN_HISAT2:HISAT2_ALIGN (K562_REP1); status: NEW; exit: -; error: -; workDir: /mnt/data/work/8b/a093a64c5e1cdd18e03dcd1df9b929]
~> TaskHandler[id: 28; name: NFCORE_RNASEQ:RNASEQ:FASTQ_ALIGN_HISAT2:HISAT2_ALIGN (MCF7_REP1); status: NEW; exit: -; error: -; workDir: /mnt/data/work/3e/e424d5d845130265ef274f807bf285]
~> TaskHandler[id: 30; name: NFCORE_RNASEQ:RNASEQ:FASTQ_ALIGN_HISAT2:HISAT2_ALIGN (H1_REP2); status: NEW; exit: -; error: -; workDir: /mnt/data/work/45/bb78be7d80d45537fad3b2567f404e]
~> TaskHandler[id: 29; name: NFCORE_RNASEQ:RNASEQ:FASTQ_ALIGN_HISAT2:HISAT2_ALIGN (K562_REP2); status: NEW; exit: -; error: -; workDir: /mnt/data/work/a3/f7fd818b4a8476689ec7c1e90cdbd5]
~> TaskHandler[id: 33; name: NFCORE_RNASEQ:RNASEQ:QUANTIFY_PSEUDO_ALIGNMENT:SALMON_QUANT (GM12878_REP1); status: NEW; exit: -; error: -; workDir: /mnt/data/work/8e/f89c1f5a3733f97f769bf4886811c1]
~> TaskHandler[id: 37; name: NFCORE_RNASEQ:RNASEQ:QUANTIFY_PSEUDO_ALIGNMENT:SALMON_QUANT (K562_REP2); status: NEW; exit: -; error: -; workDir: /mnt/data/work/86/88b17d7e87d3ba9e6988a00c1d5568]
~> TaskHandler[id: 34; name: NFCORE_RNASEQ:RNASEQ:QUANTIFY_PSEUDO_ALIGNMENT:SALMON_QUANT (MCF7_REP2); status: NEW; exit: -; error: -; workDir: /mnt/data/work/13/34c87e8f71a9982d1abafbd9720260]
~> TaskHandler[id: 36; name: NFCORE_RNASEQ:RNASEQ:QUANTIFY_PSEUDO_ALIGNMENT:SALMON_QUANT (MCF7_REP1); status: NEW; exit: -; error: -; workDir: /mnt/data/work/08/2d11617ec8aa1ceacbf842a7b08227]
~> TaskHandler[id: 35; name: NFCORE_RNASEQ:RNASEQ:QUANTIFY_PSEUDO_ALIGNMENT:SALMON_QUANT (GM12878_REP2); status: NEW; exit: -; error: -; workDir: /mnt/data/work/bd/2b71fbf949ee361a363fc55fdcd18d]
~> TaskHandler[id: 31; name: NFCORE_RNASEQ:RNASEQ:QUANTIFY_PSEUDO_ALIGNMENT:SALMON_QUANT (K562_REP1); status: NEW; exit: -; error: -; workDir: /mnt/data/work/27/93b22bf797a51552a89ee1b47ced0c]
.. remaining tasks omitted.
Mar-20 15:30:31.635 [Task monitor] DEBUG n.processor.TaskPollingMonitor - !! executor local > tasks to be completed: 1 -- submitted tasks are shown below
~> TaskHandler[id: 24; name: NFCORE_RNASEQ:RNASEQ:FASTQ_ALIGN_HISAT2:HISAT2_ALIGN (H1_REP1); status: RUNNING; exit: -; error: -; workDir: /mnt/data/work/56/566e09050ee2bc829389db46290a29]
Mar-20 15:32:35.431 [Task monitor] DEBUG n.processor.TaskPollingMonitor - Task completed > TaskHandler[id: 24; name: NFCORE_RNASEQ:RNASEQ:FASTQ_ALIGN_HISAT2:HISAT2_ALIGN (H1_REP1); status: COMPLETED; exit: 0; error: -; workDir: /mnt/data/work/56/566e09050ee2bc829389db46290a29]
Mar-20 15:32:35.437 [TaskFinalizer-6] DEBUG nextflow.processor.TaskProcessor - Process NFCORE_RNASEQ:RNASEQ:FASTQ_ALIGN_HISAT2:HISAT2_ALIGN > Skipping output binding because one or more optional files are missing: fileoutparam<2:1>
Mar-20 15:32:35.440 [Task submitter] DEBUG n.executor.local.LocalTaskHandler - Launch cmd line: /bin/bash -ue .command.run
Mar-20 15:32:35.440 [Task submitter] INFO  nextflow.Session - [8b/a093a6] Submitted process > NFCORE_RNASEQ:RNASEQ:FASTQ_ALIGN_HISAT2:HISAT2_ALIGN (K562_REP1)
Mar-20 15:33:41.456 [Task submitter] DEBUG n.processor.TaskPollingMonitor - %% executor local > tasks in the submission queue: 15 -- tasks to be submitted are shown below
~> TaskHandler[id: 28; name: NFCORE_RNASEQ:RNASEQ:FASTQ_ALIGN_HISAT2:HISAT2_ALIGN (MCF7_REP1); status: NEW; exit: -; error: -; workDir: /mnt/data/work/3e/e424d5d845130265ef274f807bf285]
~> TaskHandler[id: 30; name: NFCORE_RNASEQ:RNASEQ:FASTQ_ALIGN_HISAT2:HISAT2_ALIGN (H1_REP2); status: NEW; exit: -; error: -; workDir: /mnt/data/work/45/bb78be7d80d45537fad3b2567f404e]
~> TaskHandler[id: 29; name: NFCORE_RNASEQ:RNASEQ:FASTQ_ALIGN_HISAT2:HISAT2_ALIGN (K562_REP2); status: NEW; exit: -; error: -; workDir: /mnt/data/work/a3/f7fd818b4a8476689ec7c1e90cdbd5]
~> TaskHandler[id: 33; name: NFCORE_RNASEQ:RNASEQ:QUANTIFY_PSEUDO_ALIGNMENT:SALMON_QUANT (GM12878_REP1); status: NEW; exit: -; error: -; workDir: /mnt/data/work/8e/f89c1f5a3733f97f769bf4886811c1]
~> TaskHandler[id: 37; name: NFCORE_RNASEQ:RNASEQ:QUANTIFY_PSEUDO_ALIGNMENT:SALMON_QUANT (K562_REP2); status: NEW; exit: -; error: -; workDir: /mnt/data/work/86/88b17d7e87d3ba9e6988a00c1d5568]
~> TaskHandler[id: 34; name: NFCORE_RNASEQ:RNASEQ:QUANTIFY_PSEUDO_ALIGNMENT:SALMON_QUANT (MCF7_REP2); status: NEW; exit: -; error: -; workDir: /mnt/data/work/13/34c87e8f71a9982d1abafbd9720260]
~> TaskHandler[id: 36; name: NFCORE_RNASEQ:RNASEQ:QUANTIFY_PSEUDO_ALIGNMENT:SALMON_QUANT (MCF7_REP1); status: NEW; exit: -; error: -; workDir: /mnt/data/work/08/2d11617ec8aa1ceacbf842a7b08227]
~> TaskHandler[id: 35; name: NFCORE_RNASEQ:RNASEQ:QUANTIFY_PSEUDO_ALIGNMENT:SALMON_QUANT (GM12878_REP2); status: NEW; exit: -; error: -; workDir: /mnt/data/work/bd/2b71fbf949ee361a363fc55fdcd18d]
~> TaskHandler[id: 31; name: NFCORE_RNASEQ:RNASEQ:QUANTIFY_PSEUDO_ALIGNMENT:SALMON_QUANT (K562_REP1); status: NEW; exit: -; error: -; workDir: /mnt/data/work/27/93b22bf797a51552a89ee1b47ced0c]
~> TaskHandler[id: 32; name: NFCORE_RNASEQ:RNASEQ:QUANTIFY_PSEUDO_ALIGNMENT:SALMON_QUANT (H1_REP1); status: NEW; exit: -; error: -; workDir: /mnt/data/work/66/4feba11f2a525cc2396742a1eee1ff]
.. remaining tasks omitted.
Mar-20 15:35:31.643 [Task monitor] DEBUG n.processor.TaskPollingMonitor - !! executor local > tasks to be completed: 1 -- submitted tasks are shown below
~> TaskHandler[id: 23; name: NFCORE_RNASEQ:RNASEQ:FASTQ_ALIGN_HISAT2:HISAT2_ALIGN (K562_REP1); status: RUNNING; exit: -; error: -; workDir: /mnt/data/work/8b/a093a64c5e1cdd18e03dcd1df9b929]
Mar-20 15:38:41.510 [Task submitter] DEBUG n.processor.TaskPollingMonitor - %% executor local > tasks in the submission queue: 15 -- tasks to be submitted are shown below
~> TaskHandler[id: 28; name: NFCORE_RNASEQ:RNASEQ:FASTQ_ALIGN_HISAT2:HISAT2_ALIGN (MCF7_REP1); status: NEW; exit: -; error: -; workDir: /mnt/data/work/3e/e424d5d845130265ef274f807bf285]
~> TaskHandler[id: 30; name: NFCORE_RNASEQ:RNASEQ:FASTQ_ALIGN_HISAT2:HISAT2_ALIGN (H1_REP2); status: NEW; exit: -; error: -; workDir: /mnt/data/work/45/bb78be7d80d45537fad3b2567f404e]
~> TaskHandler[id: 29; name: NFCORE_RNASEQ:RNASEQ:FASTQ_ALIGN_HISAT2:HISAT2_ALIGN (K562_REP2); status: NEW; exit: -; error: -; workDir: /mnt/data/work/a3/f7fd818b4a8476689ec7c1e90cdbd5]
~> TaskHandler[id: 33; name: NFCORE_RNASEQ:RNASEQ:QUANTIFY_PSEUDO_ALIGNMENT:SALMON_QUANT (GM12878_REP1); status: NEW; exit: -; error: -; workDir: /mnt/data/work/8e/f89c1f5a3733f97f769bf4886811c1]
~> TaskHandler[id: 37; name: NFCORE_RNASEQ:RNASEQ:QUANTIFY_PSEUDO_ALIGNMENT:SALMON_QUANT (K562_REP2); status: NEW; exit: -; error: -; workDir: /mnt/data/work/86/88b17d7e87d3ba9e6988a00c1d5568]
~> TaskHandler[id: 34; name: NFCORE_RNASEQ:RNASEQ:QUANTIFY_PSEUDO_ALIGNMENT:SALMON_QUANT (MCF7_REP2); status: NEW; exit: -; error: -; workDir: /mnt/data/work/13/34c87e8f71a9982d1abafbd9720260]
~> TaskHandler[id: 36; name: NFCORE_RNASEQ:RNASEQ:QUANTIFY_PSEUDO_ALIGNMENT:SALMON_QUANT (MCF7_REP1); status: NEW; exit: -; error: -; workDir: /mnt/data/work/08/2d11617ec8aa1ceacbf842a7b08227]
~> TaskHandler[id: 35; name: NFCORE_RNASEQ:RNASEQ:QUANTIFY_PSEUDO_ALIGNMENT:SALMON_QUANT (GM12878_REP2); status: NEW; exit: -; error: -; workDir: /mnt/data/work/bd/2b71fbf949ee361a363fc55fdcd18d]
~> TaskHandler[id: 31; name: NFCORE_RNASEQ:RNASEQ:QUANTIFY_PSEUDO_ALIGNMENT:SALMON_QUANT (K562_REP1); status: NEW; exit: -; error: -; workDir: /mnt/data/work/27/93b22bf797a51552a89ee1b47ced0c]
~> TaskHandler[id: 32; name: NFCORE_RNASEQ:RNASEQ:QUANTIFY_PSEUDO_ALIGNMENT:SALMON_QUANT (H1_REP1); status: NEW; exit: -; error: -; workDir: /mnt/data/work/66/4feba11f2a525cc2396742a1eee1ff]
.. remaining tasks omitted.
Mar-20 15:40:31.686 [Task monitor] DEBUG n.processor.TaskPollingMonitor - !! executor local > tasks to be completed: 1 -- submitted tasks are shown below
~> TaskHandler[id: 23; name: NFCORE_RNASEQ:RNASEQ:FASTQ_ALIGN_HISAT2:HISAT2_ALIGN (K562_REP1); status: RUNNING; exit: -; error: -; workDir: /mnt/data/work/8b/a093a64c5e1cdd18e03dcd1df9b929]
Mar-20 15:43:41.563 [Task submitter] DEBUG n.processor.TaskPollingMonitor - %% executor local > tasks in the submission queue: 15 -- tasks to be submitted are shown below
~> TaskHandler[id: 28; name: NFCORE_RNASEQ:RNASEQ:FASTQ_ALIGN_HISAT2:HISAT2_ALIGN (MCF7_REP1); status: NEW; exit: -; error: -; workDir: /mnt/data/work/3e/e424d5d845130265ef274f807bf285]
~> TaskHandler[id: 30; name: NFCORE_RNASEQ:RNASEQ:FASTQ_ALIGN_HISAT2:HISAT2_ALIGN (H1_REP2); status: NEW; exit: -; error: -; workDir: /mnt/data/work/45/bb78be7d80d45537fad3b2567f404e]
~> TaskHandler[id: 29; name: NFCORE_RNASEQ:RNASEQ:FASTQ_ALIGN_HISAT2:HISAT2_ALIGN (K562_REP2); status: NEW; exit: -; error: -; workDir: /mnt/data/work/a3/f7fd818b4a8476689ec7c1e90cdbd5]
~> TaskHandler[id: 33; name: NFCORE_RNASEQ:RNASEQ:QUANTIFY_PSEUDO_ALIGNMENT:SALMON_QUANT (GM12878_REP1); status: NEW; exit: -; error: -; workDir: /mnt/data/work/8e/f89c1f5a3733f97f769bf4886811c1]
~> TaskHandler[id: 37; name: NFCORE_RNASEQ:RNASEQ:QUANTIFY_PSEUDO_ALIGNMENT:SALMON_QUANT (K562_REP2); status: NEW; exit: -; error: -; workDir: /mnt/data/work/86/88b17d7e87d3ba9e6988a00c1d5568]
~> TaskHandler[id: 34; name: NFCORE_RNASEQ:RNASEQ:QUANTIFY_PSEUDO_ALIGNMENT:SALMON_QUANT (MCF7_REP2); status: NEW; exit: -; error: -; workDir: /mnt/data/work/13/34c87e8f71a9982d1abafbd9720260]
~> TaskHandler[id: 36; name: NFCORE_RNASEQ:RNASEQ:QUANTIFY_PSEUDO_ALIGNMENT:SALMON_QUANT (MCF7_REP1); status: NEW; exit: -; error: -; workDir: /mnt/data/work/08/2d11617ec8aa1ceacbf842a7b08227]
~> TaskHandler[id: 35; name: NFCORE_RNASEQ:RNASEQ:QUANTIFY_PSEUDO_ALIGNMENT:SALMON_QUANT (GM12878_REP2); status: NEW; exit: -; error: -; workDir: /mnt/data/work/bd/2b71fbf949ee361a363fc55fdcd18d]
~> TaskHandler[id: 31; name: NFCORE_RNASEQ:RNASEQ:QUANTIFY_PSEUDO_ALIGNMENT:SALMON_QUANT (K562_REP1); status: NEW; exit: -; error: -; workDir: /mnt/data/work/27/93b22bf797a51552a89ee1b47ced0c]
~> TaskHandler[id: 32; name: NFCORE_RNASEQ:RNASEQ:QUANTIFY_PSEUDO_ALIGNMENT:SALMON_QUANT (H1_REP1); status: NEW; exit: -; error: -; workDir: /mnt/data/work/66/4feba11f2a525cc2396742a1eee1ff]
.. remaining tasks omitted.
Mar-20 15:45:31.748 [Task monitor] DEBUG n.processor.TaskPollingMonitor - !! executor local > tasks to be completed: 1 -- submitted tasks are shown below
~> TaskHandler[id: 23; name: NFCORE_RNASEQ:RNASEQ:FASTQ_ALIGN_HISAT2:HISAT2_ALIGN (K562_REP1); status: RUNNING; exit: -; error: -; workDir: /mnt/data/work/8b/a093a64c5e1cdd18e03dcd1df9b929]
Mar-20 15:48:41.618 [Task submitter] DEBUG n.processor.TaskPollingMonitor - %% executor local > tasks in the submission queue: 15 -- tasks to be submitted are shown below
~> TaskHandler[id: 28; name: NFCORE_RNASEQ:RNASEQ:FASTQ_ALIGN_HISAT2:HISAT2_ALIGN (MCF7_REP1); status: NEW; exit: -; error: -; workDir: /mnt/data/work/3e/e424d5d845130265ef274f807bf285]
~> TaskHandler[id: 30; name: NFCORE_RNASEQ:RNASEQ:FASTQ_ALIGN_HISAT2:HISAT2_ALIGN (H1_REP2); status: NEW; exit: -; error: -; workDir: /mnt/data/work/45/bb78be7d80d45537fad3b2567f404e]
~> TaskHandler[id: 29; name: NFCORE_RNASEQ:RNASEQ:FASTQ_ALIGN_HISAT2:HISAT2_ALIGN (K562_REP2); status: NEW; exit: -; error: -; workDir: /mnt/data/work/a3/f7fd818b4a8476689ec7c1e90cdbd5]
~> TaskHandler[id: 33; name: NFCORE_RNASEQ:RNASEQ:QUANTIFY_PSEUDO_ALIGNMENT:SALMON_QUANT (GM12878_REP1); status: NEW; exit: -; error: -; workDir: /mnt/data/work/8e/f89c1f5a3733f97f769bf4886811c1]
~> TaskHandler[id: 37; name: NFCORE_RNASEQ:RNASEQ:QUANTIFY_PSEUDO_ALIGNMENT:SALMON_QUANT (K562_REP2); status: NEW; exit: -; error: -; workDir: /mnt/data/work/86/88b17d7e87d3ba9e6988a00c1d5568]
~> TaskHandler[id: 34; name: NFCORE_RNASEQ:RNASEQ:QUANTIFY_PSEUDO_ALIGNMENT:SALMON_QUANT (MCF7_REP2); status: NEW; exit: -; error: -; workDir: /mnt/data/work/13/34c87e8f71a9982d1abafbd9720260]
~> TaskHandler[id: 36; name: NFCORE_RNASEQ:RNASEQ:QUANTIFY_PSEUDO_ALIGNMENT:SALMON_QUANT (MCF7_REP1); status: NEW; exit: -; error: -; workDir: /mnt/data/work/08/2d11617ec8aa1ceacbf842a7b08227]
~> TaskHandler[id: 35; name: NFCORE_RNASEQ:RNASEQ:QUANTIFY_PSEUDO_ALIGNMENT:SALMON_QUANT (GM12878_REP2); status: NEW; exit: -; error: -; workDir: /mnt/data/work/bd/2b71fbf949ee361a363fc55fdcd18d]
~> TaskHandler[id: 31; name: NFCORE_RNASEQ:RNASEQ:QUANTIFY_PSEUDO_ALIGNMENT:SALMON_QUANT (K562_REP1); status: NEW; exit: -; error: -; workDir: /mnt/data/work/27/93b22bf797a51552a89ee1b47ced0c]
~> TaskHandler[id: 32; name: NFCORE_RNASEQ:RNASEQ:QUANTIFY_PSEUDO_ALIGNMENT:SALMON_QUANT (H1_REP1); status: NEW; exit: -; error: -; workDir: /mnt/data/work/66/4feba11f2a525cc2396742a1eee1ff]
.. remaining tasks omitted.
Mar-20 15:50:31.812 [Task monitor] DEBUG n.processor.TaskPollingMonitor - !! executor local > tasks to be completed: 1 -- submitted tasks are shown below
~> TaskHandler[id: 23; name: NFCORE_RNASEQ:RNASEQ:FASTQ_ALIGN_HISAT2:HISAT2_ALIGN (K562_REP1); status: RUNNING; exit: -; error: -; workDir: /mnt/data/work/8b/a093a64c5e1cdd18e03dcd1df9b929]
Mar-20 15:53:41.669 [Task submitter] DEBUG n.processor.TaskPollingMonitor - %% executor local > tasks in the submission queue: 15 -- tasks to be submitted are shown below
~> TaskHandler[id: 28; name: NFCORE_RNASEQ:RNASEQ:FASTQ_ALIGN_HISAT2:HISAT2_ALIGN (MCF7_REP1); status: NEW; exit: -; error: -; workDir: /mnt/data/work/3e/e424d5d845130265ef274f807bf285]
~> TaskHandler[id: 30; name: NFCORE_RNASEQ:RNASEQ:FASTQ_ALIGN_HISAT2:HISAT2_ALIGN (H1_REP2); status: NEW; exit: -; error: -; workDir: /mnt/data/work/45/bb78be7d80d45537fad3b2567f404e]
~> TaskHandler[id: 29; name: NFCORE_RNASEQ:RNASEQ:FASTQ_ALIGN_HISAT2:HISAT2_ALIGN (K562_REP2); status: NEW; exit: -; error: -; workDir: /mnt/data/work/a3/f7fd818b4a8476689ec7c1e90cdbd5]
~> TaskHandler[id: 33; name: NFCORE_RNASEQ:RNASEQ:QUANTIFY_PSEUDO_ALIGNMENT:SALMON_QUANT (GM12878_REP1); status: NEW; exit: -; error: -; workDir: /mnt/data/work/8e/f89c1f5a3733f97f769bf4886811c1]
~> TaskHandler[id: 37; name: NFCORE_RNASEQ:RNASEQ:QUANTIFY_PSEUDO_ALIGNMENT:SALMON_QUANT (K562_REP2); status: NEW; exit: -; error: -; workDir: /mnt/data/work/86/88b17d7e87d3ba9e6988a00c1d5568]
~> TaskHandler[id: 34; name: NFCORE_RNASEQ:RNASEQ:QUANTIFY_PSEUDO_ALIGNMENT:SALMON_QUANT (MCF7_REP2); status: NEW; exit: -; error: -; workDir: /mnt/data/work/13/34c87e8f71a9982d1abafbd9720260]
~> TaskHandler[id: 36; name: NFCORE_RNASEQ:RNASEQ:QUANTIFY_PSEUDO_ALIGNMENT:SALMON_QUANT (MCF7_REP1); status: NEW; exit: -; error: -; workDir: /mnt/data/work/08/2d11617ec8aa1ceacbf842a7b08227]
~> TaskHandler[id: 35; name: NFCORE_RNASEQ:RNASEQ:QUANTIFY_PSEUDO_ALIGNMENT:SALMON_QUANT (GM12878_REP2); status: NEW; exit: -; error: -; workDir: /mnt/data/work/bd/2b71fbf949ee361a363fc55fdcd18d]
~> TaskHandler[id: 31; name: NFCORE_RNASEQ:RNASEQ:QUANTIFY_PSEUDO_ALIGNMENT:SALMON_QUANT (K562_REP1); status: NEW; exit: -; error: -; workDir: /mnt/data/work/27/93b22bf797a51552a89ee1b47ced0c]
~> TaskHandler[id: 32; name: NFCORE_RNASEQ:RNASEQ:QUANTIFY_PSEUDO_ALIGNMENT:SALMON_QUANT (H1_REP1); status: NEW; exit: -; error: -; workDir: /mnt/data/work/66/4feba11f2a525cc2396742a1eee1ff]
.. remaining tasks omitted.
Mar-20 15:55:31.868 [Task monitor] DEBUG n.processor.TaskPollingMonitor - !! executor local > tasks to be completed: 1 -- submitted tasks are shown below
~> TaskHandler[id: 23; name: NFCORE_RNASEQ:RNASEQ:FASTQ_ALIGN_HISAT2:HISAT2_ALIGN (K562_REP1); status: RUNNING; exit: -; error: -; workDir: /mnt/data/work/8b/a093a64c5e1cdd18e03dcd1df9b929]
Mar-20 15:58:41.720 [Task submitter] DEBUG n.processor.TaskPollingMonitor - %% executor local > tasks in the submission queue: 15 -- tasks to be submitted are shown below
~> TaskHandler[id: 28; name: NFCORE_RNASEQ:RNASEQ:FASTQ_ALIGN_HISAT2:HISAT2_ALIGN (MCF7_REP1); status: NEW; exit: -; error: -; workDir: /mnt/data/work/3e/e424d5d845130265ef274f807bf285]
~> TaskHandler[id: 30; name: NFCORE_RNASEQ:RNASEQ:FASTQ_ALIGN_HISAT2:HISAT2_ALIGN (H1_REP2); status: NEW; exit: -; error: -; workDir: /mnt/data/work/45/bb78be7d80d45537fad3b2567f404e]
~> TaskHandler[id: 29; name: NFCORE_RNASEQ:RNASEQ:FASTQ_ALIGN_HISAT2:HISAT2_ALIGN (K562_REP2); status: NEW; exit: -; error: -; workDir: /mnt/data/work/a3/f7fd818b4a8476689ec7c1e90cdbd5]
~> TaskHandler[id: 33; name: NFCORE_RNASEQ:RNASEQ:QUANTIFY_PSEUDO_ALIGNMENT:SALMON_QUANT (GM12878_REP1); status: NEW; exit: -; error: -; workDir: /mnt/data/work/8e/f89c1f5a3733f97f769bf4886811c1]
~> TaskHandler[id: 37; name: NFCORE_RNASEQ:RNASEQ:QUANTIFY_PSEUDO_ALIGNMENT:SALMON_QUANT (K562_REP2); status: NEW; exit: -; error: -; workDir: /mnt/data/work/86/88b17d7e87d3ba9e6988a00c1d5568]
~> TaskHandler[id: 34; name: NFCORE_RNASEQ:RNASEQ:QUANTIFY_PSEUDO_ALIGNMENT:SALMON_QUANT (MCF7_REP2); status: NEW; exit: -; error: -; workDir: /mnt/data/work/13/34c87e8f71a9982d1abafbd9720260]
~> TaskHandler[id: 36; name: NFCORE_RNASEQ:RNASEQ:QUANTIFY_PSEUDO_ALIGNMENT:SALMON_QUANT (MCF7_REP1); status: NEW; exit: -; error: -; workDir: /mnt/data/work/08/2d11617ec8aa1ceacbf842a7b08227]
~> TaskHandler[id: 35; name: NFCORE_RNASEQ:RNASEQ:QUANTIFY_PSEUDO_ALIGNMENT:SALMON_QUANT (GM12878_REP2); status: NEW; exit: -; error: -; workDir: /mnt/data/work/bd/2b71fbf949ee361a363fc55fdcd18d]
~> TaskHandler[id: 31; name: NFCORE_RNASEQ:RNASEQ:QUANTIFY_PSEUDO_ALIGNMENT:SALMON_QUANT (K562_REP1); status: NEW; exit: -; error: -; workDir: /mnt/data/work/27/93b22bf797a51552a89ee1b47ced0c]
~> TaskHandler[id: 32; name: NFCORE_RNASEQ:RNASEQ:QUANTIFY_PSEUDO_ALIGNMENT:SALMON_QUANT (H1_REP1); status: NEW; exit: -; error: -; workDir: /mnt/data/work/66/4feba11f2a525cc2396742a1eee1ff]
.. remaining tasks omitted.
Mar-20 16:00:31.912 [Task monitor] DEBUG n.processor.TaskPollingMonitor - !! executor local > tasks to be completed: 1 -- submitted tasks are shown below
~> TaskHandler[id: 23; name: NFCORE_RNASEQ:RNASEQ:FASTQ_ALIGN_HISAT2:HISAT2_ALIGN (K562_REP1); status: RUNNING; exit: -; error: -; workDir: /mnt/data/work/8b/a093a64c5e1cdd18e03dcd1df9b929]
Mar-20 16:02:53.804 [Task monitor] DEBUG n.processor.TaskPollingMonitor - Task completed > TaskHandler[id: 23; name: NFCORE_RNASEQ:RNASEQ:FASTQ_ALIGN_HISAT2:HISAT2_ALIGN (K562_REP1); status: COMPLETED; exit: 0; error: -; workDir: /mnt/data/work/8b/a093a64c5e1cdd18e03dcd1df9b929]
Mar-20 16:02:53.807 [Task submitter] DEBUG n.executor.local.LocalTaskHandler - Launch cmd line: /bin/bash -ue .command.run
Mar-20 16:02:53.807 [Task submitter] INFO  nextflow.Session - [3e/e424d5] Submitted process > NFCORE_RNASEQ:RNASEQ:FASTQ_ALIGN_HISAT2:HISAT2_ALIGN (MCF7_REP1)
Mar-20 16:02:53.809 [TaskFinalizer-7] DEBUG nextflow.processor.TaskProcessor - Process NFCORE_RNASEQ:RNASEQ:FASTQ_ALIGN_HISAT2:HISAT2_ALIGN > Skipping output binding because one or more optional files are missing: fileoutparam<2:1>
Mar-20 16:03:41.818 [Task submitter] DEBUG n.processor.TaskPollingMonitor - %% executor local > tasks in the submission queue: 15 -- tasks to be submitted are shown below
~> TaskHandler[id: 30; name: NFCORE_RNASEQ:RNASEQ:FASTQ_ALIGN_HISAT2:HISAT2_ALIGN (H1_REP2); status: NEW; exit: -; error: -; workDir: /mnt/data/work/45/bb78be7d80d45537fad3b2567f404e]
~> TaskHandler[id: 29; name: NFCORE_RNASEQ:RNASEQ:FASTQ_ALIGN_HISAT2:HISAT2_ALIGN (K562_REP2); status: NEW; exit: -; error: -; workDir: /mnt/data/work/a3/f7fd818b4a8476689ec7c1e90cdbd5]
~> TaskHandler[id: 33; name: NFCORE_RNASEQ:RNASEQ:QUANTIFY_PSEUDO_ALIGNMENT:SALMON_QUANT (GM12878_REP1); status: NEW; exit: -; error: -; workDir: /mnt/data/work/8e/f89c1f5a3733f97f769bf4886811c1]
~> TaskHandler[id: 37; name: NFCORE_RNASEQ:RNASEQ:QUANTIFY_PSEUDO_ALIGNMENT:SALMON_QUANT (K562_REP2); status: NEW; exit: -; error: -; workDir: /mnt/data/work/86/88b17d7e87d3ba9e6988a00c1d5568]
~> TaskHandler[id: 34; name: NFCORE_RNASEQ:RNASEQ:QUANTIFY_PSEUDO_ALIGNMENT:SALMON_QUANT (MCF7_REP2); status: NEW; exit: -; error: -; workDir: /mnt/data/work/13/34c87e8f71a9982d1abafbd9720260]
~> TaskHandler[id: 36; name: NFCORE_RNASEQ:RNASEQ:QUANTIFY_PSEUDO_ALIGNMENT:SALMON_QUANT (MCF7_REP1); status: NEW; exit: -; error: -; workDir: /mnt/data/work/08/2d11617ec8aa1ceacbf842a7b08227]
~> TaskHandler[id: 35; name: NFCORE_RNASEQ:RNASEQ:QUANTIFY_PSEUDO_ALIGNMENT:SALMON_QUANT (GM12878_REP2); status: NEW; exit: -; error: -; workDir: /mnt/data/work/bd/2b71fbf949ee361a363fc55fdcd18d]
~> TaskHandler[id: 31; name: NFCORE_RNASEQ:RNASEQ:QUANTIFY_PSEUDO_ALIGNMENT:SALMON_QUANT (K562_REP1); status: NEW; exit: -; error: -; workDir: /mnt/data/work/27/93b22bf797a51552a89ee1b47ced0c]
~> TaskHandler[id: 32; name: NFCORE_RNASEQ:RNASEQ:QUANTIFY_PSEUDO_ALIGNMENT:SALMON_QUANT (H1_REP1); status: NEW; exit: -; error: -; workDir: /mnt/data/work/66/4feba11f2a525cc2396742a1eee1ff]
~> TaskHandler[id: 38; name: NFCORE_RNASEQ:RNASEQ:QUANTIFY_PSEUDO_ALIGNMENT:SALMON_QUANT (H1_REP2); status: NEW; exit: -; error: -; workDir: /mnt/data/work/93/843e57741611b38e96d654f567b9f9]
.. remaining tasks omitted.
Mar-20 16:05:31.997 [Task monitor] DEBUG n.processor.TaskPollingMonitor - !! executor local > tasks to be completed: 1 -- submitted tasks are shown below
~> TaskHandler[id: 28; name: NFCORE_RNASEQ:RNASEQ:FASTQ_ALIGN_HISAT2:HISAT2_ALIGN (MCF7_REP1); status: RUNNING; exit: -; error: -; workDir: /mnt/data/work/3e/e424d5d845130265ef274f807bf285]
Mar-20 16:08:41.871 [Task submitter] DEBUG n.processor.TaskPollingMonitor - %% executor local > tasks in the submission queue: 15 -- tasks to be submitted are shown below
~> TaskHandler[id: 30; name: NFCORE_RNASEQ:RNASEQ:FASTQ_ALIGN_HISAT2:HISAT2_ALIGN (H1_REP2); status: NEW; exit: -; error: -; workDir: /mnt/data/work/45/bb78be7d80d45537fad3b2567f404e]
~> TaskHandler[id: 29; name: NFCORE_RNASEQ:RNASEQ:FASTQ_ALIGN_HISAT2:HISAT2_ALIGN (K562_REP2); status: NEW; exit: -; error: -; workDir: /mnt/data/work/a3/f7fd818b4a8476689ec7c1e90cdbd5]
~> TaskHandler[id: 33; name: NFCORE_RNASEQ:RNASEQ:QUANTIFY_PSEUDO_ALIGNMENT:SALMON_QUANT (GM12878_REP1); status: NEW; exit: -; error: -; workDir: /mnt/data/work/8e/f89c1f5a3733f97f769bf4886811c1]
~> TaskHandler[id: 37; name: NFCORE_RNASEQ:RNASEQ:QUANTIFY_PSEUDO_ALIGNMENT:SALMON_QUANT (K562_REP2); status: NEW; exit: -; error: -; workDir: /mnt/data/work/86/88b17d7e87d3ba9e6988a00c1d5568]
~> TaskHandler[id: 34; name: NFCORE_RNASEQ:RNASEQ:QUANTIFY_PSEUDO_ALIGNMENT:SALMON_QUANT (MCF7_REP2); status: NEW; exit: -; error: -; workDir: /mnt/data/work/13/34c87e8f71a9982d1abafbd9720260]
~> TaskHandler[id: 36; name: NFCORE_RNASEQ:RNASEQ:QUANTIFY_PSEUDO_ALIGNMENT:SALMON_QUANT (MCF7_REP1); status: NEW; exit: -; error: -; workDir: /mnt/data/work/08/2d11617ec8aa1ceacbf842a7b08227]
~> TaskHandler[id: 35; name: NFCORE_RNASEQ:RNASEQ:QUANTIFY_PSEUDO_ALIGNMENT:SALMON_QUANT (GM12878_REP2); status: NEW; exit: -; error: -; workDir: /mnt/data/work/bd/2b71fbf949ee361a363fc55fdcd18d]
~> TaskHandler[id: 31; name: NFCORE_RNASEQ:RNASEQ:QUANTIFY_PSEUDO_ALIGNMENT:SALMON_QUANT (K562_REP1); status: NEW; exit: -; error: -; workDir: /mnt/data/work/27/93b22bf797a51552a89ee1b47ced0c]
~> TaskHandler[id: 32; name: NFCORE_RNASEQ:RNASEQ:QUANTIFY_PSEUDO_ALIGNMENT:SALMON_QUANT (H1_REP1); status: NEW; exit: -; error: -; workDir: /mnt/data/work/66/4feba11f2a525cc2396742a1eee1ff]
~> TaskHandler[id: 38; name: NFCORE_RNASEQ:RNASEQ:QUANTIFY_PSEUDO_ALIGNMENT:SALMON_QUANT (H1_REP2); status: NEW; exit: -; error: -; workDir: /mnt/data/work/93/843e57741611b38e96d654f567b9f9]
.. remaining tasks omitted.
Mar-20 16:10:32.046 [Task monitor] DEBUG n.processor.TaskPollingMonitor - !! executor local > tasks to be completed: 1 -- submitted tasks are shown below
~> TaskHandler[id: 28; name: NFCORE_RNASEQ:RNASEQ:FASTQ_ALIGN_HISAT2:HISAT2_ALIGN (MCF7_REP1); status: RUNNING; exit: -; error: -; workDir: /mnt/data/work/3e/e424d5d845130265ef274f807bf285]
Mar-20 16:13:41.924 [Task submitter] DEBUG n.processor.TaskPollingMonitor - %% executor local > tasks in the submission queue: 15 -- tasks to be submitted are shown below
~> TaskHandler[id: 30; name: NFCORE_RNASEQ:RNASEQ:FASTQ_ALIGN_HISAT2:HISAT2_ALIGN (H1_REP2); status: NEW; exit: -; error: -; workDir: /mnt/data/work/45/bb78be7d80d45537fad3b2567f404e]
~> TaskHandler[id: 29; name: NFCORE_RNASEQ:RNASEQ:FASTQ_ALIGN_HISAT2:HISAT2_ALIGN (K562_REP2); status: NEW; exit: -; error: -; workDir: /mnt/data/work/a3/f7fd818b4a8476689ec7c1e90cdbd5]
~> TaskHandler[id: 33; name: NFCORE_RNASEQ:RNASEQ:QUANTIFY_PSEUDO_ALIGNMENT:SALMON_QUANT (GM12878_REP1); status: NEW; exit: -; error: -; workDir: /mnt/data/work/8e/f89c1f5a3733f97f769bf4886811c1]
~> TaskHandler[id: 37; name: NFCORE_RNASEQ:RNASEQ:QUANTIFY_PSEUDO_ALIGNMENT:SALMON_QUANT (K562_REP2); status: NEW; exit: -; error: -; workDir: /mnt/data/work/86/88b17d7e87d3ba9e6988a00c1d5568]
~> TaskHandler[id: 34; name: NFCORE_RNASEQ:RNASEQ:QUANTIFY_PSEUDO_ALIGNMENT:SALMON_QUANT (MCF7_REP2); status: NEW; exit: -; error: -; workDir: /mnt/data/work/13/34c87e8f71a9982d1abafbd9720260]
~> TaskHandler[id: 36; name: NFCORE_RNASEQ:RNASEQ:QUANTIFY_PSEUDO_ALIGNMENT:SALMON_QUANT (MCF7_REP1); status: NEW; exit: -; error: -; workDir: /mnt/data/work/08/2d11617ec8aa1ceacbf842a7b08227]
~> TaskHandler[id: 35; name: NFCORE_RNASEQ:RNASEQ:QUANTIFY_PSEUDO_ALIGNMENT:SALMON_QUANT (GM12878_REP2); status: NEW; exit: -; error: -; workDir: /mnt/data/work/bd/2b71fbf949ee361a363fc55fdcd18d]
~> TaskHandler[id: 31; name: NFCORE_RNASEQ:RNASEQ:QUANTIFY_PSEUDO_ALIGNMENT:SALMON_QUANT (K562_REP1); status: NEW; exit: -; error: -; workDir: /mnt/data/work/27/93b22bf797a51552a89ee1b47ced0c]
~> TaskHandler[id: 32; name: NFCORE_RNASEQ:RNASEQ:QUANTIFY_PSEUDO_ALIGNMENT:SALMON_QUANT (H1_REP1); status: NEW; exit: -; error: -; workDir: /mnt/data/work/66/4feba11f2a525cc2396742a1eee1ff]
~> TaskHandler[id: 38; name: NFCORE_RNASEQ:RNASEQ:QUANTIFY_PSEUDO_ALIGNMENT:SALMON_QUANT (H1_REP2); status: NEW; exit: -; error: -; workDir: /mnt/data/work/93/843e57741611b38e96d654f567b9f9]
.. remaining tasks omitted.
Mar-20 16:15:32.079 [Task monitor] DEBUG n.processor.TaskPollingMonitor - !! executor local > tasks to be completed: 1 -- submitted tasks are shown below
~> TaskHandler[id: 28; name: NFCORE_RNASEQ:RNASEQ:FASTQ_ALIGN_HISAT2:HISAT2_ALIGN (MCF7_REP1); status: RUNNING; exit: -; error: -; workDir: /mnt/data/work/3e/e424d5d845130265ef274f807bf285]
Mar-20 16:18:41.980 [Task submitter] DEBUG n.processor.TaskPollingMonitor - %% executor local > tasks in the submission queue: 15 -- tasks to be submitted are shown below
~> TaskHandler[id: 30; name: NFCORE_RNASEQ:RNASEQ:FASTQ_ALIGN_HISAT2:HISAT2_ALIGN (H1_REP2); status: NEW; exit: -; error: -; workDir: /mnt/data/work/45/bb78be7d80d45537fad3b2567f404e]
~> TaskHandler[id: 29; name: NFCORE_RNASEQ:RNASEQ:FASTQ_ALIGN_HISAT2:HISAT2_ALIGN (K562_REP2); status: NEW; exit: -; error: -; workDir: /mnt/data/work/a3/f7fd818b4a8476689ec7c1e90cdbd5]
~> TaskHandler[id: 33; name: NFCORE_RNASEQ:RNASEQ:QUANTIFY_PSEUDO_ALIGNMENT:SALMON_QUANT (GM12878_REP1); status: NEW; exit: -; error: -; workDir: /mnt/data/work/8e/f89c1f5a3733f97f769bf4886811c1]
~> TaskHandler[id: 37; name: NFCORE_RNASEQ:RNASEQ:QUANTIFY_PSEUDO_ALIGNMENT:SALMON_QUANT (K562_REP2); status: NEW; exit: -; error: -; workDir: /mnt/data/work/86/88b17d7e87d3ba9e6988a00c1d5568]
~> TaskHandler[id: 34; name: NFCORE_RNASEQ:RNASEQ:QUANTIFY_PSEUDO_ALIGNMENT:SALMON_QUANT (MCF7_REP2); status: NEW; exit: -; error: -; workDir: /mnt/data/work/13/34c87e8f71a9982d1abafbd9720260]
~> TaskHandler[id: 36; name: NFCORE_RNASEQ:RNASEQ:QUANTIFY_PSEUDO_ALIGNMENT:SALMON_QUANT (MCF7_REP1); status: NEW; exit: -; error: -; workDir: /mnt/data/work/08/2d11617ec8aa1ceacbf842a7b08227]
~> TaskHandler[id: 35; name: NFCORE_RNASEQ:RNASEQ:QUANTIFY_PSEUDO_ALIGNMENT:SALMON_QUANT (GM12878_REP2); status: NEW; exit: -; error: -; workDir: /mnt/data/work/bd/2b71fbf949ee361a363fc55fdcd18d]
~> TaskHandler[id: 31; name: NFCORE_RNASEQ:RNASEQ:QUANTIFY_PSEUDO_ALIGNMENT:SALMON_QUANT (K562_REP1); status: NEW; exit: -; error: -; workDir: /mnt/data/work/27/93b22bf797a51552a89ee1b47ced0c]
~> TaskHandler[id: 32; name: NFCORE_RNASEQ:RNASEQ:QUANTIFY_PSEUDO_ALIGNMENT:SALMON_QUANT (H1_REP1); status: NEW; exit: -; error: -; workDir: /mnt/data/work/66/4feba11f2a525cc2396742a1eee1ff]
~> TaskHandler[id: 38; name: NFCORE_RNASEQ:RNASEQ:QUANTIFY_PSEUDO_ALIGNMENT:SALMON_QUANT (H1_REP2); status: NEW; exit: -; error: -; workDir: /mnt/data/work/93/843e57741611b38e96d654f567b9f9]
.. remaining tasks omitted.
Mar-20 16:20:32.147 [Task monitor] DEBUG n.processor.TaskPollingMonitor - !! executor local > tasks to be completed: 1 -- submitted tasks are shown below
~> TaskHandler[id: 28; name: NFCORE_RNASEQ:RNASEQ:FASTQ_ALIGN_HISAT2:HISAT2_ALIGN (MCF7_REP1); status: RUNNING; exit: -; error: -; workDir: /mnt/data/work/3e/e424d5d845130265ef274f807bf285]
Mar-20 16:23:42.036 [Task submitter] DEBUG n.processor.TaskPollingMonitor - %% executor local > tasks in the submission queue: 15 -- tasks to be submitted are shown below
~> TaskHandler[id: 30; name: NFCORE_RNASEQ:RNASEQ:FASTQ_ALIGN_HISAT2:HISAT2_ALIGN (H1_REP2); status: NEW; exit: -; error: -; workDir: /mnt/data/work/45/bb78be7d80d45537fad3b2567f404e]
~> TaskHandler[id: 29; name: NFCORE_RNASEQ:RNASEQ:FASTQ_ALIGN_HISAT2:HISAT2_ALIGN (K562_REP2); status: NEW; exit: -; error: -; workDir: /mnt/data/work/a3/f7fd818b4a8476689ec7c1e90cdbd5]
~> TaskHandler[id: 33; name: NFCORE_RNASEQ:RNASEQ:QUANTIFY_PSEUDO_ALIGNMENT:SALMON_QUANT (GM12878_REP1); status: NEW; exit: -; error: -; workDir: /mnt/data/work/8e/f89c1f5a3733f97f769bf4886811c1]
~> TaskHandler[id: 37; name: NFCORE_RNASEQ:RNASEQ:QUANTIFY_PSEUDO_ALIGNMENT:SALMON_QUANT (K562_REP2); status: NEW; exit: -; error: -; workDir: /mnt/data/work/86/88b17d7e87d3ba9e6988a00c1d5568]
~> TaskHandler[id: 34; name: NFCORE_RNASEQ:RNASEQ:QUANTIFY_PSEUDO_ALIGNMENT:SALMON_QUANT (MCF7_REP2); status: NEW; exit: -; error: -; workDir: /mnt/data/work/13/34c87e8f71a9982d1abafbd9720260]
~> TaskHandler[id: 36; name: NFCORE_RNASEQ:RNASEQ:QUANTIFY_PSEUDO_ALIGNMENT:SALMON_QUANT (MCF7_REP1); status: NEW; exit: -; error: -; workDir: /mnt/data/work/08/2d11617ec8aa1ceacbf842a7b08227]
~> TaskHandler[id: 35; name: NFCORE_RNASEQ:RNASEQ:QUANTIFY_PSEUDO_ALIGNMENT:SALMON_QUANT (GM12878_REP2); status: NEW; exit: -; error: -; workDir: /mnt/data/work/bd/2b71fbf949ee361a363fc55fdcd18d]
~> TaskHandler[id: 31; name: NFCORE_RNASEQ:RNASEQ:QUANTIFY_PSEUDO_ALIGNMENT:SALMON_QUANT (K562_REP1); status: NEW; exit: -; error: -; workDir: /mnt/data/work/27/93b22bf797a51552a89ee1b47ced0c]
~> TaskHandler[id: 32; name: NFCORE_RNASEQ:RNASEQ:QUANTIFY_PSEUDO_ALIGNMENT:SALMON_QUANT (H1_REP1); status: NEW; exit: -; error: -; workDir: /mnt/data/work/66/4feba11f2a525cc2396742a1eee1ff]
~> TaskHandler[id: 38; name: NFCORE_RNASEQ:RNASEQ:QUANTIFY_PSEUDO_ALIGNMENT:SALMON_QUANT (H1_REP2); status: NEW; exit: -; error: -; workDir: /mnt/data/work/93/843e57741611b38e96d654f567b9f9]
.. remaining tasks omitted.
Mar-20 16:25:32.206 [Task monitor] DEBUG n.processor.TaskPollingMonitor - !! executor local > tasks to be completed: 1 -- submitted tasks are shown below
~> TaskHandler[id: 28; name: NFCORE_RNASEQ:RNASEQ:FASTQ_ALIGN_HISAT2:HISAT2_ALIGN (MCF7_REP1); status: RUNNING; exit: -; error: -; workDir: /mnt/data/work/3e/e424d5d845130265ef274f807bf285]
Mar-20 16:28:42.089 [Task submitter] DEBUG n.processor.TaskPollingMonitor - %% executor local > tasks in the submission queue: 15 -- tasks to be submitted are shown below
~> TaskHandler[id: 30; name: NFCORE_RNASEQ:RNASEQ:FASTQ_ALIGN_HISAT2:HISAT2_ALIGN (H1_REP2); status: NEW; exit: -; error: -; workDir: /mnt/data/work/45/bb78be7d80d45537fad3b2567f404e]
~> TaskHandler[id: 29; name: NFCORE_RNASEQ:RNASEQ:FASTQ_ALIGN_HISAT2:HISAT2_ALIGN (K562_REP2); status: NEW; exit: -; error: -; workDir: /mnt/data/work/a3/f7fd818b4a8476689ec7c1e90cdbd5]
~> TaskHandler[id: 33; name: NFCORE_RNASEQ:RNASEQ:QUANTIFY_PSEUDO_ALIGNMENT:SALMON_QUANT (GM12878_REP1); status: NEW; exit: -; error: -; workDir: /mnt/data/work/8e/f89c1f5a3733f97f769bf4886811c1]
~> TaskHandler[id: 37; name: NFCORE_RNASEQ:RNASEQ:QUANTIFY_PSEUDO_ALIGNMENT:SALMON_QUANT (K562_REP2); status: NEW; exit: -; error: -; workDir: /mnt/data/work/86/88b17d7e87d3ba9e6988a00c1d5568]
~> TaskHandler[id: 34; name: NFCORE_RNASEQ:RNASEQ:QUANTIFY_PSEUDO_ALIGNMENT:SALMON_QUANT (MCF7_REP2); status: NEW; exit: -; error: -; workDir: /mnt/data/work/13/34c87e8f71a9982d1abafbd9720260]
~> TaskHandler[id: 36; name: NFCORE_RNASEQ:RNASEQ:QUANTIFY_PSEUDO_ALIGNMENT:SALMON_QUANT (MCF7_REP1); status: NEW; exit: -; error: -; workDir: /mnt/data/work/08/2d11617ec8aa1ceacbf842a7b08227]
~> TaskHandler[id: 35; name: NFCORE_RNASEQ:RNASEQ:QUANTIFY_PSEUDO_ALIGNMENT:SALMON_QUANT (GM12878_REP2); status: NEW; exit: -; error: -; workDir: /mnt/data/work/bd/2b71fbf949ee361a363fc55fdcd18d]
~> TaskHandler[id: 31; name: NFCORE_RNASEQ:RNASEQ:QUANTIFY_PSEUDO_ALIGNMENT:SALMON_QUANT (K562_REP1); status: NEW; exit: -; error: -; workDir: /mnt/data/work/27/93b22bf797a51552a89ee1b47ced0c]
~> TaskHandler[id: 32; name: NFCORE_RNASEQ:RNASEQ:QUANTIFY_PSEUDO_ALIGNMENT:SALMON_QUANT (H1_REP1); status: NEW; exit: -; error: -; workDir: /mnt/data/work/66/4feba11f2a525cc2396742a1eee1ff]
~> TaskHandler[id: 38; name: NFCORE_RNASEQ:RNASEQ:QUANTIFY_PSEUDO_ALIGNMENT:SALMON_QUANT (H1_REP2); status: NEW; exit: -; error: -; workDir: /mnt/data/work/93/843e57741611b38e96d654f567b9f9]
.. remaining tasks omitted.
Mar-20 16:30:32.258 [Task monitor] DEBUG n.processor.TaskPollingMonitor - !! executor local > tasks to be completed: 1 -- submitted tasks are shown below
~> TaskHandler[id: 28; name: NFCORE_RNASEQ:RNASEQ:FASTQ_ALIGN_HISAT2:HISAT2_ALIGN (MCF7_REP1); status: RUNNING; exit: -; error: -; workDir: /mnt/data/work/3e/e424d5d845130265ef274f807bf285]
Mar-20 16:33:42.145 [Task submitter] DEBUG n.processor.TaskPollingMonitor - %% executor local > tasks in the submission queue: 15 -- tasks to be submitted are shown below
~> TaskHandler[id: 30; name: NFCORE_RNASEQ:RNASEQ:FASTQ_ALIGN_HISAT2:HISAT2_ALIGN (H1_REP2); status: NEW; exit: -; error: -; workDir: /mnt/data/work/45/bb78be7d80d45537fad3b2567f404e]
~> TaskHandler[id: 29; name: NFCORE_RNASEQ:RNASEQ:FASTQ_ALIGN_HISAT2:HISAT2_ALIGN (K562_REP2); status: NEW; exit: -; error: -; workDir: /mnt/data/work/a3/f7fd818b4a8476689ec7c1e90cdbd5]
~> TaskHandler[id: 33; name: NFCORE_RNASEQ:RNASEQ:QUANTIFY_PSEUDO_ALIGNMENT:SALMON_QUANT (GM12878_REP1); status: NEW; exit: -; error: -; workDir: /mnt/data/work/8e/f89c1f5a3733f97f769bf4886811c1]
~> TaskHandler[id: 37; name: NFCORE_RNASEQ:RNASEQ:QUANTIFY_PSEUDO_ALIGNMENT:SALMON_QUANT (K562_REP2); status: NEW; exit: -; error: -; workDir: /mnt/data/work/86/88b17d7e87d3ba9e6988a00c1d5568]
~> TaskHandler[id: 34; name: NFCORE_RNASEQ:RNASEQ:QUANTIFY_PSEUDO_ALIGNMENT:SALMON_QUANT (MCF7_REP2); status: NEW; exit: -; error: -; workDir: /mnt/data/work/13/34c87e8f71a9982d1abafbd9720260]
~> TaskHandler[id: 36; name: NFCORE_RNASEQ:RNASEQ:QUANTIFY_PSEUDO_ALIGNMENT:SALMON_QUANT (MCF7_REP1); status: NEW; exit: -; error: -; workDir: /mnt/data/work/08/2d11617ec8aa1ceacbf842a7b08227]
~> TaskHandler[id: 35; name: NFCORE_RNASEQ:RNASEQ:QUANTIFY_PSEUDO_ALIGNMENT:SALMON_QUANT (GM12878_REP2); status: NEW; exit: -; error: -; workDir: /mnt/data/work/bd/2b71fbf949ee361a363fc55fdcd18d]
~> TaskHandler[id: 31; name: NFCORE_RNASEQ:RNASEQ:QUANTIFY_PSEUDO_ALIGNMENT:SALMON_QUANT (K562_REP1); status: NEW; exit: -; error: -; workDir: /mnt/data/work/27/93b22bf797a51552a89ee1b47ced0c]
~> TaskHandler[id: 32; name: NFCORE_RNASEQ:RNASEQ:QUANTIFY_PSEUDO_ALIGNMENT:SALMON_QUANT (H1_REP1); status: NEW; exit: -; error: -; workDir: /mnt/data/work/66/4feba11f2a525cc2396742a1eee1ff]
~> TaskHandler[id: 38; name: NFCORE_RNASEQ:RNASEQ:QUANTIFY_PSEUDO_ALIGNMENT:SALMON_QUANT (H1_REP2); status: NEW; exit: -; error: -; workDir: /mnt/data/work/93/843e57741611b38e96d654f567b9f9]
.. remaining tasks omitted.
Mar-20 16:35:32.312 [Task monitor] DEBUG n.processor.TaskPollingMonitor - !! executor local > tasks to be completed: 1 -- submitted tasks are shown below
~> TaskHandler[id: 28; name: NFCORE_RNASEQ:RNASEQ:FASTQ_ALIGN_HISAT2:HISAT2_ALIGN (MCF7_REP1); status: RUNNING; exit: -; error: -; workDir: /mnt/data/work/3e/e424d5d845130265ef274f807bf285]
Mar-20 16:37:55.677 [Task monitor] DEBUG n.processor.TaskPollingMonitor - Task completed > TaskHandler[id: 28; name: NFCORE_RNASEQ:RNASEQ:FASTQ_ALIGN_HISAT2:HISAT2_ALIGN (MCF7_REP1); status: COMPLETED; exit: 0; error: -; workDir: /mnt/data/work/3e/e424d5d845130265ef274f807bf285]
Mar-20 16:37:55.684 [TaskFinalizer-8] DEBUG nextflow.processor.TaskProcessor - Process NFCORE_RNASEQ:RNASEQ:FASTQ_ALIGN_HISAT2:HISAT2_ALIGN > Skipping output binding because one or more optional files are missing: fileoutparam<2:1>
Mar-20 16:37:55.686 [Task submitter] DEBUG n.executor.local.LocalTaskHandler - Launch cmd line: /bin/bash -ue .command.run
Mar-20 16:37:55.687 [Task submitter] INFO  nextflow.Session - [45/bb78be] Submitted process > NFCORE_RNASEQ:RNASEQ:FASTQ_ALIGN_HISAT2:HISAT2_ALIGN (H1_REP2)
Mar-20 16:38:42.698 [Task submitter] DEBUG n.processor.TaskPollingMonitor - %% executor local > tasks in the submission queue: 15 -- tasks to be submitted are shown below
~> TaskHandler[id: 29; name: NFCORE_RNASEQ:RNASEQ:FASTQ_ALIGN_HISAT2:HISAT2_ALIGN (K562_REP2); status: NEW; exit: -; error: -; workDir: /mnt/data/work/a3/f7fd818b4a8476689ec7c1e90cdbd5]
~> TaskHandler[id: 33; name: NFCORE_RNASEQ:RNASEQ:QUANTIFY_PSEUDO_ALIGNMENT:SALMON_QUANT (GM12878_REP1); status: NEW; exit: -; error: -; workDir: /mnt/data/work/8e/f89c1f5a3733f97f769bf4886811c1]
~> TaskHandler[id: 37; name: NFCORE_RNASEQ:RNASEQ:QUANTIFY_PSEUDO_ALIGNMENT:SALMON_QUANT (K562_REP2); status: NEW; exit: -; error: -; workDir: /mnt/data/work/86/88b17d7e87d3ba9e6988a00c1d5568]
~> TaskHandler[id: 34; name: NFCORE_RNASEQ:RNASEQ:QUANTIFY_PSEUDO_ALIGNMENT:SALMON_QUANT (MCF7_REP2); status: NEW; exit: -; error: -; workDir: /mnt/data/work/13/34c87e8f71a9982d1abafbd9720260]
~> TaskHandler[id: 36; name: NFCORE_RNASEQ:RNASEQ:QUANTIFY_PSEUDO_ALIGNMENT:SALMON_QUANT (MCF7_REP1); status: NEW; exit: -; error: -; workDir: /mnt/data/work/08/2d11617ec8aa1ceacbf842a7b08227]
~> TaskHandler[id: 35; name: NFCORE_RNASEQ:RNASEQ:QUANTIFY_PSEUDO_ALIGNMENT:SALMON_QUANT (GM12878_REP2); status: NEW; exit: -; error: -; workDir: /mnt/data/work/bd/2b71fbf949ee361a363fc55fdcd18d]
~> TaskHandler[id: 31; name: NFCORE_RNASEQ:RNASEQ:QUANTIFY_PSEUDO_ALIGNMENT:SALMON_QUANT (K562_REP1); status: NEW; exit: -; error: -; workDir: /mnt/data/work/27/93b22bf797a51552a89ee1b47ced0c]
~> TaskHandler[id: 32; name: NFCORE_RNASEQ:RNASEQ:QUANTIFY_PSEUDO_ALIGNMENT:SALMON_QUANT (H1_REP1); status: NEW; exit: -; error: -; workDir: /mnt/data/work/66/4feba11f2a525cc2396742a1eee1ff]
~> TaskHandler[id: 38; name: NFCORE_RNASEQ:RNASEQ:QUANTIFY_PSEUDO_ALIGNMENT:SALMON_QUANT (H1_REP2); status: NEW; exit: -; error: -; workDir: /mnt/data/work/93/843e57741611b38e96d654f567b9f9]
~> TaskHandler[id: 39; name: NFCORE_RNASEQ:RNASEQ:FASTQ_ALIGN_HISAT2:BAM_SORT_STATS_SAMTOOLS:SAMTOOLS_SORT (GM12878_REP1); status: NEW; exit: -; error: -; workDir: /mnt/data/work/75/f038af580f855c2a0b33cd048afb4b]
.. remaining tasks omitted.
Mar-20 16:40:32.361 [Task monitor] DEBUG n.processor.TaskPollingMonitor - !! executor local > tasks to be completed: 1 -- submitted tasks are shown below
~> TaskHandler[id: 30; name: NFCORE_RNASEQ:RNASEQ:FASTQ_ALIGN_HISAT2:HISAT2_ALIGN (H1_REP2); status: RUNNING; exit: -; error: -; workDir: /mnt/data/work/45/bb78be7d80d45537fad3b2567f404e]
Mar-20 16:43:42.754 [Task submitter] DEBUG n.processor.TaskPollingMonitor - %% executor local > tasks in the submission queue: 15 -- tasks to be submitted are shown below
~> TaskHandler[id: 29; name: NFCORE_RNASEQ:RNASEQ:FASTQ_ALIGN_HISAT2:HISAT2_ALIGN (K562_REP2); status: NEW; exit: -; error: -; workDir: /mnt/data/work/a3/f7fd818b4a8476689ec7c1e90cdbd5]
~> TaskHandler[id: 33; name: NFCORE_RNASEQ:RNASEQ:QUANTIFY_PSEUDO_ALIGNMENT:SALMON_QUANT (GM12878_REP1); status: NEW; exit: -; error: -; workDir: /mnt/data/work/8e/f89c1f5a3733f97f769bf4886811c1]
~> TaskHandler[id: 37; name: NFCORE_RNASEQ:RNASEQ:QUANTIFY_PSEUDO_ALIGNMENT:SALMON_QUANT (K562_REP2); status: NEW; exit: -; error: -; workDir: /mnt/data/work/86/88b17d7e87d3ba9e6988a00c1d5568]
~> TaskHandler[id: 34; name: NFCORE_RNASEQ:RNASEQ:QUANTIFY_PSEUDO_ALIGNMENT:SALMON_QUANT (MCF7_REP2); status: NEW; exit: -; error: -; workDir: /mnt/data/work/13/34c87e8f71a9982d1abafbd9720260]
~> TaskHandler[id: 36; name: NFCORE_RNASEQ:RNASEQ:QUANTIFY_PSEUDO_ALIGNMENT:SALMON_QUANT (MCF7_REP1); status: NEW; exit: -; error: -; workDir: /mnt/data/work/08/2d11617ec8aa1ceacbf842a7b08227]
~> TaskHandler[id: 35; name: NFCORE_RNASEQ:RNASEQ:QUANTIFY_PSEUDO_ALIGNMENT:SALMON_QUANT (GM12878_REP2); status: NEW; exit: -; error: -; workDir: /mnt/data/work/bd/2b71fbf949ee361a363fc55fdcd18d]
~> TaskHandler[id: 31; name: NFCORE_RNASEQ:RNASEQ:QUANTIFY_PSEUDO_ALIGNMENT:SALMON_QUANT (K562_REP1); status: NEW; exit: -; error: -; workDir: /mnt/data/work/27/93b22bf797a51552a89ee1b47ced0c]
~> TaskHandler[id: 32; name: NFCORE_RNASEQ:RNASEQ:QUANTIFY_PSEUDO_ALIGNMENT:SALMON_QUANT (H1_REP1); status: NEW; exit: -; error: -; workDir: /mnt/data/work/66/4feba11f2a525cc2396742a1eee1ff]
~> TaskHandler[id: 38; name: NFCORE_RNASEQ:RNASEQ:QUANTIFY_PSEUDO_ALIGNMENT:SALMON_QUANT (H1_REP2); status: NEW; exit: -; error: -; workDir: /mnt/data/work/93/843e57741611b38e96d654f567b9f9]
~> TaskHandler[id: 39; name: NFCORE_RNASEQ:RNASEQ:FASTQ_ALIGN_HISAT2:BAM_SORT_STATS_SAMTOOLS:SAMTOOLS_SORT (GM12878_REP1); status: NEW; exit: -; error: -; workDir: /mnt/data/work/75/f038af580f855c2a0b33cd048afb4b]
.. remaining tasks omitted.
Mar-20 16:45:32.392 [Task monitor] DEBUG n.processor.TaskPollingMonitor - !! executor local > tasks to be completed: 1 -- submitted tasks are shown below
~> TaskHandler[id: 30; name: NFCORE_RNASEQ:RNASEQ:FASTQ_ALIGN_HISAT2:HISAT2_ALIGN (H1_REP2); status: RUNNING; exit: -; error: -; workDir: /mnt/data/work/45/bb78be7d80d45537fad3b2567f404e]
Mar-20 16:48:42.807 [Task submitter] DEBUG n.processor.TaskPollingMonitor - %% executor local > tasks in the submission queue: 15 -- tasks to be submitted are shown below
~> TaskHandler[id: 29; name: NFCORE_RNASEQ:RNASEQ:FASTQ_ALIGN_HISAT2:HISAT2_ALIGN (K562_REP2); status: NEW; exit: -; error: -; workDir: /mnt/data/work/a3/f7fd818b4a8476689ec7c1e90cdbd5]
~> TaskHandler[id: 33; name: NFCORE_RNASEQ:RNASEQ:QUANTIFY_PSEUDO_ALIGNMENT:SALMON_QUANT (GM12878_REP1); status: NEW; exit: -; error: -; workDir: /mnt/data/work/8e/f89c1f5a3733f97f769bf4886811c1]
~> TaskHandler[id: 37; name: NFCORE_RNASEQ:RNASEQ:QUANTIFY_PSEUDO_ALIGNMENT:SALMON_QUANT (K562_REP2); status: NEW; exit: -; error: -; workDir: /mnt/data/work/86/88b17d7e87d3ba9e6988a00c1d5568]
~> TaskHandler[id: 34; name: NFCORE_RNASEQ:RNASEQ:QUANTIFY_PSEUDO_ALIGNMENT:SALMON_QUANT (MCF7_REP2); status: NEW; exit: -; error: -; workDir: /mnt/data/work/13/34c87e8f71a9982d1abafbd9720260]
~> TaskHandler[id: 36; name: NFCORE_RNASEQ:RNASEQ:QUANTIFY_PSEUDO_ALIGNMENT:SALMON_QUANT (MCF7_REP1); status: NEW; exit: -; error: -; workDir: /mnt/data/work/08/2d11617ec8aa1ceacbf842a7b08227]
~> TaskHandler[id: 35; name: NFCORE_RNASEQ:RNASEQ:QUANTIFY_PSEUDO_ALIGNMENT:SALMON_QUANT (GM12878_REP2); status: NEW; exit: -; error: -; workDir: /mnt/data/work/bd/2b71fbf949ee361a363fc55fdcd18d]
~> TaskHandler[id: 31; name: NFCORE_RNASEQ:RNASEQ:QUANTIFY_PSEUDO_ALIGNMENT:SALMON_QUANT (K562_REP1); status: NEW; exit: -; error: -; workDir: /mnt/data/work/27/93b22bf797a51552a89ee1b47ced0c]
~> TaskHandler[id: 32; name: NFCORE_RNASEQ:RNASEQ:QUANTIFY_PSEUDO_ALIGNMENT:SALMON_QUANT (H1_REP1); status: NEW; exit: -; error: -; workDir: /mnt/data/work/66/4feba11f2a525cc2396742a1eee1ff]
~> TaskHandler[id: 38; name: NFCORE_RNASEQ:RNASEQ:QUANTIFY_PSEUDO_ALIGNMENT:SALMON_QUANT (H1_REP2); status: NEW; exit: -; error: -; workDir: /mnt/data/work/93/843e57741611b38e96d654f567b9f9]
~> TaskHandler[id: 39; name: NFCORE_RNASEQ:RNASEQ:FASTQ_ALIGN_HISAT2:BAM_SORT_STATS_SAMTOOLS:SAMTOOLS_SORT (GM12878_REP1); status: NEW; exit: -; error: -; workDir: /mnt/data/work/75/f038af580f855c2a0b33cd048afb4b]
.. remaining tasks omitted.
Mar-20 16:50:32.425 [Task monitor] DEBUG n.processor.TaskPollingMonitor - !! executor local > tasks to be completed: 1 -- submitted tasks are shown below
~> TaskHandler[id: 30; name: NFCORE_RNASEQ:RNASEQ:FASTQ_ALIGN_HISAT2:HISAT2_ALIGN (H1_REP2); status: RUNNING; exit: -; error: -; workDir: /mnt/data/work/45/bb78be7d80d45537fad3b2567f404e]
Mar-20 16:53:42.860 [Task submitter] DEBUG n.processor.TaskPollingMonitor - %% executor local > tasks in the submission queue: 15 -- tasks to be submitted are shown below
~> TaskHandler[id: 29; name: NFCORE_RNASEQ:RNASEQ:FASTQ_ALIGN_HISAT2:HISAT2_ALIGN (K562_REP2); status: NEW; exit: -; error: -; workDir: /mnt/data/work/a3/f7fd818b4a8476689ec7c1e90cdbd5]
~> TaskHandler[id: 33; name: NFCORE_RNASEQ:RNASEQ:QUANTIFY_PSEUDO_ALIGNMENT:SALMON_QUANT (GM12878_REP1); status: NEW; exit: -; error: -; workDir: /mnt/data/work/8e/f89c1f5a3733f97f769bf4886811c1]
~> TaskHandler[id: 37; name: NFCORE_RNASEQ:RNASEQ:QUANTIFY_PSEUDO_ALIGNMENT:SALMON_QUANT (K562_REP2); status: NEW; exit: -; error: -; workDir: /mnt/data/work/86/88b17d7e87d3ba9e6988a00c1d5568]
~> TaskHandler[id: 34; name: NFCORE_RNASEQ:RNASEQ:QUANTIFY_PSEUDO_ALIGNMENT:SALMON_QUANT (MCF7_REP2); status: NEW; exit: -; error: -; workDir: /mnt/data/work/13/34c87e8f71a9982d1abafbd9720260]
~> TaskHandler[id: 36; name: NFCORE_RNASEQ:RNASEQ:QUANTIFY_PSEUDO_ALIGNMENT:SALMON_QUANT (MCF7_REP1); status: NEW; exit: -; error: -; workDir: /mnt/data/work/08/2d11617ec8aa1ceacbf842a7b08227]
~> TaskHandler[id: 35; name: NFCORE_RNASEQ:RNASEQ:QUANTIFY_PSEUDO_ALIGNMENT:SALMON_QUANT (GM12878_REP2); status: NEW; exit: -; error: -; workDir: /mnt/data/work/bd/2b71fbf949ee361a363fc55fdcd18d]
~> TaskHandler[id: 31; name: NFCORE_RNASEQ:RNASEQ:QUANTIFY_PSEUDO_ALIGNMENT:SALMON_QUANT (K562_REP1); status: NEW; exit: -; error: -; workDir: /mnt/data/work/27/93b22bf797a51552a89ee1b47ced0c]
~> TaskHandler[id: 32; name: NFCORE_RNASEQ:RNASEQ:QUANTIFY_PSEUDO_ALIGNMENT:SALMON_QUANT (H1_REP1); status: NEW; exit: -; error: -; workDir: /mnt/data/work/66/4feba11f2a525cc2396742a1eee1ff]
~> TaskHandler[id: 38; name: NFCORE_RNASEQ:RNASEQ:QUANTIFY_PSEUDO_ALIGNMENT:SALMON_QUANT (H1_REP2); status: NEW; exit: -; error: -; workDir: /mnt/data/work/93/843e57741611b38e96d654f567b9f9]
~> TaskHandler[id: 39; name: NFCORE_RNASEQ:RNASEQ:FASTQ_ALIGN_HISAT2:BAM_SORT_STATS_SAMTOOLS:SAMTOOLS_SORT (GM12878_REP1); status: NEW; exit: -; error: -; workDir: /mnt/data/work/75/f038af580f855c2a0b33cd048afb4b]
.. remaining tasks omitted.
Mar-20 16:55:32.468 [Task monitor] DEBUG n.processor.TaskPollingMonitor - !! executor local > tasks to be completed: 1 -- submitted tasks are shown below
~> TaskHandler[id: 30; name: NFCORE_RNASEQ:RNASEQ:FASTQ_ALIGN_HISAT2:HISAT2_ALIGN (H1_REP2); status: RUNNING; exit: -; error: -; workDir: /mnt/data/work/45/bb78be7d80d45537fad3b2567f404e]
Mar-20 16:58:42.919 [Task submitter] DEBUG n.processor.TaskPollingMonitor - %% executor local > tasks in the submission queue: 15 -- tasks to be submitted are shown below
~> TaskHandler[id: 29; name: NFCORE_RNASEQ:RNASEQ:FASTQ_ALIGN_HISAT2:HISAT2_ALIGN (K562_REP2); status: NEW; exit: -; error: -; workDir: /mnt/data/work/a3/f7fd818b4a8476689ec7c1e90cdbd5]
~> TaskHandler[id: 33; name: NFCORE_RNASEQ:RNASEQ:QUANTIFY_PSEUDO_ALIGNMENT:SALMON_QUANT (GM12878_REP1); status: NEW; exit: -; error: -; workDir: /mnt/data/work/8e/f89c1f5a3733f97f769bf4886811c1]
~> TaskHandler[id: 37; name: NFCORE_RNASEQ:RNASEQ:QUANTIFY_PSEUDO_ALIGNMENT:SALMON_QUANT (K562_REP2); status: NEW; exit: -; error: -; workDir: /mnt/data/work/86/88b17d7e87d3ba9e6988a00c1d5568]
~> TaskHandler[id: 34; name: NFCORE_RNASEQ:RNASEQ:QUANTIFY_PSEUDO_ALIGNMENT:SALMON_QUANT (MCF7_REP2); status: NEW; exit: -; error: -; workDir: /mnt/data/work/13/34c87e8f71a9982d1abafbd9720260]
~> TaskHandler[id: 36; name: NFCORE_RNASEQ:RNASEQ:QUANTIFY_PSEUDO_ALIGNMENT:SALMON_QUANT (MCF7_REP1); status: NEW; exit: -; error: -; workDir: /mnt/data/work/08/2d11617ec8aa1ceacbf842a7b08227]
~> TaskHandler[id: 35; name: NFCORE_RNASEQ:RNASEQ:QUANTIFY_PSEUDO_ALIGNMENT:SALMON_QUANT (GM12878_REP2); status: NEW; exit: -; error: -; workDir: /mnt/data/work/bd/2b71fbf949ee361a363fc55fdcd18d]
~> TaskHandler[id: 31; name: NFCORE_RNASEQ:RNASEQ:QUANTIFY_PSEUDO_ALIGNMENT:SALMON_QUANT (K562_REP1); status: NEW; exit: -; error: -; workDir: /mnt/data/work/27/93b22bf797a51552a89ee1b47ced0c]
~> TaskHandler[id: 32; name: NFCORE_RNASEQ:RNASEQ:QUANTIFY_PSEUDO_ALIGNMENT:SALMON_QUANT (H1_REP1); status: NEW; exit: -; error: -; workDir: /mnt/data/work/66/4feba11f2a525cc2396742a1eee1ff]
~> TaskHandler[id: 38; name: NFCORE_RNASEQ:RNASEQ:QUANTIFY_PSEUDO_ALIGNMENT:SALMON_QUANT (H1_REP2); status: NEW; exit: -; error: -; workDir: /mnt/data/work/93/843e57741611b38e96d654f567b9f9]
~> TaskHandler[id: 39; name: NFCORE_RNASEQ:RNASEQ:FASTQ_ALIGN_HISAT2:BAM_SORT_STATS_SAMTOOLS:SAMTOOLS_SORT (GM12878_REP1); status: NEW; exit: -; error: -; workDir: /mnt/data/work/75/f038af580f855c2a0b33cd048afb4b]
.. remaining tasks omitted.
Mar-20 17:00:32.518 [Task monitor] DEBUG n.processor.TaskPollingMonitor - !! executor local > tasks to be completed: 1 -- submitted tasks are shown below
~> TaskHandler[id: 30; name: NFCORE_RNASEQ:RNASEQ:FASTQ_ALIGN_HISAT2:HISAT2_ALIGN (H1_REP2); status: RUNNING; exit: -; error: -; workDir: /mnt/data/work/45/bb78be7d80d45537fad3b2567f404e]
Mar-20 17:03:42.975 [Task submitter] DEBUG n.processor.TaskPollingMonitor - %% executor local > tasks in the submission queue: 15 -- tasks to be submitted are shown below
~> TaskHandler[id: 29; name: NFCORE_RNASEQ:RNASEQ:FASTQ_ALIGN_HISAT2:HISAT2_ALIGN (K562_REP2); status: NEW; exit: -; error: -; workDir: /mnt/data/work/a3/f7fd818b4a8476689ec7c1e90cdbd5]
~> TaskHandler[id: 33; name: NFCORE_RNASEQ:RNASEQ:QUANTIFY_PSEUDO_ALIGNMENT:SALMON_QUANT (GM12878_REP1); status: NEW; exit: -; error: -; workDir: /mnt/data/work/8e/f89c1f5a3733f97f769bf4886811c1]
~> TaskHandler[id: 37; name: NFCORE_RNASEQ:RNASEQ:QUANTIFY_PSEUDO_ALIGNMENT:SALMON_QUANT (K562_REP2); status: NEW; exit: -; error: -; workDir: /mnt/data/work/86/88b17d7e87d3ba9e6988a00c1d5568]
~> TaskHandler[id: 34; name: NFCORE_RNASEQ:RNASEQ:QUANTIFY_PSEUDO_ALIGNMENT:SALMON_QUANT (MCF7_REP2); status: NEW; exit: -; error: -; workDir: /mnt/data/work/13/34c87e8f71a9982d1abafbd9720260]
~> TaskHandler[id: 36; name: NFCORE_RNASEQ:RNASEQ:QUANTIFY_PSEUDO_ALIGNMENT:SALMON_QUANT (MCF7_REP1); status: NEW; exit: -; error: -; workDir: /mnt/data/work/08/2d11617ec8aa1ceacbf842a7b08227]
~> TaskHandler[id: 35; name: NFCORE_RNASEQ:RNASEQ:QUANTIFY_PSEUDO_ALIGNMENT:SALMON_QUANT (GM12878_REP2); status: NEW; exit: -; error: -; workDir: /mnt/data/work/bd/2b71fbf949ee361a363fc55fdcd18d]
~> TaskHandler[id: 31; name: NFCORE_RNASEQ:RNASEQ:QUANTIFY_PSEUDO_ALIGNMENT:SALMON_QUANT (K562_REP1); status: NEW; exit: -; error: -; workDir: /mnt/data/work/27/93b22bf797a51552a89ee1b47ced0c]
~> TaskHandler[id: 32; name: NFCORE_RNASEQ:RNASEQ:QUANTIFY_PSEUDO_ALIGNMENT:SALMON_QUANT (H1_REP1); status: NEW; exit: -; error: -; workDir: /mnt/data/work/66/4feba11f2a525cc2396742a1eee1ff]
~> TaskHandler[id: 38; name: NFCORE_RNASEQ:RNASEQ:QUANTIFY_PSEUDO_ALIGNMENT:SALMON_QUANT (H1_REP2); status: NEW; exit: -; error: -; workDir: /mnt/data/work/93/843e57741611b38e96d654f567b9f9]
~> TaskHandler[id: 39; name: NFCORE_RNASEQ:RNASEQ:FASTQ_ALIGN_HISAT2:BAM_SORT_STATS_SAMTOOLS:SAMTOOLS_SORT (GM12878_REP1); status: NEW; exit: -; error: -; workDir: /mnt/data/work/75/f038af580f855c2a0b33cd048afb4b]
.. remaining tasks omitted.
Mar-20 17:05:32.559 [Task monitor] DEBUG n.processor.TaskPollingMonitor - !! executor local > tasks to be completed: 1 -- submitted tasks are shown below
~> TaskHandler[id: 30; name: NFCORE_RNASEQ:RNASEQ:FASTQ_ALIGN_HISAT2:HISAT2_ALIGN (H1_REP2); status: RUNNING; exit: -; error: -; workDir: /mnt/data/work/45/bb78be7d80d45537fad3b2567f404e]
Mar-20 17:08:37.211 [Task monitor] DEBUG n.processor.TaskPollingMonitor - Task completed > TaskHandler[id: 30; name: NFCORE_RNASEQ:RNASEQ:FASTQ_ALIGN_HISAT2:HISAT2_ALIGN (H1_REP2); status: COMPLETED; exit: 0; error: -; workDir: /mnt/data/work/45/bb78be7d80d45537fad3b2567f404e]
Mar-20 17:08:37.218 [TaskFinalizer-9] DEBUG nextflow.processor.TaskProcessor - Process NFCORE_RNASEQ:RNASEQ:FASTQ_ALIGN_HISAT2:HISAT2_ALIGN > Skipping output binding because one or more optional files are missing: fileoutparam<2:1>
Mar-20 17:08:37.220 [Task submitter] DEBUG n.executor.local.LocalTaskHandler - Launch cmd line: /bin/bash -ue .command.run
Mar-20 17:08:37.220 [Task submitter] INFO  nextflow.Session - [a3/f7fd81] Submitted process > NFCORE_RNASEQ:RNASEQ:FASTQ_ALIGN_HISAT2:HISAT2_ALIGN (K562_REP2)
Mar-20 17:08:43.223 [Task submitter] DEBUG n.processor.TaskPollingMonitor - %% executor local > tasks in the submission queue: 15 -- tasks to be submitted are shown below
~> TaskHandler[id: 33; name: NFCORE_RNASEQ:RNASEQ:QUANTIFY_PSEUDO_ALIGNMENT:SALMON_QUANT (GM12878_REP1); status: NEW; exit: -; error: -; workDir: /mnt/data/work/8e/f89c1f5a3733f97f769bf4886811c1]
~> TaskHandler[id: 37; name: NFCORE_RNASEQ:RNASEQ:QUANTIFY_PSEUDO_ALIGNMENT:SALMON_QUANT (K562_REP2); status: NEW; exit: -; error: -; workDir: /mnt/data/work/86/88b17d7e87d3ba9e6988a00c1d5568]
~> TaskHandler[id: 34; name: NFCORE_RNASEQ:RNASEQ:QUANTIFY_PSEUDO_ALIGNMENT:SALMON_QUANT (MCF7_REP2); status: NEW; exit: -; error: -; workDir: /mnt/data/work/13/34c87e8f71a9982d1abafbd9720260]
~> TaskHandler[id: 36; name: NFCORE_RNASEQ:RNASEQ:QUANTIFY_PSEUDO_ALIGNMENT:SALMON_QUANT (MCF7_REP1); status: NEW; exit: -; error: -; workDir: /mnt/data/work/08/2d11617ec8aa1ceacbf842a7b08227]
~> TaskHandler[id: 35; name: NFCORE_RNASEQ:RNASEQ:QUANTIFY_PSEUDO_ALIGNMENT:SALMON_QUANT (GM12878_REP2); status: NEW; exit: -; error: -; workDir: /mnt/data/work/bd/2b71fbf949ee361a363fc55fdcd18d]
~> TaskHandler[id: 31; name: NFCORE_RNASEQ:RNASEQ:QUANTIFY_PSEUDO_ALIGNMENT:SALMON_QUANT (K562_REP1); status: NEW; exit: -; error: -; workDir: /mnt/data/work/27/93b22bf797a51552a89ee1b47ced0c]
~> TaskHandler[id: 32; name: NFCORE_RNASEQ:RNASEQ:QUANTIFY_PSEUDO_ALIGNMENT:SALMON_QUANT (H1_REP1); status: NEW; exit: -; error: -; workDir: /mnt/data/work/66/4feba11f2a525cc2396742a1eee1ff]
~> TaskHandler[id: 38; name: NFCORE_RNASEQ:RNASEQ:QUANTIFY_PSEUDO_ALIGNMENT:SALMON_QUANT (H1_REP2); status: NEW; exit: -; error: -; workDir: /mnt/data/work/93/843e57741611b38e96d654f567b9f9]
~> TaskHandler[id: 39; name: NFCORE_RNASEQ:RNASEQ:FASTQ_ALIGN_HISAT2:BAM_SORT_STATS_SAMTOOLS:SAMTOOLS_SORT (GM12878_REP1); status: NEW; exit: -; error: -; workDir: /mnt/data/work/75/f038af580f855c2a0b33cd048afb4b]
~> TaskHandler[id: 40; name: NFCORE_RNASEQ:RNASEQ:FASTQ_ALIGN_HISAT2:BAM_SORT_STATS_SAMTOOLS:SAMTOOLS_SORT (MCF7_REP2); status: NEW; exit: -; error: -; workDir: /mnt/data/work/64/bb28c05de1296ab040ead8d1d651af]
.. remaining tasks omitted.
Mar-20 17:10:32.657 [Task monitor] DEBUG n.processor.TaskPollingMonitor - !! executor local > tasks to be completed: 1 -- submitted tasks are shown below
~> TaskHandler[id: 29; name: NFCORE_RNASEQ:RNASEQ:FASTQ_ALIGN_HISAT2:HISAT2_ALIGN (K562_REP2); status: RUNNING; exit: -; error: -; workDir: /mnt/data/work/a3/f7fd818b4a8476689ec7c1e90cdbd5]
Mar-20 17:13:43.278 [Task submitter] DEBUG n.processor.TaskPollingMonitor - %% executor local > tasks in the submission queue: 15 -- tasks to be submitted are shown below
~> TaskHandler[id: 33; name: NFCORE_RNASEQ:RNASEQ:QUANTIFY_PSEUDO_ALIGNMENT:SALMON_QUANT (GM12878_REP1); status: NEW; exit: -; error: -; workDir: /mnt/data/work/8e/f89c1f5a3733f97f769bf4886811c1]
~> TaskHandler[id: 37; name: NFCORE_RNASEQ:RNASEQ:QUANTIFY_PSEUDO_ALIGNMENT:SALMON_QUANT (K562_REP2); status: NEW; exit: -; error: -; workDir: /mnt/data/work/86/88b17d7e87d3ba9e6988a00c1d5568]
~> TaskHandler[id: 34; name: NFCORE_RNASEQ:RNASEQ:QUANTIFY_PSEUDO_ALIGNMENT:SALMON_QUANT (MCF7_REP2); status: NEW; exit: -; error: -; workDir: /mnt/data/work/13/34c87e8f71a9982d1abafbd9720260]
~> TaskHandler[id: 36; name: NFCORE_RNASEQ:RNASEQ:QUANTIFY_PSEUDO_ALIGNMENT:SALMON_QUANT (MCF7_REP1); status: NEW; exit: -; error: -; workDir: /mnt/data/work/08/2d11617ec8aa1ceacbf842a7b08227]
~> TaskHandler[id: 35; name: NFCORE_RNASEQ:RNASEQ:QUANTIFY_PSEUDO_ALIGNMENT:SALMON_QUANT (GM12878_REP2); status: NEW; exit: -; error: -; workDir: /mnt/data/work/bd/2b71fbf949ee361a363fc55fdcd18d]
~> TaskHandler[id: 31; name: NFCORE_RNASEQ:RNASEQ:QUANTIFY_PSEUDO_ALIGNMENT:SALMON_QUANT (K562_REP1); status: NEW; exit: -; error: -; workDir: /mnt/data/work/27/93b22bf797a51552a89ee1b47ced0c]
~> TaskHandler[id: 32; name: NFCORE_RNASEQ:RNASEQ:QUANTIFY_PSEUDO_ALIGNMENT:SALMON_QUANT (H1_REP1); status: NEW; exit: -; error: -; workDir: /mnt/data/work/66/4feba11f2a525cc2396742a1eee1ff]
~> TaskHandler[id: 38; name: NFCORE_RNASEQ:RNASEQ:QUANTIFY_PSEUDO_ALIGNMENT:SALMON_QUANT (H1_REP2); status: NEW; exit: -; error: -; workDir: /mnt/data/work/93/843e57741611b38e96d654f567b9f9]
~> TaskHandler[id: 39; name: NFCORE_RNASEQ:RNASEQ:FASTQ_ALIGN_HISAT2:BAM_SORT_STATS_SAMTOOLS:SAMTOOLS_SORT (GM12878_REP1); status: NEW; exit: -; error: -; workDir: /mnt/data/work/75/f038af580f855c2a0b33cd048afb4b]
~> TaskHandler[id: 40; name: NFCORE_RNASEQ:RNASEQ:FASTQ_ALIGN_HISAT2:BAM_SORT_STATS_SAMTOOLS:SAMTOOLS_SORT (MCF7_REP2); status: NEW; exit: -; error: -; workDir: /mnt/data/work/64/bb28c05de1296ab040ead8d1d651af]
.. remaining tasks omitted.
Mar-20 17:15:32.701 [Task monitor] DEBUG n.processor.TaskPollingMonitor - !! executor local > tasks to be completed: 1 -- submitted tasks are shown below
~> TaskHandler[id: 29; name: NFCORE_RNASEQ:RNASEQ:FASTQ_ALIGN_HISAT2:HISAT2_ALIGN (K562_REP2); status: RUNNING; exit: -; error: -; workDir: /mnt/data/work/a3/f7fd818b4a8476689ec7c1e90cdbd5]
Mar-20 17:18:43.335 [Task submitter] DEBUG n.processor.TaskPollingMonitor - %% executor local > tasks in the submission queue: 15 -- tasks to be submitted are shown below
~> TaskHandler[id: 33; name: NFCORE_RNASEQ:RNASEQ:QUANTIFY_PSEUDO_ALIGNMENT:SALMON_QUANT (GM12878_REP1); status: NEW; exit: -; error: -; workDir: /mnt/data/work/8e/f89c1f5a3733f97f769bf4886811c1]
~> TaskHandler[id: 37; name: NFCORE_RNASEQ:RNASEQ:QUANTIFY_PSEUDO_ALIGNMENT:SALMON_QUANT (K562_REP2); status: NEW; exit: -; error: -; workDir: /mnt/data/work/86/88b17d7e87d3ba9e6988a00c1d5568]
~> TaskHandler[id: 34; name: NFCORE_RNASEQ:RNASEQ:QUANTIFY_PSEUDO_ALIGNMENT:SALMON_QUANT (MCF7_REP2); status: NEW; exit: -; error: -; workDir: /mnt/data/work/13/34c87e8f71a9982d1abafbd9720260]
~> TaskHandler[id: 36; name: NFCORE_RNASEQ:RNASEQ:QUANTIFY_PSEUDO_ALIGNMENT:SALMON_QUANT (MCF7_REP1); status: NEW; exit: -; error: -; workDir: /mnt/data/work/08/2d11617ec8aa1ceacbf842a7b08227]
~> TaskHandler[id: 35; name: NFCORE_RNASEQ:RNASEQ:QUANTIFY_PSEUDO_ALIGNMENT:SALMON_QUANT (GM12878_REP2); status: NEW; exit: -; error: -; workDir: /mnt/data/work/bd/2b71fbf949ee361a363fc55fdcd18d]
~> TaskHandler[id: 31; name: NFCORE_RNASEQ:RNASEQ:QUANTIFY_PSEUDO_ALIGNMENT:SALMON_QUANT (K562_REP1); status: NEW; exit: -; error: -; workDir: /mnt/data/work/27/93b22bf797a51552a89ee1b47ced0c]
~> TaskHandler[id: 32; name: NFCORE_RNASEQ:RNASEQ:QUANTIFY_PSEUDO_ALIGNMENT:SALMON_QUANT (H1_REP1); status: NEW; exit: -; error: -; workDir: /mnt/data/work/66/4feba11f2a525cc2396742a1eee1ff]
~> TaskHandler[id: 38; name: NFCORE_RNASEQ:RNASEQ:QUANTIFY_PSEUDO_ALIGNMENT:SALMON_QUANT (H1_REP2); status: NEW; exit: -; error: -; workDir: /mnt/data/work/93/843e57741611b38e96d654f567b9f9]
~> TaskHandler[id: 39; name: NFCORE_RNASEQ:RNASEQ:FASTQ_ALIGN_HISAT2:BAM_SORT_STATS_SAMTOOLS:SAMTOOLS_SORT (GM12878_REP1); status: NEW; exit: -; error: -; workDir: /mnt/data/work/75/f038af580f855c2a0b33cd048afb4b]
~> TaskHandler[id: 40; name: NFCORE_RNASEQ:RNASEQ:FASTQ_ALIGN_HISAT2:BAM_SORT_STATS_SAMTOOLS:SAMTOOLS_SORT (MCF7_REP2); status: NEW; exit: -; error: -; workDir: /mnt/data/work/64/bb28c05de1296ab040ead8d1d651af]
.. remaining tasks omitted.
Mar-20 17:20:32.718 [Task monitor] DEBUG n.processor.TaskPollingMonitor - !! executor local > tasks to be completed: 1 -- submitted tasks are shown below
~> TaskHandler[id: 29; name: NFCORE_RNASEQ:RNASEQ:FASTQ_ALIGN_HISAT2:HISAT2_ALIGN (K562_REP2); status: RUNNING; exit: -; error: -; workDir: /mnt/data/work/a3/f7fd818b4a8476689ec7c1e90cdbd5]
Mar-20 17:23:43.390 [Task submitter] DEBUG n.processor.TaskPollingMonitor - %% executor local > tasks in the submission queue: 15 -- tasks to be submitted are shown below
~> TaskHandler[id: 33; name: NFCORE_RNASEQ:RNASEQ:QUANTIFY_PSEUDO_ALIGNMENT:SALMON_QUANT (GM12878_REP1); status: NEW; exit: -; error: -; workDir: /mnt/data/work/8e/f89c1f5a3733f97f769bf4886811c1]
~> TaskHandler[id: 37; name: NFCORE_RNASEQ:RNASEQ:QUANTIFY_PSEUDO_ALIGNMENT:SALMON_QUANT (K562_REP2); status: NEW; exit: -; error: -; workDir: /mnt/data/work/86/88b17d7e87d3ba9e6988a00c1d5568]
~> TaskHandler[id: 34; name: NFCORE_RNASEQ:RNASEQ:QUANTIFY_PSEUDO_ALIGNMENT:SALMON_QUANT (MCF7_REP2); status: NEW; exit: -; error: -; workDir: /mnt/data/work/13/34c87e8f71a9982d1abafbd9720260]
~> TaskHandler[id: 36; name: NFCORE_RNASEQ:RNASEQ:QUANTIFY_PSEUDO_ALIGNMENT:SALMON_QUANT (MCF7_REP1); status: NEW; exit: -; error: -; workDir: /mnt/data/work/08/2d11617ec8aa1ceacbf842a7b08227]
~> TaskHandler[id: 35; name: NFCORE_RNASEQ:RNASEQ:QUANTIFY_PSEUDO_ALIGNMENT:SALMON_QUANT (GM12878_REP2); status: NEW; exit: -; error: -; workDir: /mnt/data/work/bd/2b71fbf949ee361a363fc55fdcd18d]
~> TaskHandler[id: 31; name: NFCORE_RNASEQ:RNASEQ:QUANTIFY_PSEUDO_ALIGNMENT:SALMON_QUANT (K562_REP1); status: NEW; exit: -; error: -; workDir: /mnt/data/work/27/93b22bf797a51552a89ee1b47ced0c]
~> TaskHandler[id: 32; name: NFCORE_RNASEQ:RNASEQ:QUANTIFY_PSEUDO_ALIGNMENT:SALMON_QUANT (H1_REP1); status: NEW; exit: -; error: -; workDir: /mnt/data/work/66/4feba11f2a525cc2396742a1eee1ff]
~> TaskHandler[id: 38; name: NFCORE_RNASEQ:RNASEQ:QUANTIFY_PSEUDO_ALIGNMENT:SALMON_QUANT (H1_REP2); status: NEW; exit: -; error: -; workDir: /mnt/data/work/93/843e57741611b38e96d654f567b9f9]
~> TaskHandler[id: 39; name: NFCORE_RNASEQ:RNASEQ:FASTQ_ALIGN_HISAT2:BAM_SORT_STATS_SAMTOOLS:SAMTOOLS_SORT (GM12878_REP1); status: NEW; exit: -; error: -; workDir: /mnt/data/work/75/f038af580f855c2a0b33cd048afb4b]
~> TaskHandler[id: 40; name: NFCORE_RNASEQ:RNASEQ:FASTQ_ALIGN_HISAT2:BAM_SORT_STATS_SAMTOOLS:SAMTOOLS_SORT (MCF7_REP2); status: NEW; exit: -; error: -; workDir: /mnt/data/work/64/bb28c05de1296ab040ead8d1d651af]
.. remaining tasks omitted.
Mar-20 17:25:32.752 [Task monitor] DEBUG n.processor.TaskPollingMonitor - !! executor local > tasks to be completed: 1 -- submitted tasks are shown below
~> TaskHandler[id: 29; name: NFCORE_RNASEQ:RNASEQ:FASTQ_ALIGN_HISAT2:HISAT2_ALIGN (K562_REP2); status: RUNNING; exit: -; error: -; workDir: /mnt/data/work/a3/f7fd818b4a8476689ec7c1e90cdbd5]
Mar-20 17:28:43.442 [Task submitter] DEBUG n.processor.TaskPollingMonitor - %% executor local > tasks in the submission queue: 15 -- tasks to be submitted are shown below
~> TaskHandler[id: 33; name: NFCORE_RNASEQ:RNASEQ:QUANTIFY_PSEUDO_ALIGNMENT:SALMON_QUANT (GM12878_REP1); status: NEW; exit: -; error: -; workDir: /mnt/data/work/8e/f89c1f5a3733f97f769bf4886811c1]
~> TaskHandler[id: 37; name: NFCORE_RNASEQ:RNASEQ:QUANTIFY_PSEUDO_ALIGNMENT:SALMON_QUANT (K562_REP2); status: NEW; exit: -; error: -; workDir: /mnt/data/work/86/88b17d7e87d3ba9e6988a00c1d5568]
~> TaskHandler[id: 34; name: NFCORE_RNASEQ:RNASEQ:QUANTIFY_PSEUDO_ALIGNMENT:SALMON_QUANT (MCF7_REP2); status: NEW; exit: -; error: -; workDir: /mnt/data/work/13/34c87e8f71a9982d1abafbd9720260]
~> TaskHandler[id: 36; name: NFCORE_RNASEQ:RNASEQ:QUANTIFY_PSEUDO_ALIGNMENT:SALMON_QUANT (MCF7_REP1); status: NEW; exit: -; error: -; workDir: /mnt/data/work/08/2d11617ec8aa1ceacbf842a7b08227]
~> TaskHandler[id: 35; name: NFCORE_RNASEQ:RNASEQ:QUANTIFY_PSEUDO_ALIGNMENT:SALMON_QUANT (GM12878_REP2); status: NEW; exit: -; error: -; workDir: /mnt/data/work/bd/2b71fbf949ee361a363fc55fdcd18d]
~> TaskHandler[id: 31; name: NFCORE_RNASEQ:RNASEQ:QUANTIFY_PSEUDO_ALIGNMENT:SALMON_QUANT (K562_REP1); status: NEW; exit: -; error: -; workDir: /mnt/data/work/27/93b22bf797a51552a89ee1b47ced0c]
~> TaskHandler[id: 32; name: NFCORE_RNASEQ:RNASEQ:QUANTIFY_PSEUDO_ALIGNMENT:SALMON_QUANT (H1_REP1); status: NEW; exit: -; error: -; workDir: /mnt/data/work/66/4feba11f2a525cc2396742a1eee1ff]
~> TaskHandler[id: 38; name: NFCORE_RNASEQ:RNASEQ:QUANTIFY_PSEUDO_ALIGNMENT:SALMON_QUANT (H1_REP2); status: NEW; exit: -; error: -; workDir: /mnt/data/work/93/843e57741611b38e96d654f567b9f9]
~> TaskHandler[id: 39; name: NFCORE_RNASEQ:RNASEQ:FASTQ_ALIGN_HISAT2:BAM_SORT_STATS_SAMTOOLS:SAMTOOLS_SORT (GM12878_REP1); status: NEW; exit: -; error: -; workDir: /mnt/data/work/75/f038af580f855c2a0b33cd048afb4b]
~> TaskHandler[id: 40; name: NFCORE_RNASEQ:RNASEQ:FASTQ_ALIGN_HISAT2:BAM_SORT_STATS_SAMTOOLS:SAMTOOLS_SORT (MCF7_REP2); status: NEW; exit: -; error: -; workDir: /mnt/data/work/64/bb28c05de1296ab040ead8d1d651af]
.. remaining tasks omitted.
Mar-20 17:30:32.791 [Task monitor] DEBUG n.processor.TaskPollingMonitor - !! executor local > tasks to be completed: 1 -- submitted tasks are shown below
~> TaskHandler[id: 29; name: NFCORE_RNASEQ:RNASEQ:FASTQ_ALIGN_HISAT2:HISAT2_ALIGN (K562_REP2); status: RUNNING; exit: -; error: -; workDir: /mnt/data/work/a3/f7fd818b4a8476689ec7c1e90cdbd5]
Mar-20 17:33:43.494 [Task submitter] DEBUG n.processor.TaskPollingMonitor - %% executor local > tasks in the submission queue: 15 -- tasks to be submitted are shown below
~> TaskHandler[id: 33; name: NFCORE_RNASEQ:RNASEQ:QUANTIFY_PSEUDO_ALIGNMENT:SALMON_QUANT (GM12878_REP1); status: NEW; exit: -; error: -; workDir: /mnt/data/work/8e/f89c1f5a3733f97f769bf4886811c1]
~> TaskHandler[id: 37; name: NFCORE_RNASEQ:RNASEQ:QUANTIFY_PSEUDO_ALIGNMENT:SALMON_QUANT (K562_REP2); status: NEW; exit: -; error: -; workDir: /mnt/data/work/86/88b17d7e87d3ba9e6988a00c1d5568]
~> TaskHandler[id: 34; name: NFCORE_RNASEQ:RNASEQ:QUANTIFY_PSEUDO_ALIGNMENT:SALMON_QUANT (MCF7_REP2); status: NEW; exit: -; error: -; workDir: /mnt/data/work/13/34c87e8f71a9982d1abafbd9720260]
~> TaskHandler[id: 36; name: NFCORE_RNASEQ:RNASEQ:QUANTIFY_PSEUDO_ALIGNMENT:SALMON_QUANT (MCF7_REP1); status: NEW; exit: -; error: -; workDir: /mnt/data/work/08/2d11617ec8aa1ceacbf842a7b08227]
~> TaskHandler[id: 35; name: NFCORE_RNASEQ:RNASEQ:QUANTIFY_PSEUDO_ALIGNMENT:SALMON_QUANT (GM12878_REP2); status: NEW; exit: -; error: -; workDir: /mnt/data/work/bd/2b71fbf949ee361a363fc55fdcd18d]
~> TaskHandler[id: 31; name: NFCORE_RNASEQ:RNASEQ:QUANTIFY_PSEUDO_ALIGNMENT:SALMON_QUANT (K562_REP1); status: NEW; exit: -; error: -; workDir: /mnt/data/work/27/93b22bf797a51552a89ee1b47ced0c]
~> TaskHandler[id: 32; name: NFCORE_RNASEQ:RNASEQ:QUANTIFY_PSEUDO_ALIGNMENT:SALMON_QUANT (H1_REP1); status: NEW; exit: -; error: -; workDir: /mnt/data/work/66/4feba11f2a525cc2396742a1eee1ff]
~> TaskHandler[id: 38; name: NFCORE_RNASEQ:RNASEQ:QUANTIFY_PSEUDO_ALIGNMENT:SALMON_QUANT (H1_REP2); status: NEW; exit: -; error: -; workDir: /mnt/data/work/93/843e57741611b38e96d654f567b9f9]
~> TaskHandler[id: 39; name: NFCORE_RNASEQ:RNASEQ:FASTQ_ALIGN_HISAT2:BAM_SORT_STATS_SAMTOOLS:SAMTOOLS_SORT (GM12878_REP1); status: NEW; exit: -; error: -; workDir: /mnt/data/work/75/f038af580f855c2a0b33cd048afb4b]
~> TaskHandler[id: 40; name: NFCORE_RNASEQ:RNASEQ:FASTQ_ALIGN_HISAT2:BAM_SORT_STATS_SAMTOOLS:SAMTOOLS_SORT (MCF7_REP2); status: NEW; exit: -; error: -; workDir: /mnt/data/work/64/bb28c05de1296ab040ead8d1d651af]
.. remaining tasks omitted.
Mar-20 17:35:32.839 [Task monitor] DEBUG n.processor.TaskPollingMonitor - !! executor local > tasks to be completed: 1 -- submitted tasks are shown below
~> TaskHandler[id: 29; name: NFCORE_RNASEQ:RNASEQ:FASTQ_ALIGN_HISAT2:HISAT2_ALIGN (K562_REP2); status: RUNNING; exit: -; error: -; workDir: /mnt/data/work/a3/f7fd818b4a8476689ec7c1e90cdbd5]
Mar-20 17:38:43.545 [Task submitter] DEBUG n.processor.TaskPollingMonitor - %% executor local > tasks in the submission queue: 15 -- tasks to be submitted are shown below
~> TaskHandler[id: 33; name: NFCORE_RNASEQ:RNASEQ:QUANTIFY_PSEUDO_ALIGNMENT:SALMON_QUANT (GM12878_REP1); status: NEW; exit: -; error: -; workDir: /mnt/data/work/8e/f89c1f5a3733f97f769bf4886811c1]
~> TaskHandler[id: 37; name: NFCORE_RNASEQ:RNASEQ:QUANTIFY_PSEUDO_ALIGNMENT:SALMON_QUANT (K562_REP2); status: NEW; exit: -; error: -; workDir: /mnt/data/work/86/88b17d7e87d3ba9e6988a00c1d5568]
~> TaskHandler[id: 34; name: NFCORE_RNASEQ:RNASEQ:QUANTIFY_PSEUDO_ALIGNMENT:SALMON_QUANT (MCF7_REP2); status: NEW; exit: -; error: -; workDir: /mnt/data/work/13/34c87e8f71a9982d1abafbd9720260]
~> TaskHandler[id: 36; name: NFCORE_RNASEQ:RNASEQ:QUANTIFY_PSEUDO_ALIGNMENT:SALMON_QUANT (MCF7_REP1); status: NEW; exit: -; error: -; workDir: /mnt/data/work/08/2d11617ec8aa1ceacbf842a7b08227]
~> TaskHandler[id: 35; name: NFCORE_RNASEQ:RNASEQ:QUANTIFY_PSEUDO_ALIGNMENT:SALMON_QUANT (GM12878_REP2); status: NEW; exit: -; error: -; workDir: /mnt/data/work/bd/2b71fbf949ee361a363fc55fdcd18d]
~> TaskHandler[id: 31; name: NFCORE_RNASEQ:RNASEQ:QUANTIFY_PSEUDO_ALIGNMENT:SALMON_QUANT (K562_REP1); status: NEW; exit: -; error: -; workDir: /mnt/data/work/27/93b22bf797a51552a89ee1b47ced0c]
~> TaskHandler[id: 32; name: NFCORE_RNASEQ:RNASEQ:QUANTIFY_PSEUDO_ALIGNMENT:SALMON_QUANT (H1_REP1); status: NEW; exit: -; error: -; workDir: /mnt/data/work/66/4feba11f2a525cc2396742a1eee1ff]
~> TaskHandler[id: 38; name: NFCORE_RNASEQ:RNASEQ:QUANTIFY_PSEUDO_ALIGNMENT:SALMON_QUANT (H1_REP2); status: NEW; exit: -; error: -; workDir: /mnt/data/work/93/843e57741611b38e96d654f567b9f9]
~> TaskHandler[id: 39; name: NFCORE_RNASEQ:RNASEQ:FASTQ_ALIGN_HISAT2:BAM_SORT_STATS_SAMTOOLS:SAMTOOLS_SORT (GM12878_REP1); status: NEW; exit: -; error: -; workDir: /mnt/data/work/75/f038af580f855c2a0b33cd048afb4b]
~> TaskHandler[id: 40; name: NFCORE_RNASEQ:RNASEQ:FASTQ_ALIGN_HISAT2:BAM_SORT_STATS_SAMTOOLS:SAMTOOLS_SORT (MCF7_REP2); status: NEW; exit: -; error: -; workDir: /mnt/data/work/64/bb28c05de1296ab040ead8d1d651af]
.. remaining tasks omitted.
Mar-20 17:40:32.875 [Task monitor] DEBUG n.processor.TaskPollingMonitor - !! executor local > tasks to be completed: 1 -- submitted tasks are shown below
~> TaskHandler[id: 29; name: NFCORE_RNASEQ:RNASEQ:FASTQ_ALIGN_HISAT2:HISAT2_ALIGN (K562_REP2); status: RUNNING; exit: -; error: -; workDir: /mnt/data/work/a3/f7fd818b4a8476689ec7c1e90cdbd5]
Mar-20 17:43:43.600 [Task submitter] DEBUG n.processor.TaskPollingMonitor - %% executor local > tasks in the submission queue: 15 -- tasks to be submitted are shown below
~> TaskHandler[id: 33; name: NFCORE_RNASEQ:RNASEQ:QUANTIFY_PSEUDO_ALIGNMENT:SALMON_QUANT (GM12878_REP1); status: NEW; exit: -; error: -; workDir: /mnt/data/work/8e/f89c1f5a3733f97f769bf4886811c1]
~> TaskHandler[id: 37; name: NFCORE_RNASEQ:RNASEQ:QUANTIFY_PSEUDO_ALIGNMENT:SALMON_QUANT (K562_REP2); status: NEW; exit: -; error: -; workDir: /mnt/data/work/86/88b17d7e87d3ba9e6988a00c1d5568]
~> TaskHandler[id: 34; name: NFCORE_RNASEQ:RNASEQ:QUANTIFY_PSEUDO_ALIGNMENT:SALMON_QUANT (MCF7_REP2); status: NEW; exit: -; error: -; workDir: /mnt/data/work/13/34c87e8f71a9982d1abafbd9720260]
~> TaskHandler[id: 36; name: NFCORE_RNASEQ:RNASEQ:QUANTIFY_PSEUDO_ALIGNMENT:SALMON_QUANT (MCF7_REP1); status: NEW; exit: -; error: -; workDir: /mnt/data/work/08/2d11617ec8aa1ceacbf842a7b08227]
~> TaskHandler[id: 35; name: NFCORE_RNASEQ:RNASEQ:QUANTIFY_PSEUDO_ALIGNMENT:SALMON_QUANT (GM12878_REP2); status: NEW; exit: -; error: -; workDir: /mnt/data/work/bd/2b71fbf949ee361a363fc55fdcd18d]
~> TaskHandler[id: 31; name: NFCORE_RNASEQ:RNASEQ:QUANTIFY_PSEUDO_ALIGNMENT:SALMON_QUANT (K562_REP1); status: NEW; exit: -; error: -; workDir: /mnt/data/work/27/93b22bf797a51552a89ee1b47ced0c]
~> TaskHandler[id: 32; name: NFCORE_RNASEQ:RNASEQ:QUANTIFY_PSEUDO_ALIGNMENT:SALMON_QUANT (H1_REP1); status: NEW; exit: -; error: -; workDir: /mnt/data/work/66/4feba11f2a525cc2396742a1eee1ff]
~> TaskHandler[id: 38; name: NFCORE_RNASEQ:RNASEQ:QUANTIFY_PSEUDO_ALIGNMENT:SALMON_QUANT (H1_REP2); status: NEW; exit: -; error: -; workDir: /mnt/data/work/93/843e57741611b38e96d654f567b9f9]
~> TaskHandler[id: 39; name: NFCORE_RNASEQ:RNASEQ:FASTQ_ALIGN_HISAT2:BAM_SORT_STATS_SAMTOOLS:SAMTOOLS_SORT (GM12878_REP1); status: NEW; exit: -; error: -; workDir: /mnt/data/work/75/f038af580f855c2a0b33cd048afb4b]
~> TaskHandler[id: 40; name: NFCORE_RNASEQ:RNASEQ:FASTQ_ALIGN_HISAT2:BAM_SORT_STATS_SAMTOOLS:SAMTOOLS_SORT (MCF7_REP2); status: NEW; exit: -; error: -; workDir: /mnt/data/work/64/bb28c05de1296ab040ead8d1d651af]
.. remaining tasks omitted.
Mar-20 17:45:32.896 [Task monitor] DEBUG n.processor.TaskPollingMonitor - !! executor local > tasks to be completed: 1 -- submitted tasks are shown below
~> TaskHandler[id: 29; name: NFCORE_RNASEQ:RNASEQ:FASTQ_ALIGN_HISAT2:HISAT2_ALIGN (K562_REP2); status: RUNNING; exit: -; error: -; workDir: /mnt/data/work/a3/f7fd818b4a8476689ec7c1e90cdbd5]
Mar-20 17:46:37.544 [Task monitor] DEBUG n.processor.TaskPollingMonitor - Task completed > TaskHandler[id: 29; name: NFCORE_RNASEQ:RNASEQ:FASTQ_ALIGN_HISAT2:HISAT2_ALIGN (K562_REP2); status: COMPLETED; exit: 0; error: -; workDir: /mnt/data/work/a3/f7fd818b4a8476689ec7c1e90cdbd5]
Mar-20 17:46:37.547 [TaskFinalizer-10] DEBUG nextflow.processor.TaskProcessor - Process NFCORE_RNASEQ:RNASEQ:FASTQ_ALIGN_HISAT2:HISAT2_ALIGN > Skipping output binding because one or more optional files are missing: fileoutparam<2:1>
Mar-20 17:46:37.552 [Task submitter] DEBUG n.executor.local.LocalTaskHandler - Launch cmd line: /bin/bash -ue .command.run
Mar-20 17:46:37.553 [Task submitter] INFO  nextflow.Session - [8e/f89c1f] Submitted process > NFCORE_RNASEQ:RNASEQ:QUANTIFY_PSEUDO_ALIGNMENT:SALMON_QUANT (GM12878_REP1)
Mar-20 17:48:44.587 [Task submitter] DEBUG n.processor.TaskPollingMonitor - %% executor local > tasks in the submission queue: 15 -- tasks to be submitted are shown below
~> TaskHandler[id: 37; name: NFCORE_RNASEQ:RNASEQ:QUANTIFY_PSEUDO_ALIGNMENT:SALMON_QUANT (K562_REP2); status: NEW; exit: -; error: -; workDir: /mnt/data/work/86/88b17d7e87d3ba9e6988a00c1d5568]
~> TaskHandler[id: 34; name: NFCORE_RNASEQ:RNASEQ:QUANTIFY_PSEUDO_ALIGNMENT:SALMON_QUANT (MCF7_REP2); status: NEW; exit: -; error: -; workDir: /mnt/data/work/13/34c87e8f71a9982d1abafbd9720260]
~> TaskHandler[id: 36; name: NFCORE_RNASEQ:RNASEQ:QUANTIFY_PSEUDO_ALIGNMENT:SALMON_QUANT (MCF7_REP1); status: NEW; exit: -; error: -; workDir: /mnt/data/work/08/2d11617ec8aa1ceacbf842a7b08227]
~> TaskHandler[id: 35; name: NFCORE_RNASEQ:RNASEQ:QUANTIFY_PSEUDO_ALIGNMENT:SALMON_QUANT (GM12878_REP2); status: NEW; exit: -; error: -; workDir: /mnt/data/work/bd/2b71fbf949ee361a363fc55fdcd18d]
~> TaskHandler[id: 31; name: NFCORE_RNASEQ:RNASEQ:QUANTIFY_PSEUDO_ALIGNMENT:SALMON_QUANT (K562_REP1); status: NEW; exit: -; error: -; workDir: /mnt/data/work/27/93b22bf797a51552a89ee1b47ced0c]
~> TaskHandler[id: 32; name: NFCORE_RNASEQ:RNASEQ:QUANTIFY_PSEUDO_ALIGNMENT:SALMON_QUANT (H1_REP1); status: NEW; exit: -; error: -; workDir: /mnt/data/work/66/4feba11f2a525cc2396742a1eee1ff]
~> TaskHandler[id: 38; name: NFCORE_RNASEQ:RNASEQ:QUANTIFY_PSEUDO_ALIGNMENT:SALMON_QUANT (H1_REP2); status: NEW; exit: -; error: -; workDir: /mnt/data/work/93/843e57741611b38e96d654f567b9f9]
~> TaskHandler[id: 39; name: NFCORE_RNASEQ:RNASEQ:FASTQ_ALIGN_HISAT2:BAM_SORT_STATS_SAMTOOLS:SAMTOOLS_SORT (GM12878_REP1); status: NEW; exit: -; error: -; workDir: /mnt/data/work/75/f038af580f855c2a0b33cd048afb4b]
~> TaskHandler[id: 40; name: NFCORE_RNASEQ:RNASEQ:FASTQ_ALIGN_HISAT2:BAM_SORT_STATS_SAMTOOLS:SAMTOOLS_SORT (MCF7_REP2); status: NEW; exit: -; error: -; workDir: /mnt/data/work/64/bb28c05de1296ab040ead8d1d651af]
~> TaskHandler[id: 41; name: NFCORE_RNASEQ:RNASEQ:FASTQ_ALIGN_HISAT2:BAM_SORT_STATS_SAMTOOLS:SAMTOOLS_SORT (GM12878_REP2); status: NEW; exit: -; error: -; workDir: /mnt/data/work/80/8d2f91adc2dcd3475b7730293633dc]
.. remaining tasks omitted.
Mar-20 17:50:32.927 [Task monitor] DEBUG n.processor.TaskPollingMonitor - !! executor local > tasks to be completed: 1 -- submitted tasks are shown below
~> TaskHandler[id: 33; name: NFCORE_RNASEQ:RNASEQ:QUANTIFY_PSEUDO_ALIGNMENT:SALMON_QUANT (GM12878_REP1); status: RUNNING; exit: -; error: -; workDir: /mnt/data/work/8e/f89c1f5a3733f97f769bf4886811c1]
Mar-20 17:53:44.667 [Task submitter] DEBUG n.processor.TaskPollingMonitor - %% executor local > tasks in the submission queue: 15 -- tasks to be submitted are shown below
~> TaskHandler[id: 37; name: NFCORE_RNASEQ:RNASEQ:QUANTIFY_PSEUDO_ALIGNMENT:SALMON_QUANT (K562_REP2); status: NEW; exit: -; error: -; workDir: /mnt/data/work/86/88b17d7e87d3ba9e6988a00c1d5568]
~> TaskHandler[id: 34; name: NFCORE_RNASEQ:RNASEQ:QUANTIFY_PSEUDO_ALIGNMENT:SALMON_QUANT (MCF7_REP2); status: NEW; exit: -; error: -; workDir: /mnt/data/work/13/34c87e8f71a9982d1abafbd9720260]
~> TaskHandler[id: 36; name: NFCORE_RNASEQ:RNASEQ:QUANTIFY_PSEUDO_ALIGNMENT:SALMON_QUANT (MCF7_REP1); status: NEW; exit: -; error: -; workDir: /mnt/data/work/08/2d11617ec8aa1ceacbf842a7b08227]
~> TaskHandler[id: 35; name: NFCORE_RNASEQ:RNASEQ:QUANTIFY_PSEUDO_ALIGNMENT:SALMON_QUANT (GM12878_REP2); status: NEW; exit: -; error: -; workDir: /mnt/data/work/bd/2b71fbf949ee361a363fc55fdcd18d]
~> TaskHandler[id: 31; name: NFCORE_RNASEQ:RNASEQ:QUANTIFY_PSEUDO_ALIGNMENT:SALMON_QUANT (K562_REP1); status: NEW; exit: -; error: -; workDir: /mnt/data/work/27/93b22bf797a51552a89ee1b47ced0c]
~> TaskHandler[id: 32; name: NFCORE_RNASEQ:RNASEQ:QUANTIFY_PSEUDO_ALIGNMENT:SALMON_QUANT (H1_REP1); status: NEW; exit: -; error: -; workDir: /mnt/data/work/66/4feba11f2a525cc2396742a1eee1ff]
~> TaskHandler[id: 38; name: NFCORE_RNASEQ:RNASEQ:QUANTIFY_PSEUDO_ALIGNMENT:SALMON_QUANT (H1_REP2); status: NEW; exit: -; error: -; workDir: /mnt/data/work/93/843e57741611b38e96d654f567b9f9]
~> TaskHandler[id: 39; name: NFCORE_RNASEQ:RNASEQ:FASTQ_ALIGN_HISAT2:BAM_SORT_STATS_SAMTOOLS:SAMTOOLS_SORT (GM12878_REP1); status: NEW; exit: -; error: -; workDir: /mnt/data/work/75/f038af580f855c2a0b33cd048afb4b]
~> TaskHandler[id: 40; name: NFCORE_RNASEQ:RNASEQ:FASTQ_ALIGN_HISAT2:BAM_SORT_STATS_SAMTOOLS:SAMTOOLS_SORT (MCF7_REP2); status: NEW; exit: -; error: -; workDir: /mnt/data/work/64/bb28c05de1296ab040ead8d1d651af]
~> TaskHandler[id: 41; name: NFCORE_RNASEQ:RNASEQ:FASTQ_ALIGN_HISAT2:BAM_SORT_STATS_SAMTOOLS:SAMTOOLS_SORT (GM12878_REP2); status: NEW; exit: -; error: -; workDir: /mnt/data/work/80/8d2f91adc2dcd3475b7730293633dc]
.. remaining tasks omitted.
Mar-20 17:55:33.003 [Task monitor] DEBUG n.processor.TaskPollingMonitor - !! executor local > tasks to be completed: 1 -- submitted tasks are shown below
~> TaskHandler[id: 33; name: NFCORE_RNASEQ:RNASEQ:QUANTIFY_PSEUDO_ALIGNMENT:SALMON_QUANT (GM12878_REP1); status: RUNNING; exit: -; error: -; workDir: /mnt/data/work/8e/f89c1f5a3733f97f769bf4886811c1]
Mar-20 17:58:44.736 [Task submitter] DEBUG n.processor.TaskPollingMonitor - %% executor local > tasks in the submission queue: 15 -- tasks to be submitted are shown below
~> TaskHandler[id: 37; name: NFCORE_RNASEQ:RNASEQ:QUANTIFY_PSEUDO_ALIGNMENT:SALMON_QUANT (K562_REP2); status: NEW; exit: -; error: -; workDir: /mnt/data/work/86/88b17d7e87d3ba9e6988a00c1d5568]
~> TaskHandler[id: 34; name: NFCORE_RNASEQ:RNASEQ:QUANTIFY_PSEUDO_ALIGNMENT:SALMON_QUANT (MCF7_REP2); status: NEW; exit: -; error: -; workDir: /mnt/data/work/13/34c87e8f71a9982d1abafbd9720260]
~> TaskHandler[id: 36; name: NFCORE_RNASEQ:RNASEQ:QUANTIFY_PSEUDO_ALIGNMENT:SALMON_QUANT (MCF7_REP1); status: NEW; exit: -; error: -; workDir: /mnt/data/work/08/2d11617ec8aa1ceacbf842a7b08227]
~> TaskHandler[id: 35; name: NFCORE_RNASEQ:RNASEQ:QUANTIFY_PSEUDO_ALIGNMENT:SALMON_QUANT (GM12878_REP2); status: NEW; exit: -; error: -; workDir: /mnt/data/work/bd/2b71fbf949ee361a363fc55fdcd18d]
~> TaskHandler[id: 31; name: NFCORE_RNASEQ:RNASEQ:QUANTIFY_PSEUDO_ALIGNMENT:SALMON_QUANT (K562_REP1); status: NEW; exit: -; error: -; workDir: /mnt/data/work/27/93b22bf797a51552a89ee1b47ced0c]
~> TaskHandler[id: 32; name: NFCORE_RNASEQ:RNASEQ:QUANTIFY_PSEUDO_ALIGNMENT:SALMON_QUANT (H1_REP1); status: NEW; exit: -; error: -; workDir: /mnt/data/work/66/4feba11f2a525cc2396742a1eee1ff]
~> TaskHandler[id: 38; name: NFCORE_RNASEQ:RNASEQ:QUANTIFY_PSEUDO_ALIGNMENT:SALMON_QUANT (H1_REP2); status: NEW; exit: -; error: -; workDir: /mnt/data/work/93/843e57741611b38e96d654f567b9f9]
~> TaskHandler[id: 39; name: NFCORE_RNASEQ:RNASEQ:FASTQ_ALIGN_HISAT2:BAM_SORT_STATS_SAMTOOLS:SAMTOOLS_SORT (GM12878_REP1); status: NEW; exit: -; error: -; workDir: /mnt/data/work/75/f038af580f855c2a0b33cd048afb4b]
~> TaskHandler[id: 40; name: NFCORE_RNASEQ:RNASEQ:FASTQ_ALIGN_HISAT2:BAM_SORT_STATS_SAMTOOLS:SAMTOOLS_SORT (MCF7_REP2); status: NEW; exit: -; error: -; workDir: /mnt/data/work/64/bb28c05de1296ab040ead8d1d651af]
~> TaskHandler[id: 41; name: NFCORE_RNASEQ:RNASEQ:FASTQ_ALIGN_HISAT2:BAM_SORT_STATS_SAMTOOLS:SAMTOOLS_SORT (GM12878_REP2); status: NEW; exit: -; error: -; workDir: /mnt/data/work/80/8d2f91adc2dcd3475b7730293633dc]
.. remaining tasks omitted.
Mar-20 18:00:33.022 [Task monitor] DEBUG n.processor.TaskPollingMonitor - !! executor local > tasks to be completed: 1 -- submitted tasks are shown below
~> TaskHandler[id: 33; name: NFCORE_RNASEQ:RNASEQ:QUANTIFY_PSEUDO_ALIGNMENT:SALMON_QUANT (GM12878_REP1); status: RUNNING; exit: -; error: -; workDir: /mnt/data/work/8e/f89c1f5a3733f97f769bf4886811c1]
Mar-20 18:02:41.692 [Task monitor] DEBUG n.processor.TaskPollingMonitor - Task completed > TaskHandler[id: 33; name: NFCORE_RNASEQ:RNASEQ:QUANTIFY_PSEUDO_ALIGNMENT:SALMON_QUANT (GM12878_REP1); status: COMPLETED; exit: 0; error: -; workDir: /mnt/data/work/8e/f89c1f5a3733f97f769bf4886811c1]
Mar-20 18:02:41.700 [Task submitter] DEBUG n.executor.local.LocalTaskHandler - Launch cmd line: /bin/bash -ue .command.run
Mar-20 18:02:41.701 [Task submitter] INFO  nextflow.Session - [86/88b17d] Submitted process > NFCORE_RNASEQ:RNASEQ:QUANTIFY_PSEUDO_ALIGNMENT:SALMON_QUANT (K562_REP2)
Mar-20 18:03:45.725 [Task submitter] DEBUG n.processor.TaskPollingMonitor - %% executor local > tasks in the submission queue: 14 -- tasks to be submitted are shown below
~> TaskHandler[id: 34; name: NFCORE_RNASEQ:RNASEQ:QUANTIFY_PSEUDO_ALIGNMENT:SALMON_QUANT (MCF7_REP2); status: NEW; exit: -; error: -; workDir: /mnt/data/work/13/34c87e8f71a9982d1abafbd9720260]
~> TaskHandler[id: 36; name: NFCORE_RNASEQ:RNASEQ:QUANTIFY_PSEUDO_ALIGNMENT:SALMON_QUANT (MCF7_REP1); status: NEW; exit: -; error: -; workDir: /mnt/data/work/08/2d11617ec8aa1ceacbf842a7b08227]
~> TaskHandler[id: 35; name: NFCORE_RNASEQ:RNASEQ:QUANTIFY_PSEUDO_ALIGNMENT:SALMON_QUANT (GM12878_REP2); status: NEW; exit: -; error: -; workDir: /mnt/data/work/bd/2b71fbf949ee361a363fc55fdcd18d]
~> TaskHandler[id: 31; name: NFCORE_RNASEQ:RNASEQ:QUANTIFY_PSEUDO_ALIGNMENT:SALMON_QUANT (K562_REP1); status: NEW; exit: -; error: -; workDir: /mnt/data/work/27/93b22bf797a51552a89ee1b47ced0c]
~> TaskHandler[id: 32; name: NFCORE_RNASEQ:RNASEQ:QUANTIFY_PSEUDO_ALIGNMENT:SALMON_QUANT (H1_REP1); status: NEW; exit: -; error: -; workDir: /mnt/data/work/66/4feba11f2a525cc2396742a1eee1ff]
~> TaskHandler[id: 38; name: NFCORE_RNASEQ:RNASEQ:QUANTIFY_PSEUDO_ALIGNMENT:SALMON_QUANT (H1_REP2); status: NEW; exit: -; error: -; workDir: /mnt/data/work/93/843e57741611b38e96d654f567b9f9]
~> TaskHandler[id: 39; name: NFCORE_RNASEQ:RNASEQ:FASTQ_ALIGN_HISAT2:BAM_SORT_STATS_SAMTOOLS:SAMTOOLS_SORT (GM12878_REP1); status: NEW; exit: -; error: -; workDir: /mnt/data/work/75/f038af580f855c2a0b33cd048afb4b]
~> TaskHandler[id: 40; name: NFCORE_RNASEQ:RNASEQ:FASTQ_ALIGN_HISAT2:BAM_SORT_STATS_SAMTOOLS:SAMTOOLS_SORT (MCF7_REP2); status: NEW; exit: -; error: -; workDir: /mnt/data/work/64/bb28c05de1296ab040ead8d1d651af]
~> TaskHandler[id: 41; name: NFCORE_RNASEQ:RNASEQ:FASTQ_ALIGN_HISAT2:BAM_SORT_STATS_SAMTOOLS:SAMTOOLS_SORT (GM12878_REP2); status: NEW; exit: -; error: -; workDir: /mnt/data/work/80/8d2f91adc2dcd3475b7730293633dc]
~> TaskHandler[id: 42; name: NFCORE_RNASEQ:RNASEQ:FASTQ_ALIGN_HISAT2:BAM_SORT_STATS_SAMTOOLS:SAMTOOLS_SORT (H1_REP1); status: NEW; exit: -; error: -; workDir: /mnt/data/work/1e/327f3bba079a64f3cf10413e54eb4a]
.. remaining tasks omitted.
Mar-20 18:05:33.057 [Task monitor] DEBUG n.processor.TaskPollingMonitor - !! executor local > tasks to be completed: 1 -- submitted tasks are shown below
~> TaskHandler[id: 37; name: NFCORE_RNASEQ:RNASEQ:QUANTIFY_PSEUDO_ALIGNMENT:SALMON_QUANT (K562_REP2); status: RUNNING; exit: -; error: -; workDir: /mnt/data/work/86/88b17d7e87d3ba9e6988a00c1d5568]
Mar-20 18:08:45.789 [Task submitter] DEBUG n.processor.TaskPollingMonitor - %% executor local > tasks in the submission queue: 14 -- tasks to be submitted are shown below
~> TaskHandler[id: 34; name: NFCORE_RNASEQ:RNASEQ:QUANTIFY_PSEUDO_ALIGNMENT:SALMON_QUANT (MCF7_REP2); status: NEW; exit: -; error: -; workDir: /mnt/data/work/13/34c87e8f71a9982d1abafbd9720260]
~> TaskHandler[id: 36; name: NFCORE_RNASEQ:RNASEQ:QUANTIFY_PSEUDO_ALIGNMENT:SALMON_QUANT (MCF7_REP1); status: NEW; exit: -; error: -; workDir: /mnt/data/work/08/2d11617ec8aa1ceacbf842a7b08227]
~> TaskHandler[id: 35; name: NFCORE_RNASEQ:RNASEQ:QUANTIFY_PSEUDO_ALIGNMENT:SALMON_QUANT (GM12878_REP2); status: NEW; exit: -; error: -; workDir: /mnt/data/work/bd/2b71fbf949ee361a363fc55fdcd18d]
~> TaskHandler[id: 31; name: NFCORE_RNASEQ:RNASEQ:QUANTIFY_PSEUDO_ALIGNMENT:SALMON_QUANT (K562_REP1); status: NEW; exit: -; error: -; workDir: /mnt/data/work/27/93b22bf797a51552a89ee1b47ced0c]
~> TaskHandler[id: 32; name: NFCORE_RNASEQ:RNASEQ:QUANTIFY_PSEUDO_ALIGNMENT:SALMON_QUANT (H1_REP1); status: NEW; exit: -; error: -; workDir: /mnt/data/work/66/4feba11f2a525cc2396742a1eee1ff]
~> TaskHandler[id: 38; name: NFCORE_RNASEQ:RNASEQ:QUANTIFY_PSEUDO_ALIGNMENT:SALMON_QUANT (H1_REP2); status: NEW; exit: -; error: -; workDir: /mnt/data/work/93/843e57741611b38e96d654f567b9f9]
~> TaskHandler[id: 39; name: NFCORE_RNASEQ:RNASEQ:FASTQ_ALIGN_HISAT2:BAM_SORT_STATS_SAMTOOLS:SAMTOOLS_SORT (GM12878_REP1); status: NEW; exit: -; error: -; workDir: /mnt/data/work/75/f038af580f855c2a0b33cd048afb4b]
~> TaskHandler[id: 40; name: NFCORE_RNASEQ:RNASEQ:FASTQ_ALIGN_HISAT2:BAM_SORT_STATS_SAMTOOLS:SAMTOOLS_SORT (MCF7_REP2); status: NEW; exit: -; error: -; workDir: /mnt/data/work/64/bb28c05de1296ab040ead8d1d651af]
~> TaskHandler[id: 41; name: NFCORE_RNASEQ:RNASEQ:FASTQ_ALIGN_HISAT2:BAM_SORT_STATS_SAMTOOLS:SAMTOOLS_SORT (GM12878_REP2); status: NEW; exit: -; error: -; workDir: /mnt/data/work/80/8d2f91adc2dcd3475b7730293633dc]
~> TaskHandler[id: 42; name: NFCORE_RNASEQ:RNASEQ:FASTQ_ALIGN_HISAT2:BAM_SORT_STATS_SAMTOOLS:SAMTOOLS_SORT (H1_REP1); status: NEW; exit: -; error: -; workDir: /mnt/data/work/1e/327f3bba079a64f3cf10413e54eb4a]
.. remaining tasks omitted.
Mar-20 18:10:33.103 [Task monitor] DEBUG n.processor.TaskPollingMonitor - !! executor local > tasks to be completed: 1 -- submitted tasks are shown below
~> TaskHandler[id: 37; name: NFCORE_RNASEQ:RNASEQ:QUANTIFY_PSEUDO_ALIGNMENT:SALMON_QUANT (K562_REP2); status: RUNNING; exit: -; error: -; workDir: /mnt/data/work/86/88b17d7e87d3ba9e6988a00c1d5568]
Mar-20 18:13:45.859 [Task submitter] DEBUG n.processor.TaskPollingMonitor - %% executor local > tasks in the submission queue: 14 -- tasks to be submitted are shown below
~> TaskHandler[id: 34; name: NFCORE_RNASEQ:RNASEQ:QUANTIFY_PSEUDO_ALIGNMENT:SALMON_QUANT (MCF7_REP2); status: NEW; exit: -; error: -; workDir: /mnt/data/work/13/34c87e8f71a9982d1abafbd9720260]
~> TaskHandler[id: 36; name: NFCORE_RNASEQ:RNASEQ:QUANTIFY_PSEUDO_ALIGNMENT:SALMON_QUANT (MCF7_REP1); status: NEW; exit: -; error: -; workDir: /mnt/data/work/08/2d11617ec8aa1ceacbf842a7b08227]
~> TaskHandler[id: 35; name: NFCORE_RNASEQ:RNASEQ:QUANTIFY_PSEUDO_ALIGNMENT:SALMON_QUANT (GM12878_REP2); status: NEW; exit: -; error: -; workDir: /mnt/data/work/bd/2b71fbf949ee361a363fc55fdcd18d]
~> TaskHandler[id: 31; name: NFCORE_RNASEQ:RNASEQ:QUANTIFY_PSEUDO_ALIGNMENT:SALMON_QUANT (K562_REP1); status: NEW; exit: -; error: -; workDir: /mnt/data/work/27/93b22bf797a51552a89ee1b47ced0c]
~> TaskHandler[id: 32; name: NFCORE_RNASEQ:RNASEQ:QUANTIFY_PSEUDO_ALIGNMENT:SALMON_QUANT (H1_REP1); status: NEW; exit: -; error: -; workDir: /mnt/data/work/66/4feba11f2a525cc2396742a1eee1ff]
~> TaskHandler[id: 38; name: NFCORE_RNASEQ:RNASEQ:QUANTIFY_PSEUDO_ALIGNMENT:SALMON_QUANT (H1_REP2); status: NEW; exit: -; error: -; workDir: /mnt/data/work/93/843e57741611b38e96d654f567b9f9]
~> TaskHandler[id: 39; name: NFCORE_RNASEQ:RNASEQ:FASTQ_ALIGN_HISAT2:BAM_SORT_STATS_SAMTOOLS:SAMTOOLS_SORT (GM12878_REP1); status: NEW; exit: -; error: -; workDir: /mnt/data/work/75/f038af580f855c2a0b33cd048afb4b]
~> TaskHandler[id: 40; name: NFCORE_RNASEQ:RNASEQ:FASTQ_ALIGN_HISAT2:BAM_SORT_STATS_SAMTOOLS:SAMTOOLS_SORT (MCF7_REP2); status: NEW; exit: -; error: -; workDir: /mnt/data/work/64/bb28c05de1296ab040ead8d1d651af]
~> TaskHandler[id: 41; name: NFCORE_RNASEQ:RNASEQ:FASTQ_ALIGN_HISAT2:BAM_SORT_STATS_SAMTOOLS:SAMTOOLS_SORT (GM12878_REP2); status: NEW; exit: -; error: -; workDir: /mnt/data/work/80/8d2f91adc2dcd3475b7730293633dc]
~> TaskHandler[id: 42; name: NFCORE_RNASEQ:RNASEQ:FASTQ_ALIGN_HISAT2:BAM_SORT_STATS_SAMTOOLS:SAMTOOLS_SORT (H1_REP1); status: NEW; exit: -; error: -; workDir: /mnt/data/work/1e/327f3bba079a64f3cf10413e54eb4a]
.. remaining tasks omitted.
Mar-20 18:15:33.141 [Task monitor] DEBUG n.processor.TaskPollingMonitor - !! executor local > tasks to be completed: 1 -- submitted tasks are shown below
~> TaskHandler[id: 37; name: NFCORE_RNASEQ:RNASEQ:QUANTIFY_PSEUDO_ALIGNMENT:SALMON_QUANT (K562_REP2); status: RUNNING; exit: -; error: -; workDir: /mnt/data/work/86/88b17d7e87d3ba9e6988a00c1d5568]
Mar-20 18:18:45.939 [Task submitter] DEBUG n.processor.TaskPollingMonitor - %% executor local > tasks in the submission queue: 14 -- tasks to be submitted are shown below
~> TaskHandler[id: 34; name: NFCORE_RNASEQ:RNASEQ:QUANTIFY_PSEUDO_ALIGNMENT:SALMON_QUANT (MCF7_REP2); status: NEW; exit: -; error: -; workDir: /mnt/data/work/13/34c87e8f71a9982d1abafbd9720260]
~> TaskHandler[id: 36; name: NFCORE_RNASEQ:RNASEQ:QUANTIFY_PSEUDO_ALIGNMENT:SALMON_QUANT (MCF7_REP1); status: NEW; exit: -; error: -; workDir: /mnt/data/work/08/2d11617ec8aa1ceacbf842a7b08227]
~> TaskHandler[id: 35; name: NFCORE_RNASEQ:RNASEQ:QUANTIFY_PSEUDO_ALIGNMENT:SALMON_QUANT (GM12878_REP2); status: NEW; exit: -; error: -; workDir: /mnt/data/work/bd/2b71fbf949ee361a363fc55fdcd18d]
~> TaskHandler[id: 31; name: NFCORE_RNASEQ:RNASEQ:QUANTIFY_PSEUDO_ALIGNMENT:SALMON_QUANT (K562_REP1); status: NEW; exit: -; error: -; workDir: /mnt/data/work/27/93b22bf797a51552a89ee1b47ced0c]
~> TaskHandler[id: 32; name: NFCORE_RNASEQ:RNASEQ:QUANTIFY_PSEUDO_ALIGNMENT:SALMON_QUANT (H1_REP1); status: NEW; exit: -; error: -; workDir: /mnt/data/work/66/4feba11f2a525cc2396742a1eee1ff]
~> TaskHandler[id: 38; name: NFCORE_RNASEQ:RNASEQ:QUANTIFY_PSEUDO_ALIGNMENT:SALMON_QUANT (H1_REP2); status: NEW; exit: -; error: -; workDir: /mnt/data/work/93/843e57741611b38e96d654f567b9f9]
~> TaskHandler[id: 39; name: NFCORE_RNASEQ:RNASEQ:FASTQ_ALIGN_HISAT2:BAM_SORT_STATS_SAMTOOLS:SAMTOOLS_SORT (GM12878_REP1); status: NEW; exit: -; error: -; workDir: /mnt/data/work/75/f038af580f855c2a0b33cd048afb4b]
~> TaskHandler[id: 40; name: NFCORE_RNASEQ:RNASEQ:FASTQ_ALIGN_HISAT2:BAM_SORT_STATS_SAMTOOLS:SAMTOOLS_SORT (MCF7_REP2); status: NEW; exit: -; error: -; workDir: /mnt/data/work/64/bb28c05de1296ab040ead8d1d651af]
~> TaskHandler[id: 41; name: NFCORE_RNASEQ:RNASEQ:FASTQ_ALIGN_HISAT2:BAM_SORT_STATS_SAMTOOLS:SAMTOOLS_SORT (GM12878_REP2); status: NEW; exit: -; error: -; workDir: /mnt/data/work/80/8d2f91adc2dcd3475b7730293633dc]
~> TaskHandler[id: 42; name: NFCORE_RNASEQ:RNASEQ:FASTQ_ALIGN_HISAT2:BAM_SORT_STATS_SAMTOOLS:SAMTOOLS_SORT (H1_REP1); status: NEW; exit: -; error: -; workDir: /mnt/data/work/1e/327f3bba079a64f3cf10413e54eb4a]
.. remaining tasks omitted.
Mar-20 18:20:33.150 [Task monitor] DEBUG n.processor.TaskPollingMonitor - !! executor local > tasks to be completed: 1 -- submitted tasks are shown below
~> TaskHandler[id: 37; name: NFCORE_RNASEQ:RNASEQ:QUANTIFY_PSEUDO_ALIGNMENT:SALMON_QUANT (K562_REP2); status: RUNNING; exit: -; error: -; workDir: /mnt/data/work/86/88b17d7e87d3ba9e6988a00c1d5568]
Mar-20 18:21:54.161 [Task monitor] DEBUG n.processor.TaskPollingMonitor - Task completed > TaskHandler[id: 37; name: NFCORE_RNASEQ:RNASEQ:QUANTIFY_PSEUDO_ALIGNMENT:SALMON_QUANT (K562_REP2); status: COMPLETED; exit: 0; error: -; workDir: /mnt/data/work/86/88b17d7e87d3ba9e6988a00c1d5568]
Mar-20 18:21:54.169 [Task submitter] DEBUG n.executor.local.LocalTaskHandler - Launch cmd line: /bin/bash -ue .command.run
Mar-20 18:21:54.169 [Task submitter] INFO  nextflow.Session - [13/34c87e] Submitted process > NFCORE_RNASEQ:RNASEQ:QUANTIFY_PSEUDO_ALIGNMENT:SALMON_QUANT (MCF7_REP2)
Mar-20 18:23:46.204 [Task submitter] DEBUG n.processor.TaskPollingMonitor - %% executor local > tasks in the submission queue: 13 -- tasks to be submitted are shown below
~> TaskHandler[id: 36; name: NFCORE_RNASEQ:RNASEQ:QUANTIFY_PSEUDO_ALIGNMENT:SALMON_QUANT (MCF7_REP1); status: NEW; exit: -; error: -; workDir: /mnt/data/work/08/2d11617ec8aa1ceacbf842a7b08227]
~> TaskHandler[id: 35; name: NFCORE_RNASEQ:RNASEQ:QUANTIFY_PSEUDO_ALIGNMENT:SALMON_QUANT (GM12878_REP2); status: NEW; exit: -; error: -; workDir: /mnt/data/work/bd/2b71fbf949ee361a363fc55fdcd18d]
~> TaskHandler[id: 31; name: NFCORE_RNASEQ:RNASEQ:QUANTIFY_PSEUDO_ALIGNMENT:SALMON_QUANT (K562_REP1); status: NEW; exit: -; error: -; workDir: /mnt/data/work/27/93b22bf797a51552a89ee1b47ced0c]
~> TaskHandler[id: 32; name: NFCORE_RNASEQ:RNASEQ:QUANTIFY_PSEUDO_ALIGNMENT:SALMON_QUANT (H1_REP1); status: NEW; exit: -; error: -; workDir: /mnt/data/work/66/4feba11f2a525cc2396742a1eee1ff]
~> TaskHandler[id: 38; name: NFCORE_RNASEQ:RNASEQ:QUANTIFY_PSEUDO_ALIGNMENT:SALMON_QUANT (H1_REP2); status: NEW; exit: -; error: -; workDir: /mnt/data/work/93/843e57741611b38e96d654f567b9f9]
~> TaskHandler[id: 39; name: NFCORE_RNASEQ:RNASEQ:FASTQ_ALIGN_HISAT2:BAM_SORT_STATS_SAMTOOLS:SAMTOOLS_SORT (GM12878_REP1); status: NEW; exit: -; error: -; workDir: /mnt/data/work/75/f038af580f855c2a0b33cd048afb4b]
~> TaskHandler[id: 40; name: NFCORE_RNASEQ:RNASEQ:FASTQ_ALIGN_HISAT2:BAM_SORT_STATS_SAMTOOLS:SAMTOOLS_SORT (MCF7_REP2); status: NEW; exit: -; error: -; workDir: /mnt/data/work/64/bb28c05de1296ab040ead8d1d651af]
~> TaskHandler[id: 41; name: NFCORE_RNASEQ:RNASEQ:FASTQ_ALIGN_HISAT2:BAM_SORT_STATS_SAMTOOLS:SAMTOOLS_SORT (GM12878_REP2); status: NEW; exit: -; error: -; workDir: /mnt/data/work/80/8d2f91adc2dcd3475b7730293633dc]
~> TaskHandler[id: 42; name: NFCORE_RNASEQ:RNASEQ:FASTQ_ALIGN_HISAT2:BAM_SORT_STATS_SAMTOOLS:SAMTOOLS_SORT (H1_REP1); status: NEW; exit: -; error: -; workDir: /mnt/data/work/1e/327f3bba079a64f3cf10413e54eb4a]
~> TaskHandler[id: 43; name: NFCORE_RNASEQ:RNASEQ:FASTQ_ALIGN_HISAT2:BAM_SORT_STATS_SAMTOOLS:SAMTOOLS_SORT (K562_REP1); status: NEW; exit: -; error: -; workDir: /mnt/data/work/db/3ad7b3f07b9fdd3807ccf7fb794496]
.. remaining tasks omitted.
Mar-20 18:25:33.215 [Task monitor] DEBUG n.processor.TaskPollingMonitor - !! executor local > tasks to be completed: 1 -- submitted tasks are shown below
~> TaskHandler[id: 34; name: NFCORE_RNASEQ:RNASEQ:QUANTIFY_PSEUDO_ALIGNMENT:SALMON_QUANT (MCF7_REP2); status: RUNNING; exit: -; error: -; workDir: /mnt/data/work/13/34c87e8f71a9982d1abafbd9720260]
Mar-20 18:28:46.274 [Task submitter] DEBUG n.processor.TaskPollingMonitor - %% executor local > tasks in the submission queue: 13 -- tasks to be submitted are shown below
~> TaskHandler[id: 36; name: NFCORE_RNASEQ:RNASEQ:QUANTIFY_PSEUDO_ALIGNMENT:SALMON_QUANT (MCF7_REP1); status: NEW; exit: -; error: -; workDir: /mnt/data/work/08/2d11617ec8aa1ceacbf842a7b08227]
~> TaskHandler[id: 35; name: NFCORE_RNASEQ:RNASEQ:QUANTIFY_PSEUDO_ALIGNMENT:SALMON_QUANT (GM12878_REP2); status: NEW; exit: -; error: -; workDir: /mnt/data/work/bd/2b71fbf949ee361a363fc55fdcd18d]
~> TaskHandler[id: 31; name: NFCORE_RNASEQ:RNASEQ:QUANTIFY_PSEUDO_ALIGNMENT:SALMON_QUANT (K562_REP1); status: NEW; exit: -; error: -; workDir: /mnt/data/work/27/93b22bf797a51552a89ee1b47ced0c]
~> TaskHandler[id: 32; name: NFCORE_RNASEQ:RNASEQ:QUANTIFY_PSEUDO_ALIGNMENT:SALMON_QUANT (H1_REP1); status: NEW; exit: -; error: -; workDir: /mnt/data/work/66/4feba11f2a525cc2396742a1eee1ff]
~> TaskHandler[id: 38; name: NFCORE_RNASEQ:RNASEQ:QUANTIFY_PSEUDO_ALIGNMENT:SALMON_QUANT (H1_REP2); status: NEW; exit: -; error: -; workDir: /mnt/data/work/93/843e57741611b38e96d654f567b9f9]
~> TaskHandler[id: 39; name: NFCORE_RNASEQ:RNASEQ:FASTQ_ALIGN_HISAT2:BAM_SORT_STATS_SAMTOOLS:SAMTOOLS_SORT (GM12878_REP1); status: NEW; exit: -; error: -; workDir: /mnt/data/work/75/f038af580f855c2a0b33cd048afb4b]
~> TaskHandler[id: 40; name: NFCORE_RNASEQ:RNASEQ:FASTQ_ALIGN_HISAT2:BAM_SORT_STATS_SAMTOOLS:SAMTOOLS_SORT (MCF7_REP2); status: NEW; exit: -; error: -; workDir: /mnt/data/work/64/bb28c05de1296ab040ead8d1d651af]
~> TaskHandler[id: 41; name: NFCORE_RNASEQ:RNASEQ:FASTQ_ALIGN_HISAT2:BAM_SORT_STATS_SAMTOOLS:SAMTOOLS_SORT (GM12878_REP2); status: NEW; exit: -; error: -; workDir: /mnt/data/work/80/8d2f91adc2dcd3475b7730293633dc]
~> TaskHandler[id: 42; name: NFCORE_RNASEQ:RNASEQ:FASTQ_ALIGN_HISAT2:BAM_SORT_STATS_SAMTOOLS:SAMTOOLS_SORT (H1_REP1); status: NEW; exit: -; error: -; workDir: /mnt/data/work/1e/327f3bba079a64f3cf10413e54eb4a]
~> TaskHandler[id: 43; name: NFCORE_RNASEQ:RNASEQ:FASTQ_ALIGN_HISAT2:BAM_SORT_STATS_SAMTOOLS:SAMTOOLS_SORT (K562_REP1); status: NEW; exit: -; error: -; workDir: /mnt/data/work/db/3ad7b3f07b9fdd3807ccf7fb794496]
.. remaining tasks omitted.
Mar-20 18:30:33.311 [Task monitor] DEBUG n.processor.TaskPollingMonitor - !! executor local > tasks to be completed: 1 -- submitted tasks are shown below
~> TaskHandler[id: 34; name: NFCORE_RNASEQ:RNASEQ:QUANTIFY_PSEUDO_ALIGNMENT:SALMON_QUANT (MCF7_REP2); status: RUNNING; exit: -; error: -; workDir: /mnt/data/work/13/34c87e8f71a9982d1abafbd9720260]
Mar-20 18:33:46.363 [Task submitter] DEBUG n.processor.TaskPollingMonitor - %% executor local > tasks in the submission queue: 13 -- tasks to be submitted are shown below
~> TaskHandler[id: 36; name: NFCORE_RNASEQ:RNASEQ:QUANTIFY_PSEUDO_ALIGNMENT:SALMON_QUANT (MCF7_REP1); status: NEW; exit: -; error: -; workDir: /mnt/data/work/08/2d11617ec8aa1ceacbf842a7b08227]
~> TaskHandler[id: 35; name: NFCORE_RNASEQ:RNASEQ:QUANTIFY_PSEUDO_ALIGNMENT:SALMON_QUANT (GM12878_REP2); status: NEW; exit: -; error: -; workDir: /mnt/data/work/bd/2b71fbf949ee361a363fc55fdcd18d]
~> TaskHandler[id: 31; name: NFCORE_RNASEQ:RNASEQ:QUANTIFY_PSEUDO_ALIGNMENT:SALMON_QUANT (K562_REP1); status: NEW; exit: -; error: -; workDir: /mnt/data/work/27/93b22bf797a51552a89ee1b47ced0c]
~> TaskHandler[id: 32; name: NFCORE_RNASEQ:RNASEQ:QUANTIFY_PSEUDO_ALIGNMENT:SALMON_QUANT (H1_REP1); status: NEW; exit: -; error: -; workDir: /mnt/data/work/66/4feba11f2a525cc2396742a1eee1ff]
~> TaskHandler[id: 38; name: NFCORE_RNASEQ:RNASEQ:QUANTIFY_PSEUDO_ALIGNMENT:SALMON_QUANT (H1_REP2); status: NEW; exit: -; error: -; workDir: /mnt/data/work/93/843e57741611b38e96d654f567b9f9]
~> TaskHandler[id: 39; name: NFCORE_RNASEQ:RNASEQ:FASTQ_ALIGN_HISAT2:BAM_SORT_STATS_SAMTOOLS:SAMTOOLS_SORT (GM12878_REP1); status: NEW; exit: -; error: -; workDir: /mnt/data/work/75/f038af580f855c2a0b33cd048afb4b]
~> TaskHandler[id: 40; name: NFCORE_RNASEQ:RNASEQ:FASTQ_ALIGN_HISAT2:BAM_SORT_STATS_SAMTOOLS:SAMTOOLS_SORT (MCF7_REP2); status: NEW; exit: -; error: -; workDir: /mnt/data/work/64/bb28c05de1296ab040ead8d1d651af]
~> TaskHandler[id: 41; name: NFCORE_RNASEQ:RNASEQ:FASTQ_ALIGN_HISAT2:BAM_SORT_STATS_SAMTOOLS:SAMTOOLS_SORT (GM12878_REP2); status: NEW; exit: -; error: -; workDir: /mnt/data/work/80/8d2f91adc2dcd3475b7730293633dc]
~> TaskHandler[id: 42; name: NFCORE_RNASEQ:RNASEQ:FASTQ_ALIGN_HISAT2:BAM_SORT_STATS_SAMTOOLS:SAMTOOLS_SORT (H1_REP1); status: NEW; exit: -; error: -; workDir: /mnt/data/work/1e/327f3bba079a64f3cf10413e54eb4a]
~> TaskHandler[id: 43; name: NFCORE_RNASEQ:RNASEQ:FASTQ_ALIGN_HISAT2:BAM_SORT_STATS_SAMTOOLS:SAMTOOLS_SORT (K562_REP1); status: NEW; exit: -; error: -; workDir: /mnt/data/work/db/3ad7b3f07b9fdd3807ccf7fb794496]
.. remaining tasks omitted.
Mar-20 18:35:33.385 [Task monitor] DEBUG n.processor.TaskPollingMonitor - !! executor local > tasks to be completed: 1 -- submitted tasks are shown below
~> TaskHandler[id: 34; name: NFCORE_RNASEQ:RNASEQ:QUANTIFY_PSEUDO_ALIGNMENT:SALMON_QUANT (MCF7_REP2); status: RUNNING; exit: -; error: -; workDir: /mnt/data/work/13/34c87e8f71a9982d1abafbd9720260]
Mar-20 18:36:49.621 [Task monitor] DEBUG n.processor.TaskPollingMonitor - Task completed > TaskHandler[id: 34; name: NFCORE_RNASEQ:RNASEQ:QUANTIFY_PSEUDO_ALIGNMENT:SALMON_QUANT (MCF7_REP2); status: COMPLETED; exit: 0; error: -; workDir: /mnt/data/work/13/34c87e8f71a9982d1abafbd9720260]
Mar-20 18:36:49.631 [Task submitter] DEBUG n.executor.local.LocalTaskHandler - Launch cmd line: /bin/bash -ue .command.run
Mar-20 18:36:49.631 [Task submitter] INFO  nextflow.Session - [08/2d1161] Submitted process > NFCORE_RNASEQ:RNASEQ:QUANTIFY_PSEUDO_ALIGNMENT:SALMON_QUANT (MCF7_REP1)
Mar-20 18:38:46.662 [Task submitter] DEBUG n.processor.TaskPollingMonitor - %% executor local > tasks in the submission queue: 12 -- tasks to be submitted are shown below
~> TaskHandler[id: 35; name: NFCORE_RNASEQ:RNASEQ:QUANTIFY_PSEUDO_ALIGNMENT:SALMON_QUANT (GM12878_REP2); status: NEW; exit: -; error: -; workDir: /mnt/data/work/bd/2b71fbf949ee361a363fc55fdcd18d]
~> TaskHandler[id: 31; name: NFCORE_RNASEQ:RNASEQ:QUANTIFY_PSEUDO_ALIGNMENT:SALMON_QUANT (K562_REP1); status: NEW; exit: -; error: -; workDir: /mnt/data/work/27/93b22bf797a51552a89ee1b47ced0c]
~> TaskHandler[id: 32; name: NFCORE_RNASEQ:RNASEQ:QUANTIFY_PSEUDO_ALIGNMENT:SALMON_QUANT (H1_REP1); status: NEW; exit: -; error: -; workDir: /mnt/data/work/66/4feba11f2a525cc2396742a1eee1ff]
~> TaskHandler[id: 38; name: NFCORE_RNASEQ:RNASEQ:QUANTIFY_PSEUDO_ALIGNMENT:SALMON_QUANT (H1_REP2); status: NEW; exit: -; error: -; workDir: /mnt/data/work/93/843e57741611b38e96d654f567b9f9]
~> TaskHandler[id: 39; name: NFCORE_RNASEQ:RNASEQ:FASTQ_ALIGN_HISAT2:BAM_SORT_STATS_SAMTOOLS:SAMTOOLS_SORT (GM12878_REP1); status: NEW; exit: -; error: -; workDir: /mnt/data/work/75/f038af580f855c2a0b33cd048afb4b]
~> TaskHandler[id: 40; name: NFCORE_RNASEQ:RNASEQ:FASTQ_ALIGN_HISAT2:BAM_SORT_STATS_SAMTOOLS:SAMTOOLS_SORT (MCF7_REP2); status: NEW; exit: -; error: -; workDir: /mnt/data/work/64/bb28c05de1296ab040ead8d1d651af]
~> TaskHandler[id: 41; name: NFCORE_RNASEQ:RNASEQ:FASTQ_ALIGN_HISAT2:BAM_SORT_STATS_SAMTOOLS:SAMTOOLS_SORT (GM12878_REP2); status: NEW; exit: -; error: -; workDir: /mnt/data/work/80/8d2f91adc2dcd3475b7730293633dc]
~> TaskHandler[id: 42; name: NFCORE_RNASEQ:RNASEQ:FASTQ_ALIGN_HISAT2:BAM_SORT_STATS_SAMTOOLS:SAMTOOLS_SORT (H1_REP1); status: NEW; exit: -; error: -; workDir: /mnt/data/work/1e/327f3bba079a64f3cf10413e54eb4a]
~> TaskHandler[id: 43; name: NFCORE_RNASEQ:RNASEQ:FASTQ_ALIGN_HISAT2:BAM_SORT_STATS_SAMTOOLS:SAMTOOLS_SORT (K562_REP1); status: NEW; exit: -; error: -; workDir: /mnt/data/work/db/3ad7b3f07b9fdd3807ccf7fb794496]
~> TaskHandler[id: 44; name: NFCORE_RNASEQ:RNASEQ:FASTQ_ALIGN_HISAT2:BAM_SORT_STATS_SAMTOOLS:SAMTOOLS_SORT (MCF7_REP1); status: NEW; exit: -; error: -; workDir: /mnt/data/work/c0/b7911a45cb9648e89843c06c1f477b]
.. remaining tasks omitted.
Mar-20 18:40:33.393 [Task monitor] DEBUG n.processor.TaskPollingMonitor - !! executor local > tasks to be completed: 1 -- submitted tasks are shown below
~> TaskHandler[id: 36; name: NFCORE_RNASEQ:RNASEQ:QUANTIFY_PSEUDO_ALIGNMENT:SALMON_QUANT (MCF7_REP1); status: RUNNING; exit: -; error: -; workDir: /mnt/data/work/08/2d11617ec8aa1ceacbf842a7b08227]
Mar-20 18:43:46.733 [Task submitter] DEBUG n.processor.TaskPollingMonitor - %% executor local > tasks in the submission queue: 12 -- tasks to be submitted are shown below
~> TaskHandler[id: 35; name: NFCORE_RNASEQ:RNASEQ:QUANTIFY_PSEUDO_ALIGNMENT:SALMON_QUANT (GM12878_REP2); status: NEW; exit: -; error: -; workDir: /mnt/data/work/bd/2b71fbf949ee361a363fc55fdcd18d]
~> TaskHandler[id: 31; name: NFCORE_RNASEQ:RNASEQ:QUANTIFY_PSEUDO_ALIGNMENT:SALMON_QUANT (K562_REP1); status: NEW; exit: -; error: -; workDir: /mnt/data/work/27/93b22bf797a51552a89ee1b47ced0c]
~> TaskHandler[id: 32; name: NFCORE_RNASEQ:RNASEQ:QUANTIFY_PSEUDO_ALIGNMENT:SALMON_QUANT (H1_REP1); status: NEW; exit: -; error: -; workDir: /mnt/data/work/66/4feba11f2a525cc2396742a1eee1ff]
~> TaskHandler[id: 38; name: NFCORE_RNASEQ:RNASEQ:QUANTIFY_PSEUDO_ALIGNMENT:SALMON_QUANT (H1_REP2); status: NEW; exit: -; error: -; workDir: /mnt/data/work/93/843e57741611b38e96d654f567b9f9]
~> TaskHandler[id: 39; name: NFCORE_RNASEQ:RNASEQ:FASTQ_ALIGN_HISAT2:BAM_SORT_STATS_SAMTOOLS:SAMTOOLS_SORT (GM12878_REP1); status: NEW; exit: -; error: -; workDir: /mnt/data/work/75/f038af580f855c2a0b33cd048afb4b]
~> TaskHandler[id: 40; name: NFCORE_RNASEQ:RNASEQ:FASTQ_ALIGN_HISAT2:BAM_SORT_STATS_SAMTOOLS:SAMTOOLS_SORT (MCF7_REP2); status: NEW; exit: -; error: -; workDir: /mnt/data/work/64/bb28c05de1296ab040ead8d1d651af]
~> TaskHandler[id: 41; name: NFCORE_RNASEQ:RNASEQ:FASTQ_ALIGN_HISAT2:BAM_SORT_STATS_SAMTOOLS:SAMTOOLS_SORT (GM12878_REP2); status: NEW; exit: -; error: -; workDir: /mnt/data/work/80/8d2f91adc2dcd3475b7730293633dc]
~> TaskHandler[id: 42; name: NFCORE_RNASEQ:RNASEQ:FASTQ_ALIGN_HISAT2:BAM_SORT_STATS_SAMTOOLS:SAMTOOLS_SORT (H1_REP1); status: NEW; exit: -; error: -; workDir: /mnt/data/work/1e/327f3bba079a64f3cf10413e54eb4a]
~> TaskHandler[id: 43; name: NFCORE_RNASEQ:RNASEQ:FASTQ_ALIGN_HISAT2:BAM_SORT_STATS_SAMTOOLS:SAMTOOLS_SORT (K562_REP1); status: NEW; exit: -; error: -; workDir: /mnt/data/work/db/3ad7b3f07b9fdd3807ccf7fb794496]
~> TaskHandler[id: 44; name: NFCORE_RNASEQ:RNASEQ:FASTQ_ALIGN_HISAT2:BAM_SORT_STATS_SAMTOOLS:SAMTOOLS_SORT (MCF7_REP1); status: NEW; exit: -; error: -; workDir: /mnt/data/work/c0/b7911a45cb9648e89843c06c1f477b]
.. remaining tasks omitted.
Mar-20 18:45:33.456 [Task monitor] DEBUG n.processor.TaskPollingMonitor - !! executor local > tasks to be completed: 1 -- submitted tasks are shown below
~> TaskHandler[id: 36; name: NFCORE_RNASEQ:RNASEQ:QUANTIFY_PSEUDO_ALIGNMENT:SALMON_QUANT (MCF7_REP1); status: RUNNING; exit: -; error: -; workDir: /mnt/data/work/08/2d11617ec8aa1ceacbf842a7b08227]
Mar-20 18:48:46.810 [Task submitter] DEBUG n.processor.TaskPollingMonitor - %% executor local > tasks in the submission queue: 12 -- tasks to be submitted are shown below
~> TaskHandler[id: 35; name: NFCORE_RNASEQ:RNASEQ:QUANTIFY_PSEUDO_ALIGNMENT:SALMON_QUANT (GM12878_REP2); status: NEW; exit: -; error: -; workDir: /mnt/data/work/bd/2b71fbf949ee361a363fc55fdcd18d]
~> TaskHandler[id: 31; name: NFCORE_RNASEQ:RNASEQ:QUANTIFY_PSEUDO_ALIGNMENT:SALMON_QUANT (K562_REP1); status: NEW; exit: -; error: -; workDir: /mnt/data/work/27/93b22bf797a51552a89ee1b47ced0c]
~> TaskHandler[id: 32; name: NFCORE_RNASEQ:RNASEQ:QUANTIFY_PSEUDO_ALIGNMENT:SALMON_QUANT (H1_REP1); status: NEW; exit: -; error: -; workDir: /mnt/data/work/66/4feba11f2a525cc2396742a1eee1ff]
~> TaskHandler[id: 38; name: NFCORE_RNASEQ:RNASEQ:QUANTIFY_PSEUDO_ALIGNMENT:SALMON_QUANT (H1_REP2); status: NEW; exit: -; error: -; workDir: /mnt/data/work/93/843e57741611b38e96d654f567b9f9]
~> TaskHandler[id: 39; name: NFCORE_RNASEQ:RNASEQ:FASTQ_ALIGN_HISAT2:BAM_SORT_STATS_SAMTOOLS:SAMTOOLS_SORT (GM12878_REP1); status: NEW; exit: -; error: -; workDir: /mnt/data/work/75/f038af580f855c2a0b33cd048afb4b]
~> TaskHandler[id: 40; name: NFCORE_RNASEQ:RNASEQ:FASTQ_ALIGN_HISAT2:BAM_SORT_STATS_SAMTOOLS:SAMTOOLS_SORT (MCF7_REP2); status: NEW; exit: -; error: -; workDir: /mnt/data/work/64/bb28c05de1296ab040ead8d1d651af]
~> TaskHandler[id: 41; name: NFCORE_RNASEQ:RNASEQ:FASTQ_ALIGN_HISAT2:BAM_SORT_STATS_SAMTOOLS:SAMTOOLS_SORT (GM12878_REP2); status: NEW; exit: -; error: -; workDir: /mnt/data/work/80/8d2f91adc2dcd3475b7730293633dc]
~> TaskHandler[id: 42; name: NFCORE_RNASEQ:RNASEQ:FASTQ_ALIGN_HISAT2:BAM_SORT_STATS_SAMTOOLS:SAMTOOLS_SORT (H1_REP1); status: NEW; exit: -; error: -; workDir: /mnt/data/work/1e/327f3bba079a64f3cf10413e54eb4a]
~> TaskHandler[id: 43; name: NFCORE_RNASEQ:RNASEQ:FASTQ_ALIGN_HISAT2:BAM_SORT_STATS_SAMTOOLS:SAMTOOLS_SORT (K562_REP1); status: NEW; exit: -; error: -; workDir: /mnt/data/work/db/3ad7b3f07b9fdd3807ccf7fb794496]
~> TaskHandler[id: 44; name: NFCORE_RNASEQ:RNASEQ:FASTQ_ALIGN_HISAT2:BAM_SORT_STATS_SAMTOOLS:SAMTOOLS_SORT (MCF7_REP1); status: NEW; exit: -; error: -; workDir: /mnt/data/work/c0/b7911a45cb9648e89843c06c1f477b]
.. remaining tasks omitted.
Mar-20 18:50:33.460 [Task monitor] DEBUG n.processor.TaskPollingMonitor - !! executor local > tasks to be completed: 1 -- submitted tasks are shown below
~> TaskHandler[id: 36; name: NFCORE_RNASEQ:RNASEQ:QUANTIFY_PSEUDO_ALIGNMENT:SALMON_QUANT (MCF7_REP1); status: RUNNING; exit: -; error: -; workDir: /mnt/data/work/08/2d11617ec8aa1ceacbf842a7b08227]
Mar-20 18:50:37.384 [Task monitor] DEBUG n.processor.TaskPollingMonitor - Task completed > TaskHandler[id: 36; name: NFCORE_RNASEQ:RNASEQ:QUANTIFY_PSEUDO_ALIGNMENT:SALMON_QUANT (MCF7_REP1); status: COMPLETED; exit: 0; error: -; workDir: /mnt/data/work/08/2d11617ec8aa1ceacbf842a7b08227]
Mar-20 18:50:37.394 [Task submitter] DEBUG n.executor.local.LocalTaskHandler - Launch cmd line: /bin/bash -ue .command.run
Mar-20 18:50:37.394 [Task submitter] INFO  nextflow.Session - [bd/2b71fb] Submitted process > NFCORE_RNASEQ:RNASEQ:QUANTIFY_PSEUDO_ALIGNMENT:SALMON_QUANT (GM12878_REP2)
Mar-20 18:53:47.446 [Task submitter] DEBUG n.processor.TaskPollingMonitor - %% executor local > tasks in the submission queue: 11 -- tasks to be submitted are shown below
~> TaskHandler[id: 31; name: NFCORE_RNASEQ:RNASEQ:QUANTIFY_PSEUDO_ALIGNMENT:SALMON_QUANT (K562_REP1); status: NEW; exit: -; error: -; workDir: /mnt/data/work/27/93b22bf797a51552a89ee1b47ced0c]
~> TaskHandler[id: 32; name: NFCORE_RNASEQ:RNASEQ:QUANTIFY_PSEUDO_ALIGNMENT:SALMON_QUANT (H1_REP1); status: NEW; exit: -; error: -; workDir: /mnt/data/work/66/4feba11f2a525cc2396742a1eee1ff]
~> TaskHandler[id: 38; name: NFCORE_RNASEQ:RNASEQ:QUANTIFY_PSEUDO_ALIGNMENT:SALMON_QUANT (H1_REP2); status: NEW; exit: -; error: -; workDir: /mnt/data/work/93/843e57741611b38e96d654f567b9f9]
~> TaskHandler[id: 39; name: NFCORE_RNASEQ:RNASEQ:FASTQ_ALIGN_HISAT2:BAM_SORT_STATS_SAMTOOLS:SAMTOOLS_SORT (GM12878_REP1); status: NEW; exit: -; error: -; workDir: /mnt/data/work/75/f038af580f855c2a0b33cd048afb4b]
~> TaskHandler[id: 40; name: NFCORE_RNASEQ:RNASEQ:FASTQ_ALIGN_HISAT2:BAM_SORT_STATS_SAMTOOLS:SAMTOOLS_SORT (MCF7_REP2); status: NEW; exit: -; error: -; workDir: /mnt/data/work/64/bb28c05de1296ab040ead8d1d651af]
~> TaskHandler[id: 41; name: NFCORE_RNASEQ:RNASEQ:FASTQ_ALIGN_HISAT2:BAM_SORT_STATS_SAMTOOLS:SAMTOOLS_SORT (GM12878_REP2); status: NEW; exit: -; error: -; workDir: /mnt/data/work/80/8d2f91adc2dcd3475b7730293633dc]
~> TaskHandler[id: 42; name: NFCORE_RNASEQ:RNASEQ:FASTQ_ALIGN_HISAT2:BAM_SORT_STATS_SAMTOOLS:SAMTOOLS_SORT (H1_REP1); status: NEW; exit: -; error: -; workDir: /mnt/data/work/1e/327f3bba079a64f3cf10413e54eb4a]
~> TaskHandler[id: 43; name: NFCORE_RNASEQ:RNASEQ:FASTQ_ALIGN_HISAT2:BAM_SORT_STATS_SAMTOOLS:SAMTOOLS_SORT (K562_REP1); status: NEW; exit: -; error: -; workDir: /mnt/data/work/db/3ad7b3f07b9fdd3807ccf7fb794496]
~> TaskHandler[id: 44; name: NFCORE_RNASEQ:RNASEQ:FASTQ_ALIGN_HISAT2:BAM_SORT_STATS_SAMTOOLS:SAMTOOLS_SORT (MCF7_REP1); status: NEW; exit: -; error: -; workDir: /mnt/data/work/c0/b7911a45cb9648e89843c06c1f477b]
~> TaskHandler[id: 45; name: NFCORE_RNASEQ:RNASEQ:FASTQ_ALIGN_HISAT2:BAM_SORT_STATS_SAMTOOLS:SAMTOOLS_SORT (H1_REP2); status: NEW; exit: -; error: -; workDir: /mnt/data/work/23/ee0cc6cb3f11b4cba352a1e7beeda7]
Mar-20 18:55:33.560 [Task monitor] DEBUG n.processor.TaskPollingMonitor - !! executor local > tasks to be completed: 1 -- submitted tasks are shown below
~> TaskHandler[id: 35; name: NFCORE_RNASEQ:RNASEQ:QUANTIFY_PSEUDO_ALIGNMENT:SALMON_QUANT (GM12878_REP2); status: RUNNING; exit: -; error: -; workDir: /mnt/data/work/bd/2b71fbf949ee361a363fc55fdcd18d]
Mar-20 18:58:47.521 [Task submitter] DEBUG n.processor.TaskPollingMonitor - %% executor local > tasks in the submission queue: 11 -- tasks to be submitted are shown below
~> TaskHandler[id: 31; name: NFCORE_RNASEQ:RNASEQ:QUANTIFY_PSEUDO_ALIGNMENT:SALMON_QUANT (K562_REP1); status: NEW; exit: -; error: -; workDir: /mnt/data/work/27/93b22bf797a51552a89ee1b47ced0c]
~> TaskHandler[id: 32; name: NFCORE_RNASEQ:RNASEQ:QUANTIFY_PSEUDO_ALIGNMENT:SALMON_QUANT (H1_REP1); status: NEW; exit: -; error: -; workDir: /mnt/data/work/66/4feba11f2a525cc2396742a1eee1ff]
~> TaskHandler[id: 38; name: NFCORE_RNASEQ:RNASEQ:QUANTIFY_PSEUDO_ALIGNMENT:SALMON_QUANT (H1_REP2); status: NEW; exit: -; error: -; workDir: /mnt/data/work/93/843e57741611b38e96d654f567b9f9]
~> TaskHandler[id: 39; name: NFCORE_RNASEQ:RNASEQ:FASTQ_ALIGN_HISAT2:BAM_SORT_STATS_SAMTOOLS:SAMTOOLS_SORT (GM12878_REP1); status: NEW; exit: -; error: -; workDir: /mnt/data/work/75/f038af580f855c2a0b33cd048afb4b]
~> TaskHandler[id: 40; name: NFCORE_RNASEQ:RNASEQ:FASTQ_ALIGN_HISAT2:BAM_SORT_STATS_SAMTOOLS:SAMTOOLS_SORT (MCF7_REP2); status: NEW; exit: -; error: -; workDir: /mnt/data/work/64/bb28c05de1296ab040ead8d1d651af]
~> TaskHandler[id: 41; name: NFCORE_RNASEQ:RNASEQ:FASTQ_ALIGN_HISAT2:BAM_SORT_STATS_SAMTOOLS:SAMTOOLS_SORT (GM12878_REP2); status: NEW; exit: -; error: -; workDir: /mnt/data/work/80/8d2f91adc2dcd3475b7730293633dc]
~> TaskHandler[id: 42; name: NFCORE_RNASEQ:RNASEQ:FASTQ_ALIGN_HISAT2:BAM_SORT_STATS_SAMTOOLS:SAMTOOLS_SORT (H1_REP1); status: NEW; exit: -; error: -; workDir: /mnt/data/work/1e/327f3bba079a64f3cf10413e54eb4a]
~> TaskHandler[id: 43; name: NFCORE_RNASEQ:RNASEQ:FASTQ_ALIGN_HISAT2:BAM_SORT_STATS_SAMTOOLS:SAMTOOLS_SORT (K562_REP1); status: NEW; exit: -; error: -; workDir: /mnt/data/work/db/3ad7b3f07b9fdd3807ccf7fb794496]
~> TaskHandler[id: 44; name: NFCORE_RNASEQ:RNASEQ:FASTQ_ALIGN_HISAT2:BAM_SORT_STATS_SAMTOOLS:SAMTOOLS_SORT (MCF7_REP1); status: NEW; exit: -; error: -; workDir: /mnt/data/work/c0/b7911a45cb9648e89843c06c1f477b]
~> TaskHandler[id: 45; name: NFCORE_RNASEQ:RNASEQ:FASTQ_ALIGN_HISAT2:BAM_SORT_STATS_SAMTOOLS:SAMTOOLS_SORT (H1_REP2); status: NEW; exit: -; error: -; workDir: /mnt/data/work/23/ee0cc6cb3f11b4cba352a1e7beeda7]
Mar-20 19:00:33.655 [Task monitor] DEBUG n.processor.TaskPollingMonitor - !! executor local > tasks to be completed: 1 -- submitted tasks are shown below
~> TaskHandler[id: 35; name: NFCORE_RNASEQ:RNASEQ:QUANTIFY_PSEUDO_ALIGNMENT:SALMON_QUANT (GM12878_REP2); status: RUNNING; exit: -; error: -; workDir: /mnt/data/work/bd/2b71fbf949ee361a363fc55fdcd18d]
Mar-20 19:03:47.584 [Task submitter] DEBUG n.processor.TaskPollingMonitor - %% executor local > tasks in the submission queue: 11 -- tasks to be submitted are shown below
~> TaskHandler[id: 31; name: NFCORE_RNASEQ:RNASEQ:QUANTIFY_PSEUDO_ALIGNMENT:SALMON_QUANT (K562_REP1); status: NEW; exit: -; error: -; workDir: /mnt/data/work/27/93b22bf797a51552a89ee1b47ced0c]
~> TaskHandler[id: 32; name: NFCORE_RNASEQ:RNASEQ:QUANTIFY_PSEUDO_ALIGNMENT:SALMON_QUANT (H1_REP1); status: NEW; exit: -; error: -; workDir: /mnt/data/work/66/4feba11f2a525cc2396742a1eee1ff]
~> TaskHandler[id: 38; name: NFCORE_RNASEQ:RNASEQ:QUANTIFY_PSEUDO_ALIGNMENT:SALMON_QUANT (H1_REP2); status: NEW; exit: -; error: -; workDir: /mnt/data/work/93/843e57741611b38e96d654f567b9f9]
~> TaskHandler[id: 39; name: NFCORE_RNASEQ:RNASEQ:FASTQ_ALIGN_HISAT2:BAM_SORT_STATS_SAMTOOLS:SAMTOOLS_SORT (GM12878_REP1); status: NEW; exit: -; error: -; workDir: /mnt/data/work/75/f038af580f855c2a0b33cd048afb4b]
~> TaskHandler[id: 40; name: NFCORE_RNASEQ:RNASEQ:FASTQ_ALIGN_HISAT2:BAM_SORT_STATS_SAMTOOLS:SAMTOOLS_SORT (MCF7_REP2); status: NEW; exit: -; error: -; workDir: /mnt/data/work/64/bb28c05de1296ab040ead8d1d651af]
~> TaskHandler[id: 41; name: NFCORE_RNASEQ:RNASEQ:FASTQ_ALIGN_HISAT2:BAM_SORT_STATS_SAMTOOLS:SAMTOOLS_SORT (GM12878_REP2); status: NEW; exit: -; error: -; workDir: /mnt/data/work/80/8d2f91adc2dcd3475b7730293633dc]
~> TaskHandler[id: 42; name: NFCORE_RNASEQ:RNASEQ:FASTQ_ALIGN_HISAT2:BAM_SORT_STATS_SAMTOOLS:SAMTOOLS_SORT (H1_REP1); status: NEW; exit: -; error: -; workDir: /mnt/data/work/1e/327f3bba079a64f3cf10413e54eb4a]
~> TaskHandler[id: 43; name: NFCORE_RNASEQ:RNASEQ:FASTQ_ALIGN_HISAT2:BAM_SORT_STATS_SAMTOOLS:SAMTOOLS_SORT (K562_REP1); status: NEW; exit: -; error: -; workDir: /mnt/data/work/db/3ad7b3f07b9fdd3807ccf7fb794496]
~> TaskHandler[id: 44; name: NFCORE_RNASEQ:RNASEQ:FASTQ_ALIGN_HISAT2:BAM_SORT_STATS_SAMTOOLS:SAMTOOLS_SORT (MCF7_REP1); status: NEW; exit: -; error: -; workDir: /mnt/data/work/c0/b7911a45cb9648e89843c06c1f477b]
~> TaskHandler[id: 45; name: NFCORE_RNASEQ:RNASEQ:FASTQ_ALIGN_HISAT2:BAM_SORT_STATS_SAMTOOLS:SAMTOOLS_SORT (H1_REP2); status: NEW; exit: -; error: -; workDir: /mnt/data/work/23/ee0cc6cb3f11b4cba352a1e7beeda7]
Mar-20 19:05:33.675 [Task monitor] DEBUG n.processor.TaskPollingMonitor - !! executor local > tasks to be completed: 1 -- submitted tasks are shown below
~> TaskHandler[id: 35; name: NFCORE_RNASEQ:RNASEQ:QUANTIFY_PSEUDO_ALIGNMENT:SALMON_QUANT (GM12878_REP2); status: RUNNING; exit: -; error: -; workDir: /mnt/data/work/bd/2b71fbf949ee361a363fc55fdcd18d]
Mar-20 19:07:31.755 [Task monitor] DEBUG n.processor.TaskPollingMonitor - Task completed > TaskHandler[id: 35; name: NFCORE_RNASEQ:RNASEQ:QUANTIFY_PSEUDO_ALIGNMENT:SALMON_QUANT (GM12878_REP2); status: COMPLETED; exit: 0; error: -; workDir: /mnt/data/work/bd/2b71fbf949ee361a363fc55fdcd18d]
Mar-20 19:07:31.763 [Task submitter] DEBUG n.executor.local.LocalTaskHandler - Launch cmd line: /bin/bash -ue .command.run
Mar-20 19:07:31.763 [Task submitter] INFO  nextflow.Session - [27/93b22b] Submitted process > NFCORE_RNASEQ:RNASEQ:QUANTIFY_PSEUDO_ALIGNMENT:SALMON_QUANT (K562_REP1)
Mar-20 19:08:47.781 [Task submitter] DEBUG n.processor.TaskPollingMonitor - %% executor local > tasks in the submission queue: 10 -- tasks to be submitted are shown below
~> TaskHandler[id: 32; name: NFCORE_RNASEQ:RNASEQ:QUANTIFY_PSEUDO_ALIGNMENT:SALMON_QUANT (H1_REP1); status: NEW; exit: -; error: -; workDir: /mnt/data/work/66/4feba11f2a525cc2396742a1eee1ff]
~> TaskHandler[id: 38; name: NFCORE_RNASEQ:RNASEQ:QUANTIFY_PSEUDO_ALIGNMENT:SALMON_QUANT (H1_REP2); status: NEW; exit: -; error: -; workDir: /mnt/data/work/93/843e57741611b38e96d654f567b9f9]
~> TaskHandler[id: 39; name: NFCORE_RNASEQ:RNASEQ:FASTQ_ALIGN_HISAT2:BAM_SORT_STATS_SAMTOOLS:SAMTOOLS_SORT (GM12878_REP1); status: NEW; exit: -; error: -; workDir: /mnt/data/work/75/f038af580f855c2a0b33cd048afb4b]
~> TaskHandler[id: 40; name: NFCORE_RNASEQ:RNASEQ:FASTQ_ALIGN_HISAT2:BAM_SORT_STATS_SAMTOOLS:SAMTOOLS_SORT (MCF7_REP2); status: NEW; exit: -; error: -; workDir: /mnt/data/work/64/bb28c05de1296ab040ead8d1d651af]
~> TaskHandler[id: 41; name: NFCORE_RNASEQ:RNASEQ:FASTQ_ALIGN_HISAT2:BAM_SORT_STATS_SAMTOOLS:SAMTOOLS_SORT (GM12878_REP2); status: NEW; exit: -; error: -; workDir: /mnt/data/work/80/8d2f91adc2dcd3475b7730293633dc]
~> TaskHandler[id: 42; name: NFCORE_RNASEQ:RNASEQ:FASTQ_ALIGN_HISAT2:BAM_SORT_STATS_SAMTOOLS:SAMTOOLS_SORT (H1_REP1); status: NEW; exit: -; error: -; workDir: /mnt/data/work/1e/327f3bba079a64f3cf10413e54eb4a]
~> TaskHandler[id: 43; name: NFCORE_RNASEQ:RNASEQ:FASTQ_ALIGN_HISAT2:BAM_SORT_STATS_SAMTOOLS:SAMTOOLS_SORT (K562_REP1); status: NEW; exit: -; error: -; workDir: /mnt/data/work/db/3ad7b3f07b9fdd3807ccf7fb794496]
~> TaskHandler[id: 44; name: NFCORE_RNASEQ:RNASEQ:FASTQ_ALIGN_HISAT2:BAM_SORT_STATS_SAMTOOLS:SAMTOOLS_SORT (MCF7_REP1); status: NEW; exit: -; error: -; workDir: /mnt/data/work/c0/b7911a45cb9648e89843c06c1f477b]
~> TaskHandler[id: 45; name: NFCORE_RNASEQ:RNASEQ:FASTQ_ALIGN_HISAT2:BAM_SORT_STATS_SAMTOOLS:SAMTOOLS_SORT (H1_REP2); status: NEW; exit: -; error: -; workDir: /mnt/data/work/23/ee0cc6cb3f11b4cba352a1e7beeda7]
~> TaskHandler[id: 46; name: NFCORE_RNASEQ:RNASEQ:FASTQ_ALIGN_HISAT2:BAM_SORT_STATS_SAMTOOLS:SAMTOOLS_SORT (K562_REP2); status: NEW; exit: -; error: -; workDir: /mnt/data/work/c5/4edf88cde3f7a845176ba25f4664ea]
Mar-20 19:10:33.738 [Task monitor] DEBUG n.processor.TaskPollingMonitor - !! executor local > tasks to be completed: 1 -- submitted tasks are shown below
~> TaskHandler[id: 31; name: NFCORE_RNASEQ:RNASEQ:QUANTIFY_PSEUDO_ALIGNMENT:SALMON_QUANT (K562_REP1); status: RUNNING; exit: -; error: -; workDir: /mnt/data/work/27/93b22bf797a51552a89ee1b47ced0c]
Mar-20 19:13:47.845 [Task submitter] DEBUG n.processor.TaskPollingMonitor - %% executor local > tasks in the submission queue: 10 -- tasks to be submitted are shown below
~> TaskHandler[id: 32; name: NFCORE_RNASEQ:RNASEQ:QUANTIFY_PSEUDO_ALIGNMENT:SALMON_QUANT (H1_REP1); status: NEW; exit: -; error: -; workDir: /mnt/data/work/66/4feba11f2a525cc2396742a1eee1ff]
~> TaskHandler[id: 38; name: NFCORE_RNASEQ:RNASEQ:QUANTIFY_PSEUDO_ALIGNMENT:SALMON_QUANT (H1_REP2); status: NEW; exit: -; error: -; workDir: /mnt/data/work/93/843e57741611b38e96d654f567b9f9]
~> TaskHandler[id: 39; name: NFCORE_RNASEQ:RNASEQ:FASTQ_ALIGN_HISAT2:BAM_SORT_STATS_SAMTOOLS:SAMTOOLS_SORT (GM12878_REP1); status: NEW; exit: -; error: -; workDir: /mnt/data/work/75/f038af580f855c2a0b33cd048afb4b]
~> TaskHandler[id: 40; name: NFCORE_RNASEQ:RNASEQ:FASTQ_ALIGN_HISAT2:BAM_SORT_STATS_SAMTOOLS:SAMTOOLS_SORT (MCF7_REP2); status: NEW; exit: -; error: -; workDir: /mnt/data/work/64/bb28c05de1296ab040ead8d1d651af]
~> TaskHandler[id: 41; name: NFCORE_RNASEQ:RNASEQ:FASTQ_ALIGN_HISAT2:BAM_SORT_STATS_SAMTOOLS:SAMTOOLS_SORT (GM12878_REP2); status: NEW; exit: -; error: -; workDir: /mnt/data/work/80/8d2f91adc2dcd3475b7730293633dc]
~> TaskHandler[id: 42; name: NFCORE_RNASEQ:RNASEQ:FASTQ_ALIGN_HISAT2:BAM_SORT_STATS_SAMTOOLS:SAMTOOLS_SORT (H1_REP1); status: NEW; exit: -; error: -; workDir: /mnt/data/work/1e/327f3bba079a64f3cf10413e54eb4a]
~> TaskHandler[id: 43; name: NFCORE_RNASEQ:RNASEQ:FASTQ_ALIGN_HISAT2:BAM_SORT_STATS_SAMTOOLS:SAMTOOLS_SORT (K562_REP1); status: NEW; exit: -; error: -; workDir: /mnt/data/work/db/3ad7b3f07b9fdd3807ccf7fb794496]
~> TaskHandler[id: 44; name: NFCORE_RNASEQ:RNASEQ:FASTQ_ALIGN_HISAT2:BAM_SORT_STATS_SAMTOOLS:SAMTOOLS_SORT (MCF7_REP1); status: NEW; exit: -; error: -; workDir: /mnt/data/work/c0/b7911a45cb9648e89843c06c1f477b]
~> TaskHandler[id: 45; name: NFCORE_RNASEQ:RNASEQ:FASTQ_ALIGN_HISAT2:BAM_SORT_STATS_SAMTOOLS:SAMTOOLS_SORT (H1_REP2); status: NEW; exit: -; error: -; workDir: /mnt/data/work/23/ee0cc6cb3f11b4cba352a1e7beeda7]
~> TaskHandler[id: 46; name: NFCORE_RNASEQ:RNASEQ:FASTQ_ALIGN_HISAT2:BAM_SORT_STATS_SAMTOOLS:SAMTOOLS_SORT (K562_REP2); status: NEW; exit: -; error: -; workDir: /mnt/data/work/c5/4edf88cde3f7a845176ba25f4664ea]
Mar-20 19:15:33.818 [Task monitor] DEBUG n.processor.TaskPollingMonitor - !! executor local > tasks to be completed: 1 -- submitted tasks are shown below
~> TaskHandler[id: 31; name: NFCORE_RNASEQ:RNASEQ:QUANTIFY_PSEUDO_ALIGNMENT:SALMON_QUANT (K562_REP1); status: RUNNING; exit: -; error: -; workDir: /mnt/data/work/27/93b22bf797a51552a89ee1b47ced0c]
Mar-20 19:18:47.918 [Task submitter] DEBUG n.processor.TaskPollingMonitor - %% executor local > tasks in the submission queue: 10 -- tasks to be submitted are shown below
~> TaskHandler[id: 32; name: NFCORE_RNASEQ:RNASEQ:QUANTIFY_PSEUDO_ALIGNMENT:SALMON_QUANT (H1_REP1); status: NEW; exit: -; error: -; workDir: /mnt/data/work/66/4feba11f2a525cc2396742a1eee1ff]
~> TaskHandler[id: 38; name: NFCORE_RNASEQ:RNASEQ:QUANTIFY_PSEUDO_ALIGNMENT:SALMON_QUANT (H1_REP2); status: NEW; exit: -; error: -; workDir: /mnt/data/work/93/843e57741611b38e96d654f567b9f9]
~> TaskHandler[id: 39; name: NFCORE_RNASEQ:RNASEQ:FASTQ_ALIGN_HISAT2:BAM_SORT_STATS_SAMTOOLS:SAMTOOLS_SORT (GM12878_REP1); status: NEW; exit: -; error: -; workDir: /mnt/data/work/75/f038af580f855c2a0b33cd048afb4b]
~> TaskHandler[id: 40; name: NFCORE_RNASEQ:RNASEQ:FASTQ_ALIGN_HISAT2:BAM_SORT_STATS_SAMTOOLS:SAMTOOLS_SORT (MCF7_REP2); status: NEW; exit: -; error: -; workDir: /mnt/data/work/64/bb28c05de1296ab040ead8d1d651af]
~> TaskHandler[id: 41; name: NFCORE_RNASEQ:RNASEQ:FASTQ_ALIGN_HISAT2:BAM_SORT_STATS_SAMTOOLS:SAMTOOLS_SORT (GM12878_REP2); status: NEW; exit: -; error: -; workDir: /mnt/data/work/80/8d2f91adc2dcd3475b7730293633dc]
~> TaskHandler[id: 42; name: NFCORE_RNASEQ:RNASEQ:FASTQ_ALIGN_HISAT2:BAM_SORT_STATS_SAMTOOLS:SAMTOOLS_SORT (H1_REP1); status: NEW; exit: -; error: -; workDir: /mnt/data/work/1e/327f3bba079a64f3cf10413e54eb4a]
~> TaskHandler[id: 43; name: NFCORE_RNASEQ:RNASEQ:FASTQ_ALIGN_HISAT2:BAM_SORT_STATS_SAMTOOLS:SAMTOOLS_SORT (K562_REP1); status: NEW; exit: -; error: -; workDir: /mnt/data/work/db/3ad7b3f07b9fdd3807ccf7fb794496]
~> TaskHandler[id: 44; name: NFCORE_RNASEQ:RNASEQ:FASTQ_ALIGN_HISAT2:BAM_SORT_STATS_SAMTOOLS:SAMTOOLS_SORT (MCF7_REP1); status: NEW; exit: -; error: -; workDir: /mnt/data/work/c0/b7911a45cb9648e89843c06c1f477b]
~> TaskHandler[id: 45; name: NFCORE_RNASEQ:RNASEQ:FASTQ_ALIGN_HISAT2:BAM_SORT_STATS_SAMTOOLS:SAMTOOLS_SORT (H1_REP2); status: NEW; exit: -; error: -; workDir: /mnt/data/work/23/ee0cc6cb3f11b4cba352a1e7beeda7]
~> TaskHandler[id: 46; name: NFCORE_RNASEQ:RNASEQ:FASTQ_ALIGN_HISAT2:BAM_SORT_STATS_SAMTOOLS:SAMTOOLS_SORT (K562_REP2); status: NEW; exit: -; error: -; workDir: /mnt/data/work/c5/4edf88cde3f7a845176ba25f4664ea]
Mar-20 19:20:33.878 [Task monitor] DEBUG n.processor.TaskPollingMonitor - !! executor local > tasks to be completed: 1 -- submitted tasks are shown below
~> TaskHandler[id: 31; name: NFCORE_RNASEQ:RNASEQ:QUANTIFY_PSEUDO_ALIGNMENT:SALMON_QUANT (K562_REP1); status: RUNNING; exit: -; error: -; workDir: /mnt/data/work/27/93b22bf797a51552a89ee1b47ced0c]
Mar-20 19:22:34.955 [Task monitor] DEBUG n.processor.TaskPollingMonitor - Task completed > TaskHandler[id: 31; name: NFCORE_RNASEQ:RNASEQ:QUANTIFY_PSEUDO_ALIGNMENT:SALMON_QUANT (K562_REP1); status: COMPLETED; exit: 0; error: -; workDir: /mnt/data/work/27/93b22bf797a51552a89ee1b47ced0c]
Mar-20 19:22:34.961 [Task submitter] DEBUG n.executor.local.LocalTaskHandler - Launch cmd line: /bin/bash -ue .command.run
Mar-20 19:22:34.962 [Task submitter] INFO  nextflow.Session - [66/4feba1] Submitted process > NFCORE_RNASEQ:RNASEQ:QUANTIFY_PSEUDO_ALIGNMENT:SALMON_QUANT (H1_REP1)
Mar-20 19:23:47.982 [Task submitter] DEBUG n.processor.TaskPollingMonitor - %% executor local > tasks in the submission queue: 9 -- tasks to be submitted are shown below
~> TaskHandler[id: 38; name: NFCORE_RNASEQ:RNASEQ:QUANTIFY_PSEUDO_ALIGNMENT:SALMON_QUANT (H1_REP2); status: NEW; exit: -; error: -; workDir: /mnt/data/work/93/843e57741611b38e96d654f567b9f9]
~> TaskHandler[id: 39; name: NFCORE_RNASEQ:RNASEQ:FASTQ_ALIGN_HISAT2:BAM_SORT_STATS_SAMTOOLS:SAMTOOLS_SORT (GM12878_REP1); status: NEW; exit: -; error: -; workDir: /mnt/data/work/75/f038af580f855c2a0b33cd048afb4b]
~> TaskHandler[id: 40; name: NFCORE_RNASEQ:RNASEQ:FASTQ_ALIGN_HISAT2:BAM_SORT_STATS_SAMTOOLS:SAMTOOLS_SORT (MCF7_REP2); status: NEW; exit: -; error: -; workDir: /mnt/data/work/64/bb28c05de1296ab040ead8d1d651af]
~> TaskHandler[id: 41; name: NFCORE_RNASEQ:RNASEQ:FASTQ_ALIGN_HISAT2:BAM_SORT_STATS_SAMTOOLS:SAMTOOLS_SORT (GM12878_REP2); status: NEW; exit: -; error: -; workDir: /mnt/data/work/80/8d2f91adc2dcd3475b7730293633dc]
~> TaskHandler[id: 42; name: NFCORE_RNASEQ:RNASEQ:FASTQ_ALIGN_HISAT2:BAM_SORT_STATS_SAMTOOLS:SAMTOOLS_SORT (H1_REP1); status: NEW; exit: -; error: -; workDir: /mnt/data/work/1e/327f3bba079a64f3cf10413e54eb4a]
~> TaskHandler[id: 43; name: NFCORE_RNASEQ:RNASEQ:FASTQ_ALIGN_HISAT2:BAM_SORT_STATS_SAMTOOLS:SAMTOOLS_SORT (K562_REP1); status: NEW; exit: -; error: -; workDir: /mnt/data/work/db/3ad7b3f07b9fdd3807ccf7fb794496]
~> TaskHandler[id: 44; name: NFCORE_RNASEQ:RNASEQ:FASTQ_ALIGN_HISAT2:BAM_SORT_STATS_SAMTOOLS:SAMTOOLS_SORT (MCF7_REP1); status: NEW; exit: -; error: -; workDir: /mnt/data/work/c0/b7911a45cb9648e89843c06c1f477b]
~> TaskHandler[id: 45; name: NFCORE_RNASEQ:RNASEQ:FASTQ_ALIGN_HISAT2:BAM_SORT_STATS_SAMTOOLS:SAMTOOLS_SORT (H1_REP2); status: NEW; exit: -; error: -; workDir: /mnt/data/work/23/ee0cc6cb3f11b4cba352a1e7beeda7]
~> TaskHandler[id: 46; name: NFCORE_RNASEQ:RNASEQ:FASTQ_ALIGN_HISAT2:BAM_SORT_STATS_SAMTOOLS:SAMTOOLS_SORT (K562_REP2); status: NEW; exit: -; error: -; workDir: /mnt/data/work/c5/4edf88cde3f7a845176ba25f4664ea]
Mar-20 19:25:33.925 [Task monitor] DEBUG n.processor.TaskPollingMonitor - !! executor local > tasks to be completed: 1 -- submitted tasks are shown below
~> TaskHandler[id: 32; name: NFCORE_RNASEQ:RNASEQ:QUANTIFY_PSEUDO_ALIGNMENT:SALMON_QUANT (H1_REP1); status: RUNNING; exit: -; error: -; workDir: /mnt/data/work/66/4feba11f2a525cc2396742a1eee1ff]
Mar-20 19:28:48.042 [Task submitter] DEBUG n.processor.TaskPollingMonitor - %% executor local > tasks in the submission queue: 9 -- tasks to be submitted are shown below
~> TaskHandler[id: 38; name: NFCORE_RNASEQ:RNASEQ:QUANTIFY_PSEUDO_ALIGNMENT:SALMON_QUANT (H1_REP2); status: NEW; exit: -; error: -; workDir: /mnt/data/work/93/843e57741611b38e96d654f567b9f9]
~> TaskHandler[id: 39; name: NFCORE_RNASEQ:RNASEQ:FASTQ_ALIGN_HISAT2:BAM_SORT_STATS_SAMTOOLS:SAMTOOLS_SORT (GM12878_REP1); status: NEW; exit: -; error: -; workDir: /mnt/data/work/75/f038af580f855c2a0b33cd048afb4b]
~> TaskHandler[id: 40; name: NFCORE_RNASEQ:RNASEQ:FASTQ_ALIGN_HISAT2:BAM_SORT_STATS_SAMTOOLS:SAMTOOLS_SORT (MCF7_REP2); status: NEW; exit: -; error: -; workDir: /mnt/data/work/64/bb28c05de1296ab040ead8d1d651af]
~> TaskHandler[id: 41; name: NFCORE_RNASEQ:RNASEQ:FASTQ_ALIGN_HISAT2:BAM_SORT_STATS_SAMTOOLS:SAMTOOLS_SORT (GM12878_REP2); status: NEW; exit: -; error: -; workDir: /mnt/data/work/80/8d2f91adc2dcd3475b7730293633dc]
~> TaskHandler[id: 42; name: NFCORE_RNASEQ:RNASEQ:FASTQ_ALIGN_HISAT2:BAM_SORT_STATS_SAMTOOLS:SAMTOOLS_SORT (H1_REP1); status: NEW; exit: -; error: -; workDir: /mnt/data/work/1e/327f3bba079a64f3cf10413e54eb4a]
~> TaskHandler[id: 43; name: NFCORE_RNASEQ:RNASEQ:FASTQ_ALIGN_HISAT2:BAM_SORT_STATS_SAMTOOLS:SAMTOOLS_SORT (K562_REP1); status: NEW; exit: -; error: -; workDir: /mnt/data/work/db/3ad7b3f07b9fdd3807ccf7fb794496]
~> TaskHandler[id: 44; name: NFCORE_RNASEQ:RNASEQ:FASTQ_ALIGN_HISAT2:BAM_SORT_STATS_SAMTOOLS:SAMTOOLS_SORT (MCF7_REP1); status: NEW; exit: -; error: -; workDir: /mnt/data/work/c0/b7911a45cb9648e89843c06c1f477b]
~> TaskHandler[id: 45; name: NFCORE_RNASEQ:RNASEQ:FASTQ_ALIGN_HISAT2:BAM_SORT_STATS_SAMTOOLS:SAMTOOLS_SORT (H1_REP2); status: NEW; exit: -; error: -; workDir: /mnt/data/work/23/ee0cc6cb3f11b4cba352a1e7beeda7]
~> TaskHandler[id: 46; name: NFCORE_RNASEQ:RNASEQ:FASTQ_ALIGN_HISAT2:BAM_SORT_STATS_SAMTOOLS:SAMTOOLS_SORT (K562_REP2); status: NEW; exit: -; error: -; workDir: /mnt/data/work/c5/4edf88cde3f7a845176ba25f4664ea]
Mar-20 19:30:33.930 [Task monitor] DEBUG n.processor.TaskPollingMonitor - !! executor local > tasks to be completed: 1 -- submitted tasks are shown below
~> TaskHandler[id: 32; name: NFCORE_RNASEQ:RNASEQ:QUANTIFY_PSEUDO_ALIGNMENT:SALMON_QUANT (H1_REP1); status: RUNNING; exit: -; error: -; workDir: /mnt/data/work/66/4feba11f2a525cc2396742a1eee1ff]
Mar-20 19:33:48.114 [Task submitter] DEBUG n.processor.TaskPollingMonitor - %% executor local > tasks in the submission queue: 9 -- tasks to be submitted are shown below
~> TaskHandler[id: 38; name: NFCORE_RNASEQ:RNASEQ:QUANTIFY_PSEUDO_ALIGNMENT:SALMON_QUANT (H1_REP2); status: NEW; exit: -; error: -; workDir: /mnt/data/work/93/843e57741611b38e96d654f567b9f9]
~> TaskHandler[id: 39; name: NFCORE_RNASEQ:RNASEQ:FASTQ_ALIGN_HISAT2:BAM_SORT_STATS_SAMTOOLS:SAMTOOLS_SORT (GM12878_REP1); status: NEW; exit: -; error: -; workDir: /mnt/data/work/75/f038af580f855c2a0b33cd048afb4b]
~> TaskHandler[id: 40; name: NFCORE_RNASEQ:RNASEQ:FASTQ_ALIGN_HISAT2:BAM_SORT_STATS_SAMTOOLS:SAMTOOLS_SORT (MCF7_REP2); status: NEW; exit: -; error: -; workDir: /mnt/data/work/64/bb28c05de1296ab040ead8d1d651af]
~> TaskHandler[id: 41; name: NFCORE_RNASEQ:RNASEQ:FASTQ_ALIGN_HISAT2:BAM_SORT_STATS_SAMTOOLS:SAMTOOLS_SORT (GM12878_REP2); status: NEW; exit: -; error: -; workDir: /mnt/data/work/80/8d2f91adc2dcd3475b7730293633dc]
~> TaskHandler[id: 42; name: NFCORE_RNASEQ:RNASEQ:FASTQ_ALIGN_HISAT2:BAM_SORT_STATS_SAMTOOLS:SAMTOOLS_SORT (H1_REP1); status: NEW; exit: -; error: -; workDir: /mnt/data/work/1e/327f3bba079a64f3cf10413e54eb4a]
~> TaskHandler[id: 43; name: NFCORE_RNASEQ:RNASEQ:FASTQ_ALIGN_HISAT2:BAM_SORT_STATS_SAMTOOLS:SAMTOOLS_SORT (K562_REP1); status: NEW; exit: -; error: -; workDir: /mnt/data/work/db/3ad7b3f07b9fdd3807ccf7fb794496]
~> TaskHandler[id: 44; name: NFCORE_RNASEQ:RNASEQ:FASTQ_ALIGN_HISAT2:BAM_SORT_STATS_SAMTOOLS:SAMTOOLS_SORT (MCF7_REP1); status: NEW; exit: -; error: -; workDir: /mnt/data/work/c0/b7911a45cb9648e89843c06c1f477b]
~> TaskHandler[id: 45; name: NFCORE_RNASEQ:RNASEQ:FASTQ_ALIGN_HISAT2:BAM_SORT_STATS_SAMTOOLS:SAMTOOLS_SORT (H1_REP2); status: NEW; exit: -; error: -; workDir: /mnt/data/work/23/ee0cc6cb3f11b4cba352a1e7beeda7]
~> TaskHandler[id: 46; name: NFCORE_RNASEQ:RNASEQ:FASTQ_ALIGN_HISAT2:BAM_SORT_STATS_SAMTOOLS:SAMTOOLS_SORT (K562_REP2); status: NEW; exit: -; error: -; workDir: /mnt/data/work/c5/4edf88cde3f7a845176ba25f4664ea]
Mar-20 19:35:33.962 [Task monitor] DEBUG n.processor.TaskPollingMonitor - !! executor local > tasks to be completed: 1 -- submitted tasks are shown below
~> TaskHandler[id: 32; name: NFCORE_RNASEQ:RNASEQ:QUANTIFY_PSEUDO_ALIGNMENT:SALMON_QUANT (H1_REP1); status: RUNNING; exit: -; error: -; workDir: /mnt/data/work/66/4feba11f2a525cc2396742a1eee1ff]
Mar-20 19:38:48.189 [Task submitter] DEBUG n.processor.TaskPollingMonitor - %% executor local > tasks in the submission queue: 9 -- tasks to be submitted are shown below
~> TaskHandler[id: 38; name: NFCORE_RNASEQ:RNASEQ:QUANTIFY_PSEUDO_ALIGNMENT:SALMON_QUANT (H1_REP2); status: NEW; exit: -; error: -; workDir: /mnt/data/work/93/843e57741611b38e96d654f567b9f9]
~> TaskHandler[id: 39; name: NFCORE_RNASEQ:RNASEQ:FASTQ_ALIGN_HISAT2:BAM_SORT_STATS_SAMTOOLS:SAMTOOLS_SORT (GM12878_REP1); status: NEW; exit: -; error: -; workDir: /mnt/data/work/75/f038af580f855c2a0b33cd048afb4b]
~> TaskHandler[id: 40; name: NFCORE_RNASEQ:RNASEQ:FASTQ_ALIGN_HISAT2:BAM_SORT_STATS_SAMTOOLS:SAMTOOLS_SORT (MCF7_REP2); status: NEW; exit: -; error: -; workDir: /mnt/data/work/64/bb28c05de1296ab040ead8d1d651af]
~> TaskHandler[id: 41; name: NFCORE_RNASEQ:RNASEQ:FASTQ_ALIGN_HISAT2:BAM_SORT_STATS_SAMTOOLS:SAMTOOLS_SORT (GM12878_REP2); status: NEW; exit: -; error: -; workDir: /mnt/data/work/80/8d2f91adc2dcd3475b7730293633dc]
~> TaskHandler[id: 42; name: NFCORE_RNASEQ:RNASEQ:FASTQ_ALIGN_HISAT2:BAM_SORT_STATS_SAMTOOLS:SAMTOOLS_SORT (H1_REP1); status: NEW; exit: -; error: -; workDir: /mnt/data/work/1e/327f3bba079a64f3cf10413e54eb4a]
~> TaskHandler[id: 43; name: NFCORE_RNASEQ:RNASEQ:FASTQ_ALIGN_HISAT2:BAM_SORT_STATS_SAMTOOLS:SAMTOOLS_SORT (K562_REP1); status: NEW; exit: -; error: -; workDir: /mnt/data/work/db/3ad7b3f07b9fdd3807ccf7fb794496]
~> TaskHandler[id: 44; name: NFCORE_RNASEQ:RNASEQ:FASTQ_ALIGN_HISAT2:BAM_SORT_STATS_SAMTOOLS:SAMTOOLS_SORT (MCF7_REP1); status: NEW; exit: -; error: -; workDir: /mnt/data/work/c0/b7911a45cb9648e89843c06c1f477b]
~> TaskHandler[id: 45; name: NFCORE_RNASEQ:RNASEQ:FASTQ_ALIGN_HISAT2:BAM_SORT_STATS_SAMTOOLS:SAMTOOLS_SORT (H1_REP2); status: NEW; exit: -; error: -; workDir: /mnt/data/work/23/ee0cc6cb3f11b4cba352a1e7beeda7]
~> TaskHandler[id: 46; name: NFCORE_RNASEQ:RNASEQ:FASTQ_ALIGN_HISAT2:BAM_SORT_STATS_SAMTOOLS:SAMTOOLS_SORT (K562_REP2); status: NEW; exit: -; error: -; workDir: /mnt/data/work/c5/4edf88cde3f7a845176ba25f4664ea]
Mar-20 19:40:07.058 [Task monitor] DEBUG n.processor.TaskPollingMonitor - Task completed > TaskHandler[id: 32; name: NFCORE_RNASEQ:RNASEQ:QUANTIFY_PSEUDO_ALIGNMENT:SALMON_QUANT (H1_REP1); status: COMPLETED; exit: 0; error: -; workDir: /mnt/data/work/66/4feba11f2a525cc2396742a1eee1ff]
Mar-20 19:40:07.066 [Task submitter] DEBUG n.executor.local.LocalTaskHandler - Launch cmd line: /bin/bash -ue .command.run
Mar-20 19:40:07.066 [Task submitter] INFO  nextflow.Session - [93/843e57] Submitted process > NFCORE_RNASEQ:RNASEQ:QUANTIFY_PSEUDO_ALIGNMENT:SALMON_QUANT (H1_REP2)
Mar-20 19:40:34.009 [Task monitor] DEBUG n.processor.TaskPollingMonitor - !! executor local > tasks to be completed: 1 -- submitted tasks are shown below
~> TaskHandler[id: 38; name: NFCORE_RNASEQ:RNASEQ:QUANTIFY_PSEUDO_ALIGNMENT:SALMON_QUANT (H1_REP2); status: RUNNING; exit: -; error: -; workDir: /mnt/data/work/93/843e57741611b38e96d654f567b9f9]
Mar-20 19:43:49.119 [Task submitter] DEBUG n.processor.TaskPollingMonitor - %% executor local > tasks in the submission queue: 8 -- tasks to be submitted are shown below
~> TaskHandler[id: 39; name: NFCORE_RNASEQ:RNASEQ:FASTQ_ALIGN_HISAT2:BAM_SORT_STATS_SAMTOOLS:SAMTOOLS_SORT (GM12878_REP1); status: NEW; exit: -; error: -; workDir: /mnt/data/work/75/f038af580f855c2a0b33cd048afb4b]
~> TaskHandler[id: 40; name: NFCORE_RNASEQ:RNASEQ:FASTQ_ALIGN_HISAT2:BAM_SORT_STATS_SAMTOOLS:SAMTOOLS_SORT (MCF7_REP2); status: NEW; exit: -; error: -; workDir: /mnt/data/work/64/bb28c05de1296ab040ead8d1d651af]
~> TaskHandler[id: 41; name: NFCORE_RNASEQ:RNASEQ:FASTQ_ALIGN_HISAT2:BAM_SORT_STATS_SAMTOOLS:SAMTOOLS_SORT (GM12878_REP2); status: NEW; exit: -; error: -; workDir: /mnt/data/work/80/8d2f91adc2dcd3475b7730293633dc]
~> TaskHandler[id: 42; name: NFCORE_RNASEQ:RNASEQ:FASTQ_ALIGN_HISAT2:BAM_SORT_STATS_SAMTOOLS:SAMTOOLS_SORT (H1_REP1); status: NEW; exit: -; error: -; workDir: /mnt/data/work/1e/327f3bba079a64f3cf10413e54eb4a]
~> TaskHandler[id: 43; name: NFCORE_RNASEQ:RNASEQ:FASTQ_ALIGN_HISAT2:BAM_SORT_STATS_SAMTOOLS:SAMTOOLS_SORT (K562_REP1); status: NEW; exit: -; error: -; workDir: /mnt/data/work/db/3ad7b3f07b9fdd3807ccf7fb794496]
~> TaskHandler[id: 44; name: NFCORE_RNASEQ:RNASEQ:FASTQ_ALIGN_HISAT2:BAM_SORT_STATS_SAMTOOLS:SAMTOOLS_SORT (MCF7_REP1); status: NEW; exit: -; error: -; workDir: /mnt/data/work/c0/b7911a45cb9648e89843c06c1f477b]
~> TaskHandler[id: 45; name: NFCORE_RNASEQ:RNASEQ:FASTQ_ALIGN_HISAT2:BAM_SORT_STATS_SAMTOOLS:SAMTOOLS_SORT (H1_REP2); status: NEW; exit: -; error: -; workDir: /mnt/data/work/23/ee0cc6cb3f11b4cba352a1e7beeda7]
~> TaskHandler[id: 46; name: NFCORE_RNASEQ:RNASEQ:FASTQ_ALIGN_HISAT2:BAM_SORT_STATS_SAMTOOLS:SAMTOOLS_SORT (K562_REP2); status: NEW; exit: -; error: -; workDir: /mnt/data/work/c5/4edf88cde3f7a845176ba25f4664ea]
Mar-20 19:45:34.102 [Task monitor] DEBUG n.processor.TaskPollingMonitor - !! executor local > tasks to be completed: 1 -- submitted tasks are shown below
~> TaskHandler[id: 38; name: NFCORE_RNASEQ:RNASEQ:QUANTIFY_PSEUDO_ALIGNMENT:SALMON_QUANT (H1_REP2); status: RUNNING; exit: -; error: -; workDir: /mnt/data/work/93/843e57741611b38e96d654f567b9f9]
Mar-20 19:48:49.187 [Task submitter] DEBUG n.processor.TaskPollingMonitor - %% executor local > tasks in the submission queue: 8 -- tasks to be submitted are shown below
~> TaskHandler[id: 39; name: NFCORE_RNASEQ:RNASEQ:FASTQ_ALIGN_HISAT2:BAM_SORT_STATS_SAMTOOLS:SAMTOOLS_SORT (GM12878_REP1); status: NEW; exit: -; error: -; workDir: /mnt/data/work/75/f038af580f855c2a0b33cd048afb4b]
~> TaskHandler[id: 40; name: NFCORE_RNASEQ:RNASEQ:FASTQ_ALIGN_HISAT2:BAM_SORT_STATS_SAMTOOLS:SAMTOOLS_SORT (MCF7_REP2); status: NEW; exit: -; error: -; workDir: /mnt/data/work/64/bb28c05de1296ab040ead8d1d651af]
~> TaskHandler[id: 41; name: NFCORE_RNASEQ:RNASEQ:FASTQ_ALIGN_HISAT2:BAM_SORT_STATS_SAMTOOLS:SAMTOOLS_SORT (GM12878_REP2); status: NEW; exit: -; error: -; workDir: /mnt/data/work/80/8d2f91adc2dcd3475b7730293633dc]
~> TaskHandler[id: 42; name: NFCORE_RNASEQ:RNASEQ:FASTQ_ALIGN_HISAT2:BAM_SORT_STATS_SAMTOOLS:SAMTOOLS_SORT (H1_REP1); status: NEW; exit: -; error: -; workDir: /mnt/data/work/1e/327f3bba079a64f3cf10413e54eb4a]
~> TaskHandler[id: 43; name: NFCORE_RNASEQ:RNASEQ:FASTQ_ALIGN_HISAT2:BAM_SORT_STATS_SAMTOOLS:SAMTOOLS_SORT (K562_REP1); status: NEW; exit: -; error: -; workDir: /mnt/data/work/db/3ad7b3f07b9fdd3807ccf7fb794496]
~> TaskHandler[id: 44; name: NFCORE_RNASEQ:RNASEQ:FASTQ_ALIGN_HISAT2:BAM_SORT_STATS_SAMTOOLS:SAMTOOLS_SORT (MCF7_REP1); status: NEW; exit: -; error: -; workDir: /mnt/data/work/c0/b7911a45cb9648e89843c06c1f477b]
~> TaskHandler[id: 45; name: NFCORE_RNASEQ:RNASEQ:FASTQ_ALIGN_HISAT2:BAM_SORT_STATS_SAMTOOLS:SAMTOOLS_SORT (H1_REP2); status: NEW; exit: -; error: -; workDir: /mnt/data/work/23/ee0cc6cb3f11b4cba352a1e7beeda7]
~> TaskHandler[id: 46; name: NFCORE_RNASEQ:RNASEQ:FASTQ_ALIGN_HISAT2:BAM_SORT_STATS_SAMTOOLS:SAMTOOLS_SORT (K562_REP2); status: NEW; exit: -; error: -; workDir: /mnt/data/work/c5/4edf88cde3f7a845176ba25f4664ea]
Mar-20 19:50:34.178 [Task monitor] DEBUG n.processor.TaskPollingMonitor - !! executor local > tasks to be completed: 1 -- submitted tasks are shown below
~> TaskHandler[id: 38; name: NFCORE_RNASEQ:RNASEQ:QUANTIFY_PSEUDO_ALIGNMENT:SALMON_QUANT (H1_REP2); status: RUNNING; exit: -; error: -; workDir: /mnt/data/work/93/843e57741611b38e96d654f567b9f9]
Mar-20 19:53:49.255 [Task submitter] DEBUG n.processor.TaskPollingMonitor - %% executor local > tasks in the submission queue: 8 -- tasks to be submitted are shown below
~> TaskHandler[id: 39; name: NFCORE_RNASEQ:RNASEQ:FASTQ_ALIGN_HISAT2:BAM_SORT_STATS_SAMTOOLS:SAMTOOLS_SORT (GM12878_REP1); status: NEW; exit: -; error: -; workDir: /mnt/data/work/75/f038af580f855c2a0b33cd048afb4b]
~> TaskHandler[id: 40; name: NFCORE_RNASEQ:RNASEQ:FASTQ_ALIGN_HISAT2:BAM_SORT_STATS_SAMTOOLS:SAMTOOLS_SORT (MCF7_REP2); status: NEW; exit: -; error: -; workDir: /mnt/data/work/64/bb28c05de1296ab040ead8d1d651af]
~> TaskHandler[id: 41; name: NFCORE_RNASEQ:RNASEQ:FASTQ_ALIGN_HISAT2:BAM_SORT_STATS_SAMTOOLS:SAMTOOLS_SORT (GM12878_REP2); status: NEW; exit: -; error: -; workDir: /mnt/data/work/80/8d2f91adc2dcd3475b7730293633dc]
~> TaskHandler[id: 42; name: NFCORE_RNASEQ:RNASEQ:FASTQ_ALIGN_HISAT2:BAM_SORT_STATS_SAMTOOLS:SAMTOOLS_SORT (H1_REP1); status: NEW; exit: -; error: -; workDir: /mnt/data/work/1e/327f3bba079a64f3cf10413e54eb4a]
~> TaskHandler[id: 43; name: NFCORE_RNASEQ:RNASEQ:FASTQ_ALIGN_HISAT2:BAM_SORT_STATS_SAMTOOLS:SAMTOOLS_SORT (K562_REP1); status: NEW; exit: -; error: -; workDir: /mnt/data/work/db/3ad7b3f07b9fdd3807ccf7fb794496]
~> TaskHandler[id: 44; name: NFCORE_RNASEQ:RNASEQ:FASTQ_ALIGN_HISAT2:BAM_SORT_STATS_SAMTOOLS:SAMTOOLS_SORT (MCF7_REP1); status: NEW; exit: -; error: -; workDir: /mnt/data/work/c0/b7911a45cb9648e89843c06c1f477b]
~> TaskHandler[id: 45; name: NFCORE_RNASEQ:RNASEQ:FASTQ_ALIGN_HISAT2:BAM_SORT_STATS_SAMTOOLS:SAMTOOLS_SORT (H1_REP2); status: NEW; exit: -; error: -; workDir: /mnt/data/work/23/ee0cc6cb3f11b4cba352a1e7beeda7]
~> TaskHandler[id: 46; name: NFCORE_RNASEQ:RNASEQ:FASTQ_ALIGN_HISAT2:BAM_SORT_STATS_SAMTOOLS:SAMTOOLS_SORT (K562_REP2); status: NEW; exit: -; error: -; workDir: /mnt/data/work/c5/4edf88cde3f7a845176ba25f4664ea]
Mar-20 19:55:34.182 [Task monitor] DEBUG n.processor.TaskPollingMonitor - !! executor local > tasks to be completed: 1 -- submitted tasks are shown below
~> TaskHandler[id: 38; name: NFCORE_RNASEQ:RNASEQ:QUANTIFY_PSEUDO_ALIGNMENT:SALMON_QUANT (H1_REP2); status: RUNNING; exit: -; error: -; workDir: /mnt/data/work/93/843e57741611b38e96d654f567b9f9]
Mar-20 19:57:21.023 [Task monitor] DEBUG n.processor.TaskPollingMonitor - Task completed > TaskHandler[id: 38; name: NFCORE_RNASEQ:RNASEQ:QUANTIFY_PSEUDO_ALIGNMENT:SALMON_QUANT (H1_REP2); status: COMPLETED; exit: 0; error: -; workDir: /mnt/data/work/93/843e57741611b38e96d654f567b9f9]
Mar-20 19:57:21.029 [Task submitter] DEBUG n.executor.local.LocalTaskHandler - Launch cmd line: /bin/bash -ue .command.run
Mar-20 19:57:21.029 [Task submitter] INFO  nextflow.Session - [75/f038af] Submitted process > NFCORE_RNASEQ:RNASEQ:FASTQ_ALIGN_HISAT2:BAM_SORT_STATS_SAMTOOLS:SAMTOOLS_SORT (GM12878_REP1)
Mar-20 19:57:21.063 [Actor Thread 13] DEBUG nextflow.util.HashBuilder - Hash asset file sha-256: /root/rnaseq-bench/.nextflow/assets/nf-core/rnaseq/bin/tx2gene.py
Mar-20 19:58:50.050 [Task submitter] DEBUG n.processor.TaskPollingMonitor - %% executor local > tasks in the submission queue: 8 -- tasks to be submitted are shown below
~> TaskHandler[id: 40; name: NFCORE_RNASEQ:RNASEQ:FASTQ_ALIGN_HISAT2:BAM_SORT_STATS_SAMTOOLS:SAMTOOLS_SORT (MCF7_REP2); status: NEW; exit: -; error: -; workDir: /mnt/data/work/64/bb28c05de1296ab040ead8d1d651af]
~> TaskHandler[id: 41; name: NFCORE_RNASEQ:RNASEQ:FASTQ_ALIGN_HISAT2:BAM_SORT_STATS_SAMTOOLS:SAMTOOLS_SORT (GM12878_REP2); status: NEW; exit: -; error: -; workDir: /mnt/data/work/80/8d2f91adc2dcd3475b7730293633dc]
~> TaskHandler[id: 42; name: NFCORE_RNASEQ:RNASEQ:FASTQ_ALIGN_HISAT2:BAM_SORT_STATS_SAMTOOLS:SAMTOOLS_SORT (H1_REP1); status: NEW; exit: -; error: -; workDir: /mnt/data/work/1e/327f3bba079a64f3cf10413e54eb4a]
~> TaskHandler[id: 43; name: NFCORE_RNASEQ:RNASEQ:FASTQ_ALIGN_HISAT2:BAM_SORT_STATS_SAMTOOLS:SAMTOOLS_SORT (K562_REP1); status: NEW; exit: -; error: -; workDir: /mnt/data/work/db/3ad7b3f07b9fdd3807ccf7fb794496]
~> TaskHandler[id: 44; name: NFCORE_RNASEQ:RNASEQ:FASTQ_ALIGN_HISAT2:BAM_SORT_STATS_SAMTOOLS:SAMTOOLS_SORT (MCF7_REP1); status: NEW; exit: -; error: -; workDir: /mnt/data/work/c0/b7911a45cb9648e89843c06c1f477b]
~> TaskHandler[id: 45; name: NFCORE_RNASEQ:RNASEQ:FASTQ_ALIGN_HISAT2:BAM_SORT_STATS_SAMTOOLS:SAMTOOLS_SORT (H1_REP2); status: NEW; exit: -; error: -; workDir: /mnt/data/work/23/ee0cc6cb3f11b4cba352a1e7beeda7]
~> TaskHandler[id: 46; name: NFCORE_RNASEQ:RNASEQ:FASTQ_ALIGN_HISAT2:BAM_SORT_STATS_SAMTOOLS:SAMTOOLS_SORT (K562_REP2); status: NEW; exit: -; error: -; workDir: /mnt/data/work/c5/4edf88cde3f7a845176ba25f4664ea]
~> TaskHandler[id: 47; name: NFCORE_RNASEQ:RNASEQ:QUANTIFY_PSEUDO_ALIGNMENT:TX2GENE (genome.filtered.gtf); status: NEW; exit: -; error: -; workDir: /mnt/data/work/f1/407ffbc3487e4cc77695b4b51d2186]
Mar-20 20:00:34.275 [Task monitor] DEBUG n.processor.TaskPollingMonitor - !! executor local > tasks to be completed: 1 -- submitted tasks are shown below
~> TaskHandler[id: 39; name: NFCORE_RNASEQ:RNASEQ:FASTQ_ALIGN_HISAT2:BAM_SORT_STATS_SAMTOOLS:SAMTOOLS_SORT (GM12878_REP1); status: RUNNING; exit: -; error: -; workDir: /mnt/data/work/75/f038af580f855c2a0b33cd048afb4b]
Mar-20 20:03:50.111 [Task submitter] DEBUG n.processor.TaskPollingMonitor - %% executor local > tasks in the submission queue: 8 -- tasks to be submitted are shown below
~> TaskHandler[id: 40; name: NFCORE_RNASEQ:RNASEQ:FASTQ_ALIGN_HISAT2:BAM_SORT_STATS_SAMTOOLS:SAMTOOLS_SORT (MCF7_REP2); status: NEW; exit: -; error: -; workDir: /mnt/data/work/64/bb28c05de1296ab040ead8d1d651af]
~> TaskHandler[id: 41; name: NFCORE_RNASEQ:RNASEQ:FASTQ_ALIGN_HISAT2:BAM_SORT_STATS_SAMTOOLS:SAMTOOLS_SORT (GM12878_REP2); status: NEW; exit: -; error: -; workDir: /mnt/data/work/80/8d2f91adc2dcd3475b7730293633dc]
~> TaskHandler[id: 42; name: NFCORE_RNASEQ:RNASEQ:FASTQ_ALIGN_HISAT2:BAM_SORT_STATS_SAMTOOLS:SAMTOOLS_SORT (H1_REP1); status: NEW; exit: -; error: -; workDir: /mnt/data/work/1e/327f3bba079a64f3cf10413e54eb4a]
~> TaskHandler[id: 43; name: NFCORE_RNASEQ:RNASEQ:FASTQ_ALIGN_HISAT2:BAM_SORT_STATS_SAMTOOLS:SAMTOOLS_SORT (K562_REP1); status: NEW; exit: -; error: -; workDir: /mnt/data/work/db/3ad7b3f07b9fdd3807ccf7fb794496]
~> TaskHandler[id: 44; name: NFCORE_RNASEQ:RNASEQ:FASTQ_ALIGN_HISAT2:BAM_SORT_STATS_SAMTOOLS:SAMTOOLS_SORT (MCF7_REP1); status: NEW; exit: -; error: -; workDir: /mnt/data/work/c0/b7911a45cb9648e89843c06c1f477b]
~> TaskHandler[id: 45; name: NFCORE_RNASEQ:RNASEQ:FASTQ_ALIGN_HISAT2:BAM_SORT_STATS_SAMTOOLS:SAMTOOLS_SORT (H1_REP2); status: NEW; exit: -; error: -; workDir: /mnt/data/work/23/ee0cc6cb3f11b4cba352a1e7beeda7]
~> TaskHandler[id: 46; name: NFCORE_RNASEQ:RNASEQ:FASTQ_ALIGN_HISAT2:BAM_SORT_STATS_SAMTOOLS:SAMTOOLS_SORT (K562_REP2); status: NEW; exit: -; error: -; workDir: /mnt/data/work/c5/4edf88cde3f7a845176ba25f4664ea]
~> TaskHandler[id: 47; name: NFCORE_RNASEQ:RNASEQ:QUANTIFY_PSEUDO_ALIGNMENT:TX2GENE (genome.filtered.gtf); status: NEW; exit: -; error: -; workDir: /mnt/data/work/f1/407ffbc3487e4cc77695b4b51d2186]
Mar-20 20:04:18.182 [Task monitor] DEBUG n.processor.TaskPollingMonitor - Task completed > TaskHandler[id: 39; name: NFCORE_RNASEQ:RNASEQ:FASTQ_ALIGN_HISAT2:BAM_SORT_STATS_SAMTOOLS:SAMTOOLS_SORT (GM12878_REP1); status: COMPLETED; exit: 0; error: -; workDir: /mnt/data/work/75/f038af580f855c2a0b33cd048afb4b]
Mar-20 20:04:18.186 [TaskFinalizer-9] DEBUG nextflow.processor.TaskProcessor - Process NFCORE_RNASEQ:RNASEQ:FASTQ_ALIGN_HISAT2:BAM_SORT_STATS_SAMTOOLS:SAMTOOLS_SORT > Skipping output binding because one or more optional files are missing: fileoutparam<1:1>
Mar-20 20:04:18.188 [Task submitter] DEBUG n.executor.local.LocalTaskHandler - Launch cmd line: /bin/bash -ue .command.run
Mar-20 20:04:18.188 [Task submitter] INFO  nextflow.Session - [64/bb28c0] Submitted process > NFCORE_RNASEQ:RNASEQ:FASTQ_ALIGN_HISAT2:BAM_SORT_STATS_SAMTOOLS:SAMTOOLS_SORT (MCF7_REP2)
Mar-20 20:05:34.374 [Task monitor] DEBUG n.processor.TaskPollingMonitor - !! executor local > tasks to be completed: 1 -- submitted tasks are shown below
~> TaskHandler[id: 40; name: NFCORE_RNASEQ:RNASEQ:FASTQ_ALIGN_HISAT2:BAM_SORT_STATS_SAMTOOLS:SAMTOOLS_SORT (MCF7_REP2); status: RUNNING; exit: -; error: -; workDir: /mnt/data/work/64/bb28c05de1296ab040ead8d1d651af]
Mar-20 20:08:50.242 [Task submitter] DEBUG n.processor.TaskPollingMonitor - %% executor local > tasks in the submission queue: 9 -- tasks to be submitted are shown below
~> TaskHandler[id: 41; name: NFCORE_RNASEQ:RNASEQ:FASTQ_ALIGN_HISAT2:BAM_SORT_STATS_SAMTOOLS:SAMTOOLS_SORT (GM12878_REP2); status: NEW; exit: -; error: -; workDir: /mnt/data/work/80/8d2f91adc2dcd3475b7730293633dc]
~> TaskHandler[id: 42; name: NFCORE_RNASEQ:RNASEQ:FASTQ_ALIGN_HISAT2:BAM_SORT_STATS_SAMTOOLS:SAMTOOLS_SORT (H1_REP1); status: NEW; exit: -; error: -; workDir: /mnt/data/work/1e/327f3bba079a64f3cf10413e54eb4a]
~> TaskHandler[id: 43; name: NFCORE_RNASEQ:RNASEQ:FASTQ_ALIGN_HISAT2:BAM_SORT_STATS_SAMTOOLS:SAMTOOLS_SORT (K562_REP1); status: NEW; exit: -; error: -; workDir: /mnt/data/work/db/3ad7b3f07b9fdd3807ccf7fb794496]
~> TaskHandler[id: 44; name: NFCORE_RNASEQ:RNASEQ:FASTQ_ALIGN_HISAT2:BAM_SORT_STATS_SAMTOOLS:SAMTOOLS_SORT (MCF7_REP1); status: NEW; exit: -; error: -; workDir: /mnt/data/work/c0/b7911a45cb9648e89843c06c1f477b]
~> TaskHandler[id: 45; name: NFCORE_RNASEQ:RNASEQ:FASTQ_ALIGN_HISAT2:BAM_SORT_STATS_SAMTOOLS:SAMTOOLS_SORT (H1_REP2); status: NEW; exit: -; error: -; workDir: /mnt/data/work/23/ee0cc6cb3f11b4cba352a1e7beeda7]
~> TaskHandler[id: 46; name: NFCORE_RNASEQ:RNASEQ:FASTQ_ALIGN_HISAT2:BAM_SORT_STATS_SAMTOOLS:SAMTOOLS_SORT (K562_REP2); status: NEW; exit: -; error: -; workDir: /mnt/data/work/c5/4edf88cde3f7a845176ba25f4664ea]
~> TaskHandler[id: 47; name: NFCORE_RNASEQ:RNASEQ:QUANTIFY_PSEUDO_ALIGNMENT:TX2GENE (genome.filtered.gtf); status: NEW; exit: -; error: -; workDir: /mnt/data/work/f1/407ffbc3487e4cc77695b4b51d2186]
~> TaskHandler[id: 48; name: NFCORE_RNASEQ:RNASEQ:FASTQ_ALIGN_HISAT2:BAM_SORT_STATS_SAMTOOLS:SAMTOOLS_INDEX (GM12878_REP1); status: NEW; exit: -; error: -; workDir: /mnt/data/work/c1/0f6079cf355df45b21ed061a639c0f]
~> TaskHandler[id: 49; name: NFCORE_RNASEQ:RNASEQ:BAM_MARKDUPLICATES_PICARD:PICARD_MARKDUPLICATES (GM12878_REP1); status: NEW; exit: -; error: -; workDir: /mnt/data/work/6a/107f039d6d6207948f7ecf10d35f34]
Mar-20 20:10:34.473 [Task monitor] DEBUG n.processor.TaskPollingMonitor - !! executor local > tasks to be completed: 1 -- submitted tasks are shown below
~> TaskHandler[id: 40; name: NFCORE_RNASEQ:RNASEQ:FASTQ_ALIGN_HISAT2:BAM_SORT_STATS_SAMTOOLS:SAMTOOLS_SORT (MCF7_REP2); status: RUNNING; exit: -; error: -; workDir: /mnt/data/work/64/bb28c05de1296ab040ead8d1d651af]
Mar-20 20:12:34.815 [Task monitor] DEBUG n.processor.TaskPollingMonitor - Task completed > TaskHandler[id: 40; name: NFCORE_RNASEQ:RNASEQ:FASTQ_ALIGN_HISAT2:BAM_SORT_STATS_SAMTOOLS:SAMTOOLS_SORT (MCF7_REP2); status: COMPLETED; exit: 0; error: -; workDir: /mnt/data/work/64/bb28c05de1296ab040ead8d1d651af]
Mar-20 20:12:34.817 [TaskFinalizer-10] DEBUG nextflow.processor.TaskProcessor - Process NFCORE_RNASEQ:RNASEQ:FASTQ_ALIGN_HISAT2:BAM_SORT_STATS_SAMTOOLS:SAMTOOLS_SORT > Skipping output binding because one or more optional files are missing: fileoutparam<1:1>
Mar-20 20:12:34.819 [Task submitter] DEBUG n.executor.local.LocalTaskHandler - Launch cmd line: /bin/bash -ue .command.run
Mar-20 20:12:34.819 [Task submitter] INFO  nextflow.Session - [80/8d2f91] Submitted process > NFCORE_RNASEQ:RNASEQ:FASTQ_ALIGN_HISAT2:BAM_SORT_STATS_SAMTOOLS:SAMTOOLS_SORT (GM12878_REP2)
Mar-20 20:13:50.836 [Task submitter] DEBUG n.processor.TaskPollingMonitor - %% executor local > tasks in the submission queue: 10 -- tasks to be submitted are shown below
~> TaskHandler[id: 42; name: NFCORE_RNASEQ:RNASEQ:FASTQ_ALIGN_HISAT2:BAM_SORT_STATS_SAMTOOLS:SAMTOOLS_SORT (H1_REP1); status: NEW; exit: -; error: -; workDir: /mnt/data/work/1e/327f3bba079a64f3cf10413e54eb4a]
~> TaskHandler[id: 43; name: NFCORE_RNASEQ:RNASEQ:FASTQ_ALIGN_HISAT2:BAM_SORT_STATS_SAMTOOLS:SAMTOOLS_SORT (K562_REP1); status: NEW; exit: -; error: -; workDir: /mnt/data/work/db/3ad7b3f07b9fdd3807ccf7fb794496]
~> TaskHandler[id: 44; name: NFCORE_RNASEQ:RNASEQ:FASTQ_ALIGN_HISAT2:BAM_SORT_STATS_SAMTOOLS:SAMTOOLS_SORT (MCF7_REP1); status: NEW; exit: -; error: -; workDir: /mnt/data/work/c0/b7911a45cb9648e89843c06c1f477b]
~> TaskHandler[id: 45; name: NFCORE_RNASEQ:RNASEQ:FASTQ_ALIGN_HISAT2:BAM_SORT_STATS_SAMTOOLS:SAMTOOLS_SORT (H1_REP2); status: NEW; exit: -; error: -; workDir: /mnt/data/work/23/ee0cc6cb3f11b4cba352a1e7beeda7]
~> TaskHandler[id: 46; name: NFCORE_RNASEQ:RNASEQ:FASTQ_ALIGN_HISAT2:BAM_SORT_STATS_SAMTOOLS:SAMTOOLS_SORT (K562_REP2); status: NEW; exit: -; error: -; workDir: /mnt/data/work/c5/4edf88cde3f7a845176ba25f4664ea]
~> TaskHandler[id: 47; name: NFCORE_RNASEQ:RNASEQ:QUANTIFY_PSEUDO_ALIGNMENT:TX2GENE (genome.filtered.gtf); status: NEW; exit: -; error: -; workDir: /mnt/data/work/f1/407ffbc3487e4cc77695b4b51d2186]
~> TaskHandler[id: 48; name: NFCORE_RNASEQ:RNASEQ:FASTQ_ALIGN_HISAT2:BAM_SORT_STATS_SAMTOOLS:SAMTOOLS_INDEX (GM12878_REP1); status: NEW; exit: -; error: -; workDir: /mnt/data/work/c1/0f6079cf355df45b21ed061a639c0f]
~> TaskHandler[id: 49; name: NFCORE_RNASEQ:RNASEQ:BAM_MARKDUPLICATES_PICARD:PICARD_MARKDUPLICATES (GM12878_REP1); status: NEW; exit: -; error: -; workDir: /mnt/data/work/6a/107f039d6d6207948f7ecf10d35f34]
~> TaskHandler[id: 51; name: NFCORE_RNASEQ:RNASEQ:FASTQ_ALIGN_HISAT2:BAM_SORT_STATS_SAMTOOLS:SAMTOOLS_INDEX (MCF7_REP2); status: NEW; exit: -; error: -; workDir: /mnt/data/work/d2/d7221092ae823191dfc726c0c59b36]
~> TaskHandler[id: 50; name: NFCORE_RNASEQ:RNASEQ:BAM_MARKDUPLICATES_PICARD:PICARD_MARKDUPLICATES (MCF7_REP2); status: NEW; exit: -; error: -; workDir: /mnt/data/work/91/d3f69e09a0d84f2aca3ef035c6a9e5]
Mar-20 20:15:34.558 [Task monitor] DEBUG n.processor.TaskPollingMonitor - !! executor local > tasks to be completed: 1 -- submitted tasks are shown below
~> TaskHandler[id: 41; name: NFCORE_RNASEQ:RNASEQ:FASTQ_ALIGN_HISAT2:BAM_SORT_STATS_SAMTOOLS:SAMTOOLS_SORT (GM12878_REP2); status: RUNNING; exit: -; error: -; workDir: /mnt/data/work/80/8d2f91adc2dcd3475b7730293633dc]
Mar-20 20:18:50.898 [Task submitter] DEBUG n.processor.TaskPollingMonitor - %% executor local > tasks in the submission queue: 10 -- tasks to be submitted are shown below
~> TaskHandler[id: 42; name: NFCORE_RNASEQ:RNASEQ:FASTQ_ALIGN_HISAT2:BAM_SORT_STATS_SAMTOOLS:SAMTOOLS_SORT (H1_REP1); status: NEW; exit: -; error: -; workDir: /mnt/data/work/1e/327f3bba079a64f3cf10413e54eb4a]
~> TaskHandler[id: 43; name: NFCORE_RNASEQ:RNASEQ:FASTQ_ALIGN_HISAT2:BAM_SORT_STATS_SAMTOOLS:SAMTOOLS_SORT (K562_REP1); status: NEW; exit: -; error: -; workDir: /mnt/data/work/db/3ad7b3f07b9fdd3807ccf7fb794496]
~> TaskHandler[id: 44; name: NFCORE_RNASEQ:RNASEQ:FASTQ_ALIGN_HISAT2:BAM_SORT_STATS_SAMTOOLS:SAMTOOLS_SORT (MCF7_REP1); status: NEW; exit: -; error: -; workDir: /mnt/data/work/c0/b7911a45cb9648e89843c06c1f477b]
~> TaskHandler[id: 45; name: NFCORE_RNASEQ:RNASEQ:FASTQ_ALIGN_HISAT2:BAM_SORT_STATS_SAMTOOLS:SAMTOOLS_SORT (H1_REP2); status: NEW; exit: -; error: -; workDir: /mnt/data/work/23/ee0cc6cb3f11b4cba352a1e7beeda7]
~> TaskHandler[id: 46; name: NFCORE_RNASEQ:RNASEQ:FASTQ_ALIGN_HISAT2:BAM_SORT_STATS_SAMTOOLS:SAMTOOLS_SORT (K562_REP2); status: NEW; exit: -; error: -; workDir: /mnt/data/work/c5/4edf88cde3f7a845176ba25f4664ea]
~> TaskHandler[id: 47; name: NFCORE_RNASEQ:RNASEQ:QUANTIFY_PSEUDO_ALIGNMENT:TX2GENE (genome.filtered.gtf); status: NEW; exit: -; error: -; workDir: /mnt/data/work/f1/407ffbc3487e4cc77695b4b51d2186]
~> TaskHandler[id: 48; name: NFCORE_RNASEQ:RNASEQ:FASTQ_ALIGN_HISAT2:BAM_SORT_STATS_SAMTOOLS:SAMTOOLS_INDEX (GM12878_REP1); status: NEW; exit: -; error: -; workDir: /mnt/data/work/c1/0f6079cf355df45b21ed061a639c0f]
~> TaskHandler[id: 49; name: NFCORE_RNASEQ:RNASEQ:BAM_MARKDUPLICATES_PICARD:PICARD_MARKDUPLICATES (GM12878_REP1); status: NEW; exit: -; error: -; workDir: /mnt/data/work/6a/107f039d6d6207948f7ecf10d35f34]
~> TaskHandler[id: 51; name: NFCORE_RNASEQ:RNASEQ:FASTQ_ALIGN_HISAT2:BAM_SORT_STATS_SAMTOOLS:SAMTOOLS_INDEX (MCF7_REP2); status: NEW; exit: -; error: -; workDir: /mnt/data/work/d2/d7221092ae823191dfc726c0c59b36]
~> TaskHandler[id: 50; name: NFCORE_RNASEQ:RNASEQ:BAM_MARKDUPLICATES_PICARD:PICARD_MARKDUPLICATES (MCF7_REP2); status: NEW; exit: -; error: -; workDir: /mnt/data/work/91/d3f69e09a0d84f2aca3ef035c6a9e5]
Mar-20 20:19:17.887 [Task monitor] DEBUG n.processor.TaskPollingMonitor - Task completed > TaskHandler[id: 41; name: NFCORE_RNASEQ:RNASEQ:FASTQ_ALIGN_HISAT2:BAM_SORT_STATS_SAMTOOLS:SAMTOOLS_SORT (GM12878_REP2); status: COMPLETED; exit: 0; error: -; workDir: /mnt/data/work/80/8d2f91adc2dcd3475b7730293633dc]
Mar-20 20:19:17.892 [TaskFinalizer-1] DEBUG nextflow.processor.TaskProcessor - Process NFCORE_RNASEQ:RNASEQ:FASTQ_ALIGN_HISAT2:BAM_SORT_STATS_SAMTOOLS:SAMTOOLS_SORT > Skipping output binding because one or more optional files are missing: fileoutparam<1:1>
Mar-20 20:19:17.894 [Task submitter] DEBUG n.executor.local.LocalTaskHandler - Launch cmd line: /bin/bash -ue .command.run
Mar-20 20:19:17.895 [Task submitter] INFO  nextflow.Session - [1e/327f3b] Submitted process > NFCORE_RNASEQ:RNASEQ:FASTQ_ALIGN_HISAT2:BAM_SORT_STATS_SAMTOOLS:SAMTOOLS_SORT (H1_REP1)
Mar-20 20:20:34.590 [Task monitor] DEBUG n.processor.TaskPollingMonitor - !! executor local > tasks to be completed: 1 -- submitted tasks are shown below
~> TaskHandler[id: 42; name: NFCORE_RNASEQ:RNASEQ:FASTQ_ALIGN_HISAT2:BAM_SORT_STATS_SAMTOOLS:SAMTOOLS_SORT (H1_REP1); status: RUNNING; exit: -; error: -; workDir: /mnt/data/work/1e/327f3bba079a64f3cf10413e54eb4a]
Mar-20 20:23:50.958 [Task submitter] DEBUG n.processor.TaskPollingMonitor - %% executor local > tasks in the submission queue: 11 -- tasks to be submitted are shown below
~> TaskHandler[id: 43; name: NFCORE_RNASEQ:RNASEQ:FASTQ_ALIGN_HISAT2:BAM_SORT_STATS_SAMTOOLS:SAMTOOLS_SORT (K562_REP1); status: NEW; exit: -; error: -; workDir: /mnt/data/work/db/3ad7b3f07b9fdd3807ccf7fb794496]
~> TaskHandler[id: 44; name: NFCORE_RNASEQ:RNASEQ:FASTQ_ALIGN_HISAT2:BAM_SORT_STATS_SAMTOOLS:SAMTOOLS_SORT (MCF7_REP1); status: NEW; exit: -; error: -; workDir: /mnt/data/work/c0/b7911a45cb9648e89843c06c1f477b]
~> TaskHandler[id: 45; name: NFCORE_RNASEQ:RNASEQ:FASTQ_ALIGN_HISAT2:BAM_SORT_STATS_SAMTOOLS:SAMTOOLS_SORT (H1_REP2); status: NEW; exit: -; error: -; workDir: /mnt/data/work/23/ee0cc6cb3f11b4cba352a1e7beeda7]
~> TaskHandler[id: 46; name: NFCORE_RNASEQ:RNASEQ:FASTQ_ALIGN_HISAT2:BAM_SORT_STATS_SAMTOOLS:SAMTOOLS_SORT (K562_REP2); status: NEW; exit: -; error: -; workDir: /mnt/data/work/c5/4edf88cde3f7a845176ba25f4664ea]
~> TaskHandler[id: 47; name: NFCORE_RNASEQ:RNASEQ:QUANTIFY_PSEUDO_ALIGNMENT:TX2GENE (genome.filtered.gtf); status: NEW; exit: -; error: -; workDir: /mnt/data/work/f1/407ffbc3487e4cc77695b4b51d2186]
~> TaskHandler[id: 48; name: NFCORE_RNASEQ:RNASEQ:FASTQ_ALIGN_HISAT2:BAM_SORT_STATS_SAMTOOLS:SAMTOOLS_INDEX (GM12878_REP1); status: NEW; exit: -; error: -; workDir: /mnt/data/work/c1/0f6079cf355df45b21ed061a639c0f]
~> TaskHandler[id: 49; name: NFCORE_RNASEQ:RNASEQ:BAM_MARKDUPLICATES_PICARD:PICARD_MARKDUPLICATES (GM12878_REP1); status: NEW; exit: -; error: -; workDir: /mnt/data/work/6a/107f039d6d6207948f7ecf10d35f34]
~> TaskHandler[id: 51; name: NFCORE_RNASEQ:RNASEQ:FASTQ_ALIGN_HISAT2:BAM_SORT_STATS_SAMTOOLS:SAMTOOLS_INDEX (MCF7_REP2); status: NEW; exit: -; error: -; workDir: /mnt/data/work/d2/d7221092ae823191dfc726c0c59b36]
~> TaskHandler[id: 50; name: NFCORE_RNASEQ:RNASEQ:BAM_MARKDUPLICATES_PICARD:PICARD_MARKDUPLICATES (MCF7_REP2); status: NEW; exit: -; error: -; workDir: /mnt/data/work/91/d3f69e09a0d84f2aca3ef035c6a9e5]
~> TaskHandler[id: 53; name: NFCORE_RNASEQ:RNASEQ:FASTQ_ALIGN_HISAT2:BAM_SORT_STATS_SAMTOOLS:SAMTOOLS_INDEX (GM12878_REP2); status: NEW; exit: -; error: -; workDir: /mnt/data/work/c6/e839c01ad754d45e9e14a15a0e8716]
Mar-20 20:25:34.684 [Task monitor] DEBUG n.processor.TaskPollingMonitor - !! executor local > tasks to be completed: 1 -- submitted tasks are shown below
~> TaskHandler[id: 42; name: NFCORE_RNASEQ:RNASEQ:FASTQ_ALIGN_HISAT2:BAM_SORT_STATS_SAMTOOLS:SAMTOOLS_SORT (H1_REP1); status: RUNNING; exit: -; error: -; workDir: /mnt/data/work/1e/327f3bba079a64f3cf10413e54eb4a]
Mar-20 20:27:06.733 [Task monitor] DEBUG n.processor.TaskPollingMonitor - Task completed > TaskHandler[id: 42; name: NFCORE_RNASEQ:RNASEQ:FASTQ_ALIGN_HISAT2:BAM_SORT_STATS_SAMTOOLS:SAMTOOLS_SORT (H1_REP1); status: COMPLETED; exit: 0; error: -; workDir: /mnt/data/work/1e/327f3bba079a64f3cf10413e54eb4a]
Mar-20 20:27:06.738 [TaskFinalizer-2] DEBUG nextflow.processor.TaskProcessor - Process NFCORE_RNASEQ:RNASEQ:FASTQ_ALIGN_HISAT2:BAM_SORT_STATS_SAMTOOLS:SAMTOOLS_SORT > Skipping output binding because one or more optional files are missing: fileoutparam<1:1>
Mar-20 20:27:06.739 [Task submitter] DEBUG n.executor.local.LocalTaskHandler - Launch cmd line: /bin/bash -ue .command.run
Mar-20 20:27:06.739 [Task submitter] INFO  nextflow.Session - [db/3ad7b3] Submitted process > NFCORE_RNASEQ:RNASEQ:FASTQ_ALIGN_HISAT2:BAM_SORT_STATS_SAMTOOLS:SAMTOOLS_SORT (K562_REP1)
Mar-20 20:28:51.763 [Task submitter] DEBUG n.processor.TaskPollingMonitor - %% executor local > tasks in the submission queue: 12 -- tasks to be submitted are shown below
~> TaskHandler[id: 44; name: NFCORE_RNASEQ:RNASEQ:FASTQ_ALIGN_HISAT2:BAM_SORT_STATS_SAMTOOLS:SAMTOOLS_SORT (MCF7_REP1); status: NEW; exit: -; error: -; workDir: /mnt/data/work/c0/b7911a45cb9648e89843c06c1f477b]
~> TaskHandler[id: 45; name: NFCORE_RNASEQ:RNASEQ:FASTQ_ALIGN_HISAT2:BAM_SORT_STATS_SAMTOOLS:SAMTOOLS_SORT (H1_REP2); status: NEW; exit: -; error: -; workDir: /mnt/data/work/23/ee0cc6cb3f11b4cba352a1e7beeda7]
~> TaskHandler[id: 46; name: NFCORE_RNASEQ:RNASEQ:FASTQ_ALIGN_HISAT2:BAM_SORT_STATS_SAMTOOLS:SAMTOOLS_SORT (K562_REP2); status: NEW; exit: -; error: -; workDir: /mnt/data/work/c5/4edf88cde3f7a845176ba25f4664ea]
~> TaskHandler[id: 47; name: NFCORE_RNASEQ:RNASEQ:QUANTIFY_PSEUDO_ALIGNMENT:TX2GENE (genome.filtered.gtf); status: NEW; exit: -; error: -; workDir: /mnt/data/work/f1/407ffbc3487e4cc77695b4b51d2186]
~> TaskHandler[id: 48; name: NFCORE_RNASEQ:RNASEQ:FASTQ_ALIGN_HISAT2:BAM_SORT_STATS_SAMTOOLS:SAMTOOLS_INDEX (GM12878_REP1); status: NEW; exit: -; error: -; workDir: /mnt/data/work/c1/0f6079cf355df45b21ed061a639c0f]
~> TaskHandler[id: 49; name: NFCORE_RNASEQ:RNASEQ:BAM_MARKDUPLICATES_PICARD:PICARD_MARKDUPLICATES (GM12878_REP1); status: NEW; exit: -; error: -; workDir: /mnt/data/work/6a/107f039d6d6207948f7ecf10d35f34]
~> TaskHandler[id: 51; name: NFCORE_RNASEQ:RNASEQ:FASTQ_ALIGN_HISAT2:BAM_SORT_STATS_SAMTOOLS:SAMTOOLS_INDEX (MCF7_REP2); status: NEW; exit: -; error: -; workDir: /mnt/data/work/d2/d7221092ae823191dfc726c0c59b36]
~> TaskHandler[id: 50; name: NFCORE_RNASEQ:RNASEQ:BAM_MARKDUPLICATES_PICARD:PICARD_MARKDUPLICATES (MCF7_REP2); status: NEW; exit: -; error: -; workDir: /mnt/data/work/91/d3f69e09a0d84f2aca3ef035c6a9e5]
~> TaskHandler[id: 53; name: NFCORE_RNASEQ:RNASEQ:FASTQ_ALIGN_HISAT2:BAM_SORT_STATS_SAMTOOLS:SAMTOOLS_INDEX (GM12878_REP2); status: NEW; exit: -; error: -; workDir: /mnt/data/work/c6/e839c01ad754d45e9e14a15a0e8716]
~> TaskHandler[id: 52; name: NFCORE_RNASEQ:RNASEQ:BAM_MARKDUPLICATES_PICARD:PICARD_MARKDUPLICATES (GM12878_REP2); status: NEW; exit: -; error: -; workDir: /mnt/data/work/8e/1047e612eb76178b1ebd7949421ff1]
.. remaining tasks omitted.
Mar-20 20:30:34.706 [Task monitor] DEBUG n.processor.TaskPollingMonitor - !! executor local > tasks to be completed: 1 -- submitted tasks are shown below
~> TaskHandler[id: 43; name: NFCORE_RNASEQ:RNASEQ:FASTQ_ALIGN_HISAT2:BAM_SORT_STATS_SAMTOOLS:SAMTOOLS_SORT (K562_REP1); status: RUNNING; exit: -; error: -; workDir: /mnt/data/work/db/3ad7b3f07b9fdd3807ccf7fb794496]
Mar-20 20:33:18.263 [Task monitor] DEBUG n.processor.TaskPollingMonitor - Task completed > TaskHandler[id: 43; name: NFCORE_RNASEQ:RNASEQ:FASTQ_ALIGN_HISAT2:BAM_SORT_STATS_SAMTOOLS:SAMTOOLS_SORT (K562_REP1); status: COMPLETED; exit: 0; error: -; workDir: /mnt/data/work/db/3ad7b3f07b9fdd3807ccf7fb794496]
Mar-20 20:33:18.267 [TaskFinalizer-3] DEBUG nextflow.processor.TaskProcessor - Process NFCORE_RNASEQ:RNASEQ:FASTQ_ALIGN_HISAT2:BAM_SORT_STATS_SAMTOOLS:SAMTOOLS_SORT > Skipping output binding because one or more optional files are missing: fileoutparam<1:1>
Mar-20 20:33:18.276 [Task submitter] DEBUG n.executor.local.LocalTaskHandler - Launch cmd line: /bin/bash -ue .command.run
Mar-20 20:33:18.276 [Task submitter] INFO  nextflow.Session - [c0/b7911a] Submitted process > NFCORE_RNASEQ:RNASEQ:FASTQ_ALIGN_HISAT2:BAM_SORT_STATS_SAMTOOLS:SAMTOOLS_SORT (MCF7_REP1)
Mar-20 20:33:52.285 [Task submitter] DEBUG n.processor.TaskPollingMonitor - %% executor local > tasks in the submission queue: 13 -- tasks to be submitted are shown below
~> TaskHandler[id: 45; name: NFCORE_RNASEQ:RNASEQ:FASTQ_ALIGN_HISAT2:BAM_SORT_STATS_SAMTOOLS:SAMTOOLS_SORT (H1_REP2); status: NEW; exit: -; error: -; workDir: /mnt/data/work/23/ee0cc6cb3f11b4cba352a1e7beeda7]
~> TaskHandler[id: 46; name: NFCORE_RNASEQ:RNASEQ:FASTQ_ALIGN_HISAT2:BAM_SORT_STATS_SAMTOOLS:SAMTOOLS_SORT (K562_REP2); status: NEW; exit: -; error: -; workDir: /mnt/data/work/c5/4edf88cde3f7a845176ba25f4664ea]
~> TaskHandler[id: 47; name: NFCORE_RNASEQ:RNASEQ:QUANTIFY_PSEUDO_ALIGNMENT:TX2GENE (genome.filtered.gtf); status: NEW; exit: -; error: -; workDir: /mnt/data/work/f1/407ffbc3487e4cc77695b4b51d2186]
~> TaskHandler[id: 48; name: NFCORE_RNASEQ:RNASEQ:FASTQ_ALIGN_HISAT2:BAM_SORT_STATS_SAMTOOLS:SAMTOOLS_INDEX (GM12878_REP1); status: NEW; exit: -; error: -; workDir: /mnt/data/work/c1/0f6079cf355df45b21ed061a639c0f]
~> TaskHandler[id: 49; name: NFCORE_RNASEQ:RNASEQ:BAM_MARKDUPLICATES_PICARD:PICARD_MARKDUPLICATES (GM12878_REP1); status: NEW; exit: -; error: -; workDir: /mnt/data/work/6a/107f039d6d6207948f7ecf10d35f34]
~> TaskHandler[id: 51; name: NFCORE_RNASEQ:RNASEQ:FASTQ_ALIGN_HISAT2:BAM_SORT_STATS_SAMTOOLS:SAMTOOLS_INDEX (MCF7_REP2); status: NEW; exit: -; error: -; workDir: /mnt/data/work/d2/d7221092ae823191dfc726c0c59b36]
~> TaskHandler[id: 50; name: NFCORE_RNASEQ:RNASEQ:BAM_MARKDUPLICATES_PICARD:PICARD_MARKDUPLICATES (MCF7_REP2); status: NEW; exit: -; error: -; workDir: /mnt/data/work/91/d3f69e09a0d84f2aca3ef035c6a9e5]
~> TaskHandler[id: 53; name: NFCORE_RNASEQ:RNASEQ:FASTQ_ALIGN_HISAT2:BAM_SORT_STATS_SAMTOOLS:SAMTOOLS_INDEX (GM12878_REP2); status: NEW; exit: -; error: -; workDir: /mnt/data/work/c6/e839c01ad754d45e9e14a15a0e8716]
~> TaskHandler[id: 52; name: NFCORE_RNASEQ:RNASEQ:BAM_MARKDUPLICATES_PICARD:PICARD_MARKDUPLICATES (GM12878_REP2); status: NEW; exit: -; error: -; workDir: /mnt/data/work/8e/1047e612eb76178b1ebd7949421ff1]
~> TaskHandler[id: 54; name: NFCORE_RNASEQ:RNASEQ:FASTQ_ALIGN_HISAT2:BAM_SORT_STATS_SAMTOOLS:SAMTOOLS_INDEX (H1_REP1); status: NEW; exit: -; error: -; workDir: /mnt/data/work/a8/f74ab3131ad2a3fb5dc736c9421328]
.. remaining tasks omitted.
Mar-20 20:35:34.754 [Task monitor] DEBUG n.processor.TaskPollingMonitor - !! executor local > tasks to be completed: 1 -- submitted tasks are shown below
~> TaskHandler[id: 44; name: NFCORE_RNASEQ:RNASEQ:FASTQ_ALIGN_HISAT2:BAM_SORT_STATS_SAMTOOLS:SAMTOOLS_SORT (MCF7_REP1); status: RUNNING; exit: -; error: -; workDir: /mnt/data/work/c0/b7911a45cb9648e89843c06c1f477b]
Mar-20 20:38:52.356 [Task submitter] DEBUG n.processor.TaskPollingMonitor - %% executor local > tasks in the submission queue: 13 -- tasks to be submitted are shown below
~> TaskHandler[id: 45; name: NFCORE_RNASEQ:RNASEQ:FASTQ_ALIGN_HISAT2:BAM_SORT_STATS_SAMTOOLS:SAMTOOLS_SORT (H1_REP2); status: NEW; exit: -; error: -; workDir: /mnt/data/work/23/ee0cc6cb3f11b4cba352a1e7beeda7]
~> TaskHandler[id: 46; name: NFCORE_RNASEQ:RNASEQ:FASTQ_ALIGN_HISAT2:BAM_SORT_STATS_SAMTOOLS:SAMTOOLS_SORT (K562_REP2); status: NEW; exit: -; error: -; workDir: /mnt/data/work/c5/4edf88cde3f7a845176ba25f4664ea]
~> TaskHandler[id: 47; name: NFCORE_RNASEQ:RNASEQ:QUANTIFY_PSEUDO_ALIGNMENT:TX2GENE (genome.filtered.gtf); status: NEW; exit: -; error: -; workDir: /mnt/data/work/f1/407ffbc3487e4cc77695b4b51d2186]
~> TaskHandler[id: 48; name: NFCORE_RNASEQ:RNASEQ:FASTQ_ALIGN_HISAT2:BAM_SORT_STATS_SAMTOOLS:SAMTOOLS_INDEX (GM12878_REP1); status: NEW; exit: -; error: -; workDir: /mnt/data/work/c1/0f6079cf355df45b21ed061a639c0f]
~> TaskHandler[id: 49; name: NFCORE_RNASEQ:RNASEQ:BAM_MARKDUPLICATES_PICARD:PICARD_MARKDUPLICATES (GM12878_REP1); status: NEW; exit: -; error: -; workDir: /mnt/data/work/6a/107f039d6d6207948f7ecf10d35f34]
~> TaskHandler[id: 51; name: NFCORE_RNASEQ:RNASEQ:FASTQ_ALIGN_HISAT2:BAM_SORT_STATS_SAMTOOLS:SAMTOOLS_INDEX (MCF7_REP2); status: NEW; exit: -; error: -; workDir: /mnt/data/work/d2/d7221092ae823191dfc726c0c59b36]
~> TaskHandler[id: 50; name: NFCORE_RNASEQ:RNASEQ:BAM_MARKDUPLICATES_PICARD:PICARD_MARKDUPLICATES (MCF7_REP2); status: NEW; exit: -; error: -; workDir: /mnt/data/work/91/d3f69e09a0d84f2aca3ef035c6a9e5]
~> TaskHandler[id: 53; name: NFCORE_RNASEQ:RNASEQ:FASTQ_ALIGN_HISAT2:BAM_SORT_STATS_SAMTOOLS:SAMTOOLS_INDEX (GM12878_REP2); status: NEW; exit: -; error: -; workDir: /mnt/data/work/c6/e839c01ad754d45e9e14a15a0e8716]
~> TaskHandler[id: 52; name: NFCORE_RNASEQ:RNASEQ:BAM_MARKDUPLICATES_PICARD:PICARD_MARKDUPLICATES (GM12878_REP2); status: NEW; exit: -; error: -; workDir: /mnt/data/work/8e/1047e612eb76178b1ebd7949421ff1]
~> TaskHandler[id: 54; name: NFCORE_RNASEQ:RNASEQ:FASTQ_ALIGN_HISAT2:BAM_SORT_STATS_SAMTOOLS:SAMTOOLS_INDEX (H1_REP1); status: NEW; exit: -; error: -; workDir: /mnt/data/work/a8/f74ab3131ad2a3fb5dc736c9421328]
.. remaining tasks omitted.
Mar-20 20:40:34.760 [Task monitor] DEBUG n.processor.TaskPollingMonitor - !! executor local > tasks to be completed: 1 -- submitted tasks are shown below
~> TaskHandler[id: 44; name: NFCORE_RNASEQ:RNASEQ:FASTQ_ALIGN_HISAT2:BAM_SORT_STATS_SAMTOOLS:SAMTOOLS_SORT (MCF7_REP1); status: RUNNING; exit: -; error: -; workDir: /mnt/data/work/c0/b7911a45cb9648e89843c06c1f477b]
Mar-20 20:41:13.329 [Task monitor] DEBUG n.processor.TaskPollingMonitor - Task completed > TaskHandler[id: 44; name: NFCORE_RNASEQ:RNASEQ:FASTQ_ALIGN_HISAT2:BAM_SORT_STATS_SAMTOOLS:SAMTOOLS_SORT (MCF7_REP1); status: COMPLETED; exit: 0; error: -; workDir: /mnt/data/work/c0/b7911a45cb9648e89843c06c1f477b]
Mar-20 20:41:13.334 [TaskFinalizer-4] DEBUG nextflow.processor.TaskProcessor - Process NFCORE_RNASEQ:RNASEQ:FASTQ_ALIGN_HISAT2:BAM_SORT_STATS_SAMTOOLS:SAMTOOLS_SORT > Skipping output binding because one or more optional files are missing: fileoutparam<1:1>
Mar-20 20:41:13.335 [Task submitter] DEBUG n.executor.local.LocalTaskHandler - Launch cmd line: /bin/bash -ue .command.run
Mar-20 20:41:13.335 [Task submitter] INFO  nextflow.Session - [23/ee0cc6] Submitted process > NFCORE_RNASEQ:RNASEQ:FASTQ_ALIGN_HISAT2:BAM_SORT_STATS_SAMTOOLS:SAMTOOLS_SORT (H1_REP2)
Mar-20 20:43:52.370 [Task submitter] DEBUG n.processor.TaskPollingMonitor - %% executor local > tasks in the submission queue: 14 -- tasks to be submitted are shown below
~> TaskHandler[id: 46; name: NFCORE_RNASEQ:RNASEQ:FASTQ_ALIGN_HISAT2:BAM_SORT_STATS_SAMTOOLS:SAMTOOLS_SORT (K562_REP2); status: NEW; exit: -; error: -; workDir: /mnt/data/work/c5/4edf88cde3f7a845176ba25f4664ea]
~> TaskHandler[id: 47; name: NFCORE_RNASEQ:RNASEQ:QUANTIFY_PSEUDO_ALIGNMENT:TX2GENE (genome.filtered.gtf); status: NEW; exit: -; error: -; workDir: /mnt/data/work/f1/407ffbc3487e4cc77695b4b51d2186]
~> TaskHandler[id: 48; name: NFCORE_RNASEQ:RNASEQ:FASTQ_ALIGN_HISAT2:BAM_SORT_STATS_SAMTOOLS:SAMTOOLS_INDEX (GM12878_REP1); status: NEW; exit: -; error: -; workDir: /mnt/data/work/c1/0f6079cf355df45b21ed061a639c0f]
~> TaskHandler[id: 49; name: NFCORE_RNASEQ:RNASEQ:BAM_MARKDUPLICATES_PICARD:PICARD_MARKDUPLICATES (GM12878_REP1); status: NEW; exit: -; error: -; workDir: /mnt/data/work/6a/107f039d6d6207948f7ecf10d35f34]
~> TaskHandler[id: 51; name: NFCORE_RNASEQ:RNASEQ:FASTQ_ALIGN_HISAT2:BAM_SORT_STATS_SAMTOOLS:SAMTOOLS_INDEX (MCF7_REP2); status: NEW; exit: -; error: -; workDir: /mnt/data/work/d2/d7221092ae823191dfc726c0c59b36]
~> TaskHandler[id: 50; name: NFCORE_RNASEQ:RNASEQ:BAM_MARKDUPLICATES_PICARD:PICARD_MARKDUPLICATES (MCF7_REP2); status: NEW; exit: -; error: -; workDir: /mnt/data/work/91/d3f69e09a0d84f2aca3ef035c6a9e5]
~> TaskHandler[id: 53; name: NFCORE_RNASEQ:RNASEQ:FASTQ_ALIGN_HISAT2:BAM_SORT_STATS_SAMTOOLS:SAMTOOLS_INDEX (GM12878_REP2); status: NEW; exit: -; error: -; workDir: /mnt/data/work/c6/e839c01ad754d45e9e14a15a0e8716]
~> TaskHandler[id: 52; name: NFCORE_RNASEQ:RNASEQ:BAM_MARKDUPLICATES_PICARD:PICARD_MARKDUPLICATES (GM12878_REP2); status: NEW; exit: -; error: -; workDir: /mnt/data/work/8e/1047e612eb76178b1ebd7949421ff1]
~> TaskHandler[id: 54; name: NFCORE_RNASEQ:RNASEQ:FASTQ_ALIGN_HISAT2:BAM_SORT_STATS_SAMTOOLS:SAMTOOLS_INDEX (H1_REP1); status: NEW; exit: -; error: -; workDir: /mnt/data/work/a8/f74ab3131ad2a3fb5dc736c9421328]
~> TaskHandler[id: 55; name: NFCORE_RNASEQ:RNASEQ:BAM_MARKDUPLICATES_PICARD:PICARD_MARKDUPLICATES (H1_REP1); status: NEW; exit: -; error: -; workDir: /mnt/data/work/c1/1c9c6cf2eae01605b32c6516e95774]
.. remaining tasks omitted.
Mar-20 20:45:34.797 [Task monitor] DEBUG n.processor.TaskPollingMonitor - !! executor local > tasks to be completed: 1 -- submitted tasks are shown below
~> TaskHandler[id: 45; name: NFCORE_RNASEQ:RNASEQ:FASTQ_ALIGN_HISAT2:BAM_SORT_STATS_SAMTOOLS:SAMTOOLS_SORT (H1_REP2); status: RUNNING; exit: -; error: -; workDir: /mnt/data/work/23/ee0cc6cb3f11b4cba352a1e7beeda7]
Mar-20 20:46:50.927 [Task monitor] DEBUG n.processor.TaskPollingMonitor - Task completed > TaskHandler[id: 45; name: NFCORE_RNASEQ:RNASEQ:FASTQ_ALIGN_HISAT2:BAM_SORT_STATS_SAMTOOLS:SAMTOOLS_SORT (H1_REP2); status: COMPLETED; exit: 1; error: -; workDir: /mnt/data/work/23/ee0cc6cb3f11b4cba352a1e7beeda7]
Mar-20 20:46:50.934 [Task submitter] DEBUG n.executor.local.LocalTaskHandler - Launch cmd line: /bin/bash -ue .command.run
Mar-20 20:46:50.934 [Task submitter] INFO  nextflow.Session - [c5/4edf88] Submitted process > NFCORE_RNASEQ:RNASEQ:FASTQ_ALIGN_HISAT2:BAM_SORT_STATS_SAMTOOLS:SAMTOOLS_SORT (K562_REP2)
Mar-20 20:46:50.938 [TaskFinalizer-5] DEBUG nextflow.processor.TaskProcessor - Handling unexpected condition for
  task: name=NFCORE_RNASEQ:RNASEQ:FASTQ_ALIGN_HISAT2:BAM_SORT_STATS_SAMTOOLS:SAMTOOLS_SORT (H1_REP2); work-dir=/mnt/data/work/23/ee0cc6cb3f11b4cba352a1e7beeda7
  error [nextflow.exception.ProcessFailedException]: Process `NFCORE_RNASEQ:RNASEQ:FASTQ_ALIGN_HISAT2:BAM_SORT_STATS_SAMTOOLS:SAMTOOLS_SORT (H1_REP2)` terminated with an error exit status (1)
Mar-20 20:46:50.968 [TaskFinalizer-5] ERROR nextflow.processor.TaskProcessor - Error executing process > 'NFCORE_RNASEQ:RNASEQ:FASTQ_ALIGN_HISAT2:BAM_SORT_STATS_SAMTOOLS:SAMTOOLS_SORT (H1_REP2)'

Caused by:
  Process `NFCORE_RNASEQ:RNASEQ:FASTQ_ALIGN_HISAT2:BAM_SORT_STATS_SAMTOOLS:SAMTOOLS_SORT (H1_REP2)` terminated with an error exit status (1)


Command executed:

  samtools sort \
       \
      -@ 6 \
      -o H1_REP2.sorted.bam \
      -T H1_REP2.sorted \
      H1_REP2.bam
  
  cat <<-END_VERSIONS > versions.yml
  "NFCORE_RNASEQ:RNASEQ:FASTQ_ALIGN_HISAT2:BAM_SORT_STATS_SAMTOOLS:SAMTOOLS_SORT":
      samtools: $(echo $(samtools --version 2>&1) | sed 's/^.*samtools //; s/Using.*$//')
  END_VERSIONS

Command exit status:
  1

Command output:
  (empty)

Command error:
  [bam_sort_core] merging from 10 files and 6 in-memory blocks...
  samtools sort: failed writing to "H1_REP2.sorted.bam": No such file or directory

Work dir:
  /mnt/data/work/23/ee0cc6cb3f11b4cba352a1e7beeda7

Container:
  quay.io/biocontainers/samtools:1.17--h00cdaf9_0

Tip: you can replicate the issue by changing to the process work dir and entering the command `bash .command.run`
Mar-20 20:46:50.972 [TaskFinalizer-5] INFO  nextflow.Session - Execution cancelled -- Finishing pending tasks before exit
Mar-20 20:46:50.976 [main] DEBUG nextflow.Session - Session await > all processes finished
Mar-20 20:46:50.980 [Actor Thread 42] DEBUG nextflow.file.SortFileCollector - FileCollector temp dir not removed: null
Mar-20 20:46:50.986 [Actor Thread 40] DEBUG nextflow.sort.BigSort - Sort completed -- entries: 11; slices: 1; internal sort time: 0.004 s; external sort time: 0.001 s; total time: 0.005 s
Mar-20 20:46:51.022 [Actor Thread 40] DEBUG nextflow.file.FileCollector - Saved collect-files list to: /mnt/data/work/collect-file/16dd4b7dff1790306a2107f38e79fea9
Mar-20 20:46:51.026 [Actor Thread 40] DEBUG nextflow.file.FileCollector - Deleting file collector temp dir: /mnt/data/tmp/nxf-509974137533748152
Mar-20 20:48:52.954 [Task submitter] DEBUG n.processor.TaskPollingMonitor - %% executor local > tasks in the submission queue: 13 -- tasks to be submitted are shown below
~> TaskHandler[id: 47; name: NFCORE_RNASEQ:RNASEQ:QUANTIFY_PSEUDO_ALIGNMENT:TX2GENE (genome.filtered.gtf); status: NEW; exit: -; error: -; workDir: /mnt/data/work/f1/407ffbc3487e4cc77695b4b51d2186]
~> TaskHandler[id: 48; name: NFCORE_RNASEQ:RNASEQ:FASTQ_ALIGN_HISAT2:BAM_SORT_STATS_SAMTOOLS:SAMTOOLS_INDEX (GM12878_REP1); status: NEW; exit: -; error: -; workDir: /mnt/data/work/c1/0f6079cf355df45b21ed061a639c0f]
~> TaskHandler[id: 49; name: NFCORE_RNASEQ:RNASEQ:BAM_MARKDUPLICATES_PICARD:PICARD_MARKDUPLICATES (GM12878_REP1); status: NEW; exit: -; error: -; workDir: /mnt/data/work/6a/107f039d6d6207948f7ecf10d35f34]
~> TaskHandler[id: 51; name: NFCORE_RNASEQ:RNASEQ:FASTQ_ALIGN_HISAT2:BAM_SORT_STATS_SAMTOOLS:SAMTOOLS_INDEX (MCF7_REP2); status: NEW; exit: -; error: -; workDir: /mnt/data/work/d2/d7221092ae823191dfc726c0c59b36]
~> TaskHandler[id: 50; name: NFCORE_RNASEQ:RNASEQ:BAM_MARKDUPLICATES_PICARD:PICARD_MARKDUPLICATES (MCF7_REP2); status: NEW; exit: -; error: -; workDir: /mnt/data/work/91/d3f69e09a0d84f2aca3ef035c6a9e5]
~> TaskHandler[id: 53; name: NFCORE_RNASEQ:RNASEQ:FASTQ_ALIGN_HISAT2:BAM_SORT_STATS_SAMTOOLS:SAMTOOLS_INDEX (GM12878_REP2); status: NEW; exit: -; error: -; workDir: /mnt/data/work/c6/e839c01ad754d45e9e14a15a0e8716]
~> TaskHandler[id: 52; name: NFCORE_RNASEQ:RNASEQ:BAM_MARKDUPLICATES_PICARD:PICARD_MARKDUPLICATES (GM12878_REP2); status: NEW; exit: -; error: -; workDir: /mnt/data/work/8e/1047e612eb76178b1ebd7949421ff1]
~> TaskHandler[id: 54; name: NFCORE_RNASEQ:RNASEQ:FASTQ_ALIGN_HISAT2:BAM_SORT_STATS_SAMTOOLS:SAMTOOLS_INDEX (H1_REP1); status: NEW; exit: -; error: -; workDir: /mnt/data/work/a8/f74ab3131ad2a3fb5dc736c9421328]
~> TaskHandler[id: 55; name: NFCORE_RNASEQ:RNASEQ:BAM_MARKDUPLICATES_PICARD:PICARD_MARKDUPLICATES (H1_REP1); status: NEW; exit: -; error: -; workDir: /mnt/data/work/c1/1c9c6cf2eae01605b32c6516e95774]
~> TaskHandler[id: 56; name: NFCORE_RNASEQ:RNASEQ:FASTQ_ALIGN_HISAT2:BAM_SORT_STATS_SAMTOOLS:SAMTOOLS_INDEX (K562_REP1); status: NEW; exit: -; error: -; workDir: /mnt/data/work/44/5d2db99c86eb559ccad0e02fa1ed0f]
.. remaining tasks omitted.
Mar-20 20:49:56.025 [Task monitor] DEBUG n.processor.TaskPollingMonitor - Task completed > TaskHandler[id: 46; name: NFCORE_RNASEQ:RNASEQ:FASTQ_ALIGN_HISAT2:BAM_SORT_STATS_SAMTOOLS:SAMTOOLS_SORT (K562_REP2); status: COMPLETED; exit: 1; error: -; workDir: /mnt/data/work/c5/4edf88cde3f7a845176ba25f4664ea]
Mar-20 20:49:56.027 [Task monitor] DEBUG n.processor.TaskPollingMonitor - <<< barrier arrives (monitor: local) - terminating tasks monitor poll loop
Mar-20 20:49:56.027 [main] DEBUG nextflow.Session - Session await > all barriers passed
Mar-20 20:49:56.027 [TaskFinalizer-6] DEBUG nextflow.processor.TaskProcessor - Handling unexpected condition for
  task: name=NFCORE_RNASEQ:RNASEQ:FASTQ_ALIGN_HISAT2:BAM_SORT_STATS_SAMTOOLS:SAMTOOLS_SORT (K562_REP2); work-dir=/mnt/data/work/c5/4edf88cde3f7a845176ba25f4664ea
  error [nextflow.exception.ProcessFailedException]: Process `NFCORE_RNASEQ:RNASEQ:FASTQ_ALIGN_HISAT2:BAM_SORT_STATS_SAMTOOLS:SAMTOOLS_SORT (K562_REP2)` terminated with an error exit status (1)
Mar-20 20:49:56.033 [main] DEBUG nextflow.util.ThreadPoolManager - Thread pool 'TaskFinalizer' shutdown completed (hard=false)
Mar-20 20:49:56.034 [main] DEBUG nextflow.util.ThreadPoolManager - Thread pool 'PublishDir' shutdown completed (hard=false)
Mar-20 20:49:56.083 [main] INFO  nextflow.Nextflow - -[0;35m[nf-core/rnaseq][0;31m Pipeline completed with errors[0m-
Mar-20 20:49:56.090 [main] DEBUG n.trace.WorkflowStatsObserver - Workflow completed > WorkflowStats[succeededCount=44; failedCount=2; ignoredCount=0; cachedCount=0; pendingCount=13; submittedCount=0; runningCount=0; retriesCount=0; abortedCount=0; succeedDuration=4d 20h 20m 43s; failedDuration=52m 15s; cachedDuration=0ms;loadCpus=0; loadMemory=0; peakRunning=1; peakCpus=8; peakMemory=30 GB; ]
Mar-20 20:49:56.376 [main] DEBUG nextflow.trace.ReportObserver - Workflow completed -- rendering execution report
Mar-20 20:49:56.859 [main] DEBUG nextflow.trace.TimelineObserver - Workflow completed -- rendering execution timeline
Mar-20 20:49:56.904 [main] DEBUG nextflow.trace.TraceFileObserver - Workflow completed -- saving trace file
Mar-20 20:49:56.907 [main] DEBUG nextflow.cache.CacheDB - Closing CacheDB done
Mar-20 20:49:56.933 [main] INFO  org.pf4j.AbstractPluginManager - Stop plugin 'nf-amazon@3.4.4'
Mar-20 20:49:56.933 [main] DEBUG nextflow.plugin.BasePlugin - Plugin stopped nf-amazon
Mar-20 20:49:56.933 [main] INFO  org.pf4j.AbstractPluginManager - Stop plugin 'nf-validation@1.1.3'
Mar-20 20:49:56.933 [main] DEBUG nextflow.plugin.BasePlugin - Plugin stopped nf-validation
Mar-20 20:49:56.935 [main] DEBUG nextflow.util.ThreadPoolManager - Thread pool 'FileTransfer' shutdown completed (hard=false)
Mar-20 20:49:56.936 [main] DEBUG nextflow.util.ThreadPoolManager - Thread pool 'S3TransferManager' shutdown completed (hard=false)
Mar-20 20:49:56.936 [main] DEBUG nextflow.script.ScriptRunner - > Execution complete -- Goodbye
